slug	rank	id	frozen	link_form	asin	amazon_url	card_name	brand	maker_model	card_price	static_flags	amazon_title	amazon_price	amazon_stock	verdict	price_gap	seller_type	checked_at	judged_task	note
air-frame-tent	1	coleman-touring-air	0	amazonAsin	B0BHHBZTN8	https://www.amazon.co.jp/dp/B0BHHBZTN8	Coleman(コールマン) ツーリングドームエアー DARKROOM ST+(1~2人用)	Coleman		23600	OK	コールマン(Coleman) テント ツーリングドームエアー DARKROOM サイズ ST+(1~2人用)/LX+(2~3人用)	21998	in_stock(cart) 在庫あり。 {"isInternal":false,"showInsightsH	model_mismatch	-7%	marketplace	2026-09-21T21:53:57Z	campkit-20260921-36	B0BHHBZTN8 は LX+(2~3人用) 変種（型番2000039085・¥21,998）。カード/見出し/まとめ表は ST+(1~2人用)・¥23,600。ST+ は同ページの B0BHHK24KM（未照合）
air-frame-tent	2	snowpeak-minit-proair	0	amazonAsin	B084C9J51D	https://www.amazon.co.jp/dp/B084C9J51D	スノーピーク(snow peak) ミニッツドーム Pro.air 1	スノーピーク		68000	OK	スノーピーク(snow peak) ミニッツドーム Pro.air 1	8999	in_stock(cart) 残り18点 ご注文はお早めに 在庫状況 について	different_product	-87%	marketplace	2026-09-21T21:54:01Z	campkit-20260921-36	B084C9J51D は ミニッツドーム Pro.air 1 の「グランドシート」（SSD-712-1・220g・¥8,999・商品種別=テント用グランドシート）。カードはテント本体（¥68,000）。本体は同ページの B084CDH72M「本体【1~2名】」（未照合）
air-frame-tent	3	tomount-air-8	0	amazonAsin	B0FD3FRJG4	https://www.amazon.co.jp/dp/B0FD3FRJG4	TOMOUNT エアーテント 8㎡ インフレータブル ロッジ型 3~5人用	TOMOUNT		74499	OK	TOMOUNT エアーテント 8㎡ インフレータブル ロッジ型 3~5人用 煙突穴付き ファミリー キャンプ 組立簡単 エアフレームテント アウトドア 防蚊虫 4シーズン 収納袋 空気入れ付き	74499	in_stock(cart) 残り3点 ご注文はお早めに 在庫状況 について	ok	0%	official	2026-09-21T21:53:26Z	campkit-20260921-36	タイトル「TOMOUNT エアーテント 8㎡ インフレータブル ロッジ型 3~5人用」・床320×320cm・TC素材変種・¥74,499=カード。Amazon ブランド欄は MC／型番 MC-AIR8-tc（カードに型番なし＝例外(4)）｜seller Travelcool Official Store・残り3点
air-frame-tent	4	snowpeak-falle-proair	0	amazonAsin	B01N1RE1QO	https://www.amazon.co.jp/dp/B01N1RE1QO	スノーピーク(snow peak) ファル Pro.air 3	スノーピーク		49998	OK	スノーピーク(snow peak) ファル Pro.air	66000	in_stock(cart) 残り3点（入荷予定あり） 在庫状況 について	model_mismatch	+32%	amazon	2026-09-21T21:54:05Z	campkit-20260921-36	B01N1RE1QO は ファル Pro.air 2人用 本体（SSD-702・¥66,000）。カード/見出し/まとめ表は Pro.air 3（3人用・SSD-703・¥49,998）。3人用本体は同ページの B01MRWIJAF（未照合）。台帳L84は「価格完全一致」としていたが現在の dp は不一致
air-frame-tent	5	coleman-tuffscreen-air	0	amazonAsin	B09W5262RF	https://www.amazon.co.jp/dp/B09W5262RF	Coleman(コールマン) タフスクリーン2ルームエアー DARKROOM LDX+	Coleman		87800	OK	コールマン(Coleman) テント タフスクリーン2ルームエアー DARKROOM サイズ LDX+/MDX+	71515	in_stock(cart) 在庫あり。 在庫状況 について	model_mismatch	-19%	amazon	2026-09-21T21:55:09Z	campkit-20260921-36	B09W5262RF は MDX+ 変種（型番2000039084・¥71,515）。カードは LDX+（¥87,800）。LDX+ は同ページの B09W4GR15S（未照合）
alcohol-stove	1	al-titanmania	0	amazonAsin	B0DPZH59QY	https://www.amazon.co.jp/dp/B0DPZH59QY	チタンマニア アルコールストーブ チタン製	チタンマニア		2480	OK	TITAN MANIA(チタンマニア) アルコールストーブ チタン製 シングルコンロ アルコールバーナー コンパクト 調理器具 アルスト Ver.2	2480	in_stock(cart) 残り5点 ご注文はお早めに 在庫状況 について	ok	0%	official	2026-09-21T21:55:13Z	campkit-20260921-36	TITAN MANIA チタン製 アルコールストーブ（単品変種・Ver.2）・¥2,480=カード。ブランド一致・型番欄は「1」で照合不能（例外(4)）
alcohol-stove	2	al-gaobabu	0	amazonAsin	B07C2NRWX8	https://www.amazon.co.jp/dp/B07C2NRWX8	ガオバブ Gaobabu アルコールバーナー	ガオバブ		2660	OK	ガオバブ Gaobabuアルコールバーナー 収納袋付き アルコール燃料用目盛り付き 収納袋付き 長時間燃焼 真鍮製 調理用 消火蓋付き アルコールストーブ スピリットバーナー	3250	in_stock(cart) 残り3点 ご注文はお早めに 在庫状況 について	ok	+22%	official	2026-09-21T21:55:17Z	campkit-20260921-36	Gaobabuショップ・真鍮製アルコールバーナー 収納袋付き・105g。型番欄なし（例外(4)）。¥3,250（カード¥2,660・+22%）
alcohol-stove	3	al-gotoku-set	0	none			アルコールストーブ 五徳セット シルバーゴールド（収納袋付き）	アルコールストーブ		1880	-									
alcohol-stove	4	al-bottle-set	0	none			アルコールストーブ バーナー（燃料ボトル付き）	アルコールストーブ		1390	-									
alcohol-stove	5	al-alocs	0	amazonAsin	B0BX8HLLKR	https://www.amazon.co.jp/dp/B0BX8HLLKR	ALOCS アロクス アルコールバーナー（ゴトク付き）	ALOCS		2020	OK	(アロクス) アルコールストーブ シングルバーナー CS-B02	1727	in_stock(cart) 通常3～4日以内に発送します。 在庫状況 について	unverifiable	-15%	reseller	2026-09-21T21:55:20Z	campkit-20260921-36	タイトル「(アロクス) アルコールストーブ シングルバーナー CS-B02」で型番は一致するが、ブランド欄 ARTIVITEE・詳細欄なし・seller 雑-貨-酒-店（転売型）で寸法/構成（ゴトク付き）を確認できない。¥1,727（カード¥2,020）
anker-power	1	anker-c1000	0	amazonUrl	B0FK9YH385	https://amzn.to/4uLKNnt	Anker Solix C1000 Gen 2 ポータブル電源 1024Wh 定格1550W 世界最小クラス 急速充電54分 リン酸鉄 長寿命10年 アプリ遠隔操作	Anker	C1000	129900	short_url,both_forms	Anker Solix C1000 Gen 2 Portable Power Station ダークグレー 世界最小クラス 世界最速の急速充電54分 大容量 ポータブル電源1024Wh 高出力AC 1550W 長寿命10年 静音設計 リン酸鉄 コンパクト パススルー アプリ操作簡単 キャンプ 防災 停電対策 車中泊 1000Wh容量帯 アンカー	129900	in_stock(cart) 在庫あり。 {"isInternal":false,"showInsightsH	ok	0%	official	2026-09-21T21:55:24Z	campkit-20260921-36	Anker Solix C1000 Gen 2 1024Wh 単品 ダークグレー・¥129,900=カード
anker-power	2	anker-c800	0	amazonUrl	B0CTYBTCH9	https://amzn.to/4gA56kl	Anker Solix C800 ポータブル電源 768Wh 定格1200W 世界最速充電58分 リン酸鉄 長寿命10年 パススルー アプリ遠隔操作	Anker	C800	104900	short_url,both_forms	Anker Solix C800 Plus Portable Power Station ポータブル電源768Wh 携帯型ライト搭載 58分満充電 高出力AC(定格1200W / 瞬間最大1600W, 5ポート) 長寿命10年 リン酸鉄 パススルー アプリ キャンプ アウトドア 防災(ブラック)	62980	in_stock(cart) 残り1点 ご注文はお早めに 在庫状況 について	model_mismatch	-40%	reseller	2026-09-21T21:55:28Z	campkit-20260921-36	B0CTYBTCH9 は「Solix C800 Plus」（A1754・携帯型ライト搭載・ブラック・¥62,980）。カード/見出し/本文は C800（ライトなし・¥104,900）。容量768Wh/定格1200W は同じだが別モデル
anker-power	3	anker-f1200	0	amazonUrl	B09B1Z4MM9	https://amzn.to/4oMCPcI	Anker Solix F1200 ポータブル電源 1229Wh 定格1500W 1.5H満充電 リン酸鉄 長寿命10年 純正弦波 アプリ遠隔操作	Anker	F1200	169900	short_url,both_forms	Anker 757 Portable Power Station (PowerHouse 1229Wh) Solix F1200 ポータブル電源 1.5時間 満充電 高出力AC(定格1500W / 瞬間最大2400W / SurgePad 1800W, 6ポート) 長寿命10年 リン酸鉄 パススルー機能 アプリ遠隔操作 防災安全協会推奨	169900	in_stock(cart) 在庫あり。 在庫状況 について	ok	0%	official	2026-09-21T21:55:32Z	campkit-20260921-36	Anker 757 (Solix F1200) 1229Wh・¥169,900=カード
anker-power	4	anker-c1000-solar	0	amazonUrl	B0F2HXR2ZS	https://amzn.to/4oG6Ri1	Anker Solix C1000 Gen 2 ＋ PS100 ソーラーパネル セット 1024Wh 世界最小クラス 急速充電54分 大容量 長寿命10年	Anker	C1000 PS100	159900	short_url,both_forms	【1024Whポータブル電源 & 100W Compactソーラーパネルセット】大容量 1024Wh Solix C1000 Gen 2 高出力AC	159900	in_stock(cart) 在庫あり。 {"isInternal":false,"showInsightsH	ok	0%	official	2026-09-21T21:55:36Z	campkit-20260921-36	C1000 Gen 2 ＋ 100W Compact ソーラーパネルセット変種（B1763）・¥159,900=カード・AnkerDirect
anker-power	5	anker-c1000-ps100	0	amazonUrl	B0DF2CH2PV	https://amzn.to/4w1urIv	Anker Solix C1000 ＋ PS100 Compact ソーラーパネル 100W セット 1056Wh AC充電58分 折りたたみ式 パススルー 長寿命	Anker	C1000 PS100	146900	short_url,both_forms									
attack-pack	1	karrimor-tatra20	0	amazonAsin	B0D6GC7CWT	https://www.amazon.co.jp/dp/B0D6GC7CWT	カリマー タトラ20 KARRIMOR tatra20 501212 20L ダークチャコール 腰ベルト付き ユニセックス	カリマー	TATRA20	14850	OK	[カリマー] tatra 20	12444	in_stock(cart) .availabilityMoreDetailsIcon	ok	-16%	amazon	2026-09-21T22:35:58Z	campkit-20260921-37	[カリマー] tatra 20・型番 501212・ダークチャコール変種（B0D6GC7CWT）・690g・20L。カード「501212 20L ダークチャコール」と一致。¥12,444（カード¥14,850・-16%）。auto が unverifiable だったのは 501212 が 6 桁で型番トークン（7 桁以上）に拾われないため
attack-pack	2	tnf-singleshot-20l	0	amazonAsin	B0B3JD9RGJ	https://www.amazon.co.jp/dp/B0B3JD9RGJ	ザ・ノース・フェイス シングルショット 20L ブラック NM72303 K ユニセックス	ザ・ノース・フェイス	NM72303	13800	OK	[ザノースフェイス] リュック Single Shot シングルショット NM72303 ユニセックス	12036	in_stock(cart) .availabilityMoreDetailsIcon	ok	-13%	amazon	2026-09-21T22:36:02Z	campkit-20260921-37	ザノースフェイス Single Shot NM72303・メーカー型番 NM72303 K・ブラック/単品変種。カード「ブラック NM72303 K」と一致。¥12,036（カード¥13,800・-13%）
attack-pack	3	osprey-daylite-plus	0	amazonAsin	B08LP1WWPT	https://www.amazon.co.jp/dp/B08LP1WWPT	オスプレー デイライトプラス OSPREY DAYLITE PLUS OS57176 20L ブラック	オスプレー	OS57176	12760	shared_asin	Osprey Daylite Plus ライフスタイルバックパック 20L	12760	in_stock(cart) .availabilityMoreDetailsIcon	ok	0%	marketplace	2026-09-21T22:36:06Z	campkit-20260921-37	Osprey Daylite Plus 20L ブラック（変種はブラックのみ）・Amazon 型番 10002925（米国品番）。カードの OS57176 は国内代理店品番＝例外(1)。¥12,760=カード。seller Outdoor Style サンデーマウンテン（アウトドア専門小売）
attack-pack	4	gregory-daypack-26l	0	none			グレゴリー デイパック DAY PACK 26L ブラック 12601 ユニセックス	グレゴリー		15299	-									
attack-pack	5	karrimor-cadet20	0	amazonAsin	B0FGNG35FC	https://www.amazon.co.jp/dp/B0FGNG35FC	カリマー カデット20 KARRIMOR cadet20 501213 20L レディース・ジュニア向け	カリマー	CADET20	8800	OK	[カリマー] cadet 20	8995	in_stock(cart) .availabilityMoreDetailsIcon	ok	+2%	amazon	2026-09-21T22:36:10Z	campkit-20260921-37	[カリマー] cadet 20・型番 501213・「Pale Khaki 2」変種・450g・20L。カードは色を名指ししないが、楽天側の着地 SKU も K03199pkh2/ペールカーキ2 で同色。¥8,995（カード¥8,800・+2%）
backpack-large	1	tousen-40-60l	0	none			tousen 登山リュック 40L ラークブルー 大容量 バックパック 防水 軽量 多機能 キャンプ用リュック	tousen		3852	-									
backpack-large	2	tousen-65l	0	none			tousen 登山リュック 65L グリーン 大容量 防災リュック バックパック 防水 軽量 多機能	tousen		3680	-									
backpack-large	3	hawkgear-80l	0	amazonUrl		https://amzn.to/4gy9Yqp	HAWK GEAR (ホークギア) 防水バックパック 大容量80L ブラック レインカバー付き 軽量 登山 防災	HAWK		6990	short_url									
backpack-large	4	kuriaafew-65l	0	none			TOUSEN 登山リュック 65L グリーンブラック 大容量 防水 軽量 多機能 トレッキング キャンプ用リュック 防災バッグ	TOUSEN		3980	-									
backpack-large	5	mstyle-90l-3way	0	amazonUrl		https://amzn.to/4aT5wPk	M-STYLE ミリタリーバッグ 大容量90L 3WAY ブラック リュック/ショルダー/ボストン 防水生地	M-STYLE	3WAY	8082	short_url									
backpack-rain-cover	1	lama-raincover-2set	0	none			LAMA Store リュックカバー 2枚セット 耐水圧3500mm	LAMA		1380	-									
backpack-rain-cover	2	hachihachi-raincover-l	0	none			八八爽快 ザックカバー Lサイズ（40L対応）ブラック 収納袋付き	八八爽快		1080	-									
backpack-rain-cover	3	reverb-raincover-big	0	none			リバーブセレクト ザックカバー ビッグサイズ L（60L）ブラック（1年保証）	リバーブセレクト		1580	-									
backpack-rain-cover	4	daichu-raincover-allrange	0	none			雑貨ストアDAICHU リュックカバー XSサイズ（15〜25L）ブラック	雑貨ストアDAICHU		1000	-									
backpack-rain-cover	5	mthappy-raincover-compact	0	none			Mt.happy 無地カバー Sサイズ（20〜30L対応）ブルー	Mt.happy		690	-									
barebones-light	1	barebones-edison-stick	0	amazonUrl		https://amzn.to/4hcZ1KZ	ベアボーンズ エジソン ライトスティック 充電式 LED LIV-145	ベアボーンズ	LIV-145	6999	short_url									
barebones-light	2	barebones-railroad	0	amazonUrl		https://amzn.to/4aT5zL0	ベアボーンズ レイルロードランタン 充電式 LED	ベアボーンズ		7788	short_url									
barebones-light	3	barebones-beacon	0	amazonUrl		https://amzn.to/4gxBnIY	ベアボーンズ ビーコンライト LED 2.0 20230005	ベアボーンズ	20230005	8800	short_url									
barebones-light	4	barebones-mini-edison	0	amazonUrl		https://amzn.to/3TjpmgB	ベアボーンズ ミニ エジソン ランタン LED	ベアボーンズ		3300	short_url									
bluetti-power	1	bluetti-ac70	1	amazonAsin	B0CC8ZKBVC	https://www.amazon.co.jp/dp/B0CC8ZKBVC	BLUETTI ポータブル電源 AC70 768Wh 1000W リン酸鉄 長寿命 UPS機能 アプリ遠隔操作 サージ2000W	BLUETTI	AC70	88000	shared_asin									
bluetti-power	2	bluetti-ac180	1	amazonAsin	B0BZZ616G2	https://www.amazon.co.jp/dp/B0BZZ616G2	BLUETTI ポータブル電源 AC180 1152Wh 1800W 60分満充電 リン酸鉄 UPS APP遠隔操作 サージ2700W	BLUETTI	AC180	109800	OK									
bluetti-power	3	bluetti-aora100	1	amazonAsin	B0FB3Y7V59	https://www.amazon.co.jp/dp/B0FB3Y7V59	BLUETTI ポータブル電源 AORA 100 V2 1024Wh 定格1800W 2700Wリフト機能 0.01秒UPS リン酸鉄 10年長寿命 アプリ遠隔操作	BLUETTI		139800	OK									
bluetti-power	4	bluetti-aora30	1	amazonAsin	B0FB3Y46SB	https://www.amazon.co.jp/dp/B0FB3Y46SB	BLUETTI ポータブル電源 AORA 30 V2 288Wh 定格600W 1500Wリフト機能 0.01秒UPS リン酸鉄 10年長寿命 急速充電	BLUETTI		39800	shared_asin									
bluetti-power	5	bluetti-eb3a	1	none			BLUETTI ポータブル電源 EB3A 268Wh ＋ 130Wソーラーパネル セット 600W出力 リン酸鉄 2500回サイクル UPS 高速充電	BLUETTI	EB3A	32900	-									
bonfire-sheet	1	zen-camps-sheet	1	amazonAsin	B08WRWRXJS	https://www.amazon.co.jp/dp/B08WRWRXJS	ZEN Camps 焚き火シート スパッタシート 95cm×60cm 防炎 耐火 耐熱 ブラック	ZEN		3582	OK									
bonfire-sheet	2	sanroku-sheet	1	amazonAsin	B0CTG77JXB	https://www.amazon.co.jp/dp/B0CTG77JXB	山麓工房 焚き火シート 耐熱5層構造 瞬間耐熱1500℃ 撥水加工 スパッタシート チクチクしない	山麓工房		2980	OK									
bonfire-sheet	3	chillcamping-sheet	1	amazonAsin	B0B86W8MN3	https://www.amazon.co.jp/dp/B0B86W8MN3	ChillCamping 焚き火シート Lサイズ スパッタシート 耐熱 耐火 ブラック	ChillCamping		3980	OK									
bonfire-sheet	4	hatome-sheet	1	none			焚き火シート スパッタシート ガラス繊維 ハトメ付き 不燃 L/M/Sサイズ	焚き火シート		840	-									
bonfire-sheet	5	futurefox-sheet	1	amazonAsin	B0CDFQR266	https://www.amazon.co.jp/dp/B0CDFQR266	FUTURE FOX 焚き火台シート ナバホ柄 ガラス繊維 連続使用耐熱温度250℃	FUTURE		3580	OK									
bonfire-stand-beginner	1	irisohyama-st43	1	amazonUrl		https://amzn.to/4vWLoEk	＼初心者必見／ たき火台 キャンプ コンパクト アイリスオーヤマ たき火 バーベキューコンロ 折りたたみ式 レジャー 焚き火 グリル 軽量 ステンレス 調理 焼き 網 ミニ焚き火台 キャンプ アウトドア 1人用 2人用 BBQ TKB-ST43	たき火台	TKB-ST43	6570	short_url									
bonfire-stand-beginner	2	irisohyama-tp135	1	amazonUrl		https://amzn.to/4w2PXgk	＼初心者必見／焚き火三脚 焚き火 三脚 たき火スタンド アイリスオーヤマ 送料無料 トライポッド 焚火 たき火 キャンプ アウトドア レジャー バーベキュー BBQ コンパクト 収納 組立 簡単 アウトドア TKB-TP135	焚き火三脚	TKB-TP135	7180	short_url									
bonfire-stand-beginner	3	irisohyama-tb98	1	amazonUrl		https://amzn.to/4bk9TTG	【CAMPHACKで紹介されました！】＼初心者必見／焚き火テーブル 囲炉裏 焚き火 テーブル アイリスオーヤマ 送料無料 たき火 キャンプ アウトドア レジャー コンパクト 収納 キャンプ テーブル たき火台 キャンプ 焚き火 TKB-TB98	焚き火テーブル	TKB-TB98	14800	short_url									
bonfire-stand-beginner	4	trgr-takibi	1	amazonUrl		https://amzn.to/4yh4S8g	TRGR 焚き火台 コンロ バーベキューコンロ セット ソロ 1〜2人用 軽量 焚き火 焚火台 エントリーモデル 初心者 初めて キャンプグリーブ BBQコンロ グリル 折りたたみ コンパクト たき火台 万博	TRGR		22000	short_url									
bonfire-stand-beginner	5	bataran-j05	1	amazonUrl		https://amzn.to/4wL0XiE	焚き火台 焚火台 折りたたみ式 折り畳み BaTaRaN焚き火台 軽量 A4サイズ コンパクト キャンプ 焚火 ソロ ファミリー 初心者 ステンレス製 五徳付き 収納ケース付き (J05)	焚き火台	J05	3880	short_url									
bonfire-stand-solo	1	tokyocamp-takibidai	0	amazonAsin	B08CZWJ7P8	https://www.amazon.co.jp/dp/B08CZWJ7P8	TokyoCamp 焚き火台 軽量 ミニ ソロ コンパクト 折りたたみ式 ソロキャンプ ファミリーキャンプ	TokyoCamp		5980	OK	Tokyo Camp 焚き火台 折りたたみ式 A4収納 コンパクト 軽量985g ステンレス製 ソロキャンプ アウトドア バーベキューコンロ	5980	in_stock(cart) 在庫あり。	ok	0%	official	2026-09-21T22:36:14Z	campkit-20260921-37	Tokyo Camp 焚き火台（標準モデル・HAKOSUKA01・985g・A4収納）。カード name の「ミニ」は楽天公式ページの検索語で、楽天も ¥5,980 の標準モデル（JAN 4573447648556）。本文の「A4サイズに畳める」とも一致。¥5,980=カード。seller TokyoCamp(正規販売店)
bonfire-stand-solo	2	onetigris-rocuboid-titanium	0	amazonAsin	B08V1J1DL3	https://www.amazon.co.jp/dp/B08V1J1DL3	OneTigris ROCUBOID Titanium チタン製ポケットストーブ ミニ焚き火台 軽量 コンパクト 折り畳み 収納バッグ付	OneTigris		4890	OK	OneTigris ROCUBOID ミニ焚き火台 ソロストーブ ウッドストーブ	5379	in_stock(cart) 在庫あり。 在庫状況 について	ok	+10%	official	2026-09-21T22:36:18Z	campkit-20260921-37	OneTigris ROCUBOID ミニ焚き火台 チタン・13×13×18cm・430g・収納バッグ付（変種なし）。カード「ROCUBOID Titanium チタン製ポケットストーブ 収納バッグ付」と一致。型番欄なし＝例外(4)。¥5,379（カード¥4,890・+10%）。seller OTG Camping Gear＝OneTigris 直営
bonfire-stand-solo	3	mysticridge-solo-takibi	0	none			焚火台 コンパクト ソロ 折りたたみ式 ステンレス ミニ 五徳付き 軽量（Mystic Ridge）	焚火台		2980	-									
bonfire-stand-solo	4	firestand-ultralight	0	amazonAsin	B0CXHNZ8BB	https://www.amazon.co.jp/dp/B0CXHNZ8BB	ファイアスタンド 超軽量 ステンレス製 組立式 折りたたみ式 焚火台 焚き火スタンド 小型 ソロキャンプ	ファイアスタンド		2180	OK									
bonfire-stand-solo	5	ladweather-takibidai-a4	0	amazonAsin	B0GRFMG3MV	https://www.amazon.co.jp/dp/B0GRFMG3MV	LAD WEATHER ラドウェザー 焚き火台 軽量767g A4サイズ ステンレス製 受け皿・収納袋つき ソロキャンプ	LAD		1680	OK									
bonfire-tripod	1	civillife-tripod-alu	0	none			Civil Life トライポッド 焚き火三脚 アルミ製 シルバー	Civil		1480	-									
bonfire-tripod	2	campingmoon-ms105	0	amazonAsin	B07VK428JN	https://www.amazon.co.jp/dp/B07VK428JN	キャンピングムーン トライポッド L MS-105 ブラック（最大耐重量15kg・4段折り・収納ケース付）	キャンピングムーン	MS-105	2980	OK									
bonfire-tripod	3	fukulife-tripod-25kg	0	none			トライポッド ファイヤースタンド 耐荷重25kg（7段階高さ調節・収納袋付き）	トライポッド		4290	-									
bonfire-tripod	4	goodsland-tripod-black	0	amazonAsin	B07ZPY7JWD	https://www.amazon.co.jp/dp/B07ZPY7JWD	GoodsLand トライポッド 焚き火三脚 ブラック（コンパクトスタンド）	GoodsLand		1580	OK									
bonfire-tripod	5	patri-tripod-handy	0	none			トライポッド ハンディ バーベキューコンロ（三脚・吊り下げ式）	トライポッド		1580	-									
camp-air-pump	1	flextail-tiny-pump-x	0	none			FLEXTAIL タイニーポンプX ランタン付き	FLEXTAIL		3980	-									
camp-air-pump	2	fielddoor-air-pump	0	none			FIELDOOR USB充電 携帯エアーポンプ 超小型 1400mAh ホワイト	FIELDOOR		2970	-									
camp-air-pump	3	waq-high-power-air-pump	0	amazonAsin	B0D9N7BPFZ	https://www.amazon.co.jp/dp/B0D9N7BPFZ	WAQ High Power Air Pump WAQ-HPA1 TAN(タン)	WAQ	WAQ-HPA1	4980	OK									
camp-air-pump	4	flextail-max-pump-2-pro	0	none			FLEXTAIL マックスポンプ2プロ Max Pump 2 Pro ブラック	FLEXTAIL		3480	-									
camp-air-pump	5	onetigris-ecoark-pump	0	amazonAsin	B0DXZXQ2Z4	https://www.amazon.co.jp/dp/B0DXZXQ2Z4	OneTigris ECOARK 電動エアーポンプ 2400mAh	OneTigris		3608	OK									
camp-backpack-beginner	1	osprey-kestrel-48	1	amazonAsin	B0BKQJ1R8F	https://www.amazon.co.jp/dp/B0BKQJ1R8F	オスプレー ケストレル 48 OS50382 ブラック S/M（46L）	オスプレー	OS50382	37400	OK									
camp-backpack-beginner	2	gregory-zulu-35	1	amazonAsin	B0BW2X7RFD	https://www.amazon.co.jp/dp/B0BW2X7RFD	グレゴリー ズール35 ボルケニックブラック SM/MD	グレゴリー		33000	OK									
camp-backpack-beginner	3	deuter-futura-32	1	amazonAsin	B0FHK82JPG	https://www.amazon.co.jp/dp/B0FHK82JPG	ドイター フューチュラ 32 D3400826-1013 ナイトブルー	ドイター	D3400826-1013	23112	OK									
camp-backpack-beginner	4	millet-sas-fee	1	amazonAsin	B0C6XXLQH1	https://www.amazon.co.jp/dp/B0C6XXLQH1	ミレー サースフェー NX 40+5 MIS0754 ブラック-ノワール Mサイズ（背面長48cm）	ミレー	MIS0754	29700	OK									
camp-backpack-beginner	5	karrimor-ridge-40	1	amazonAsin	B0D6GH9GPZ	https://www.amazon.co.jp/dp/B0D6GH9GPZ	カリマー リッジ 40+ 501205 ブラック Mサイズ（背面長47cm）	カリマー		26840	OK									
camp-backpack-capacity-guide	1	cap-osprey-daylite-plus	1	amazonAsin	B08LP1WWPT	https://www.amazon.co.jp/dp/B08LP1WWPT	OSPREY デイライトプラス DAYLITE PLUS OS57176 バックパック	OSPREY	OS57176	11484	shared_asin									
camp-backpack-capacity-guide	2	cap-osprey-stratos-36	1	amazonAsin	B09JXK4YSD	https://www.amazon.co.jp/dp/B09JXK4YSD	OSPREY ストラトス 36 Stratos 36L バックパック	OSPREY		22999	shared_asin									
camp-backpack-capacity-guide	3	cap-hawkgear-80l	1	amazonUrl		https://amzn.to/4gy9Yqp	HAWK GEAR (ホークギア) 防水バックパック 大容量80L レインカバー付き 軽量 登山 防災	HAWK		6990	short_url									
camp-bbq-grill	1	grill-rank-1	1	none			焚き火台 焚火台 軽量 ミニ 焚火 ソロ コンパクト 日本製 おしゃれ ファイアグリル キャンプ アウトドア ソロキャンプ BBQ バーベキュー CAMP FREAKS. Tano-b	焚き火台		9980	-									
camp-bbq-grill	2	grill-rank-2	1	none			【10％OFFクーポン配布中!!27日9:59まで】 焚火台 折りたたみ式 バーベキュー グリル コンロ 折りたたみ コンパクト バーベキュー BBQ ファイアグリル ステンレス 焚火スタンド 焚き火 たきび キャンプ アウトドア 焼肉 冬 お買い得	焚火台		3980	-									
camp-bbq-grill	3	grill-rank-3	1	amazonAsin	B0CQT95CM3	https://www.amazon.co.jp/dp/B0CQT95CM3	ガオバブ(Gaobabu) GaobabuコンパクトA4焚き火台（脚付き焼き網付き） 【一部地域を除き送料無料】 焚火台 焚き火 たき火 BBQ バーベキュー グリル 料理 クッキング 薪 炭 ステンレス 軽量 キャンプ ソロキャンプ ファミリーキャンプ グループキャンプ	ガオバブ		5280	OK									
camp-bbq-grill	4	grill-rank-4	1	amazonAsin	B0CS5BJGQ5	https://www.amazon.co.jp/dp/B0CS5BJGQ5	尾上製作所(ONOE) イヴォルブバーベキューコンロ-65HL EV-65HL 1台 M高さ調整可(網29×61cm) 焚き火台 グリル BBQ コンロ キャンプ用品	尾上製作所	EV-65HL	12389	OK									
camp-bbq-grill	5	grill-rank-5	1	amazonAsin	B01MSZKB3O	https://www.amazon.co.jp/dp/B01MSZKB3O	スノーピーク（snow peak） 焚火台グリルブリッジ M Grill Bridge ST-033GBR キャンプ バーベキュー	スノーピーク	ST-033GBR	6600	OK									
camp-blanket	1	blanket-rank-1	0	amazonAsin	B093BJS888	https://www.amazon.co.jp/dp/B093BJS888	OneTigris ダウンブランケット 195×135cm グリーン	OneTigris		9559	shared_asin	OneTigris ダウンブランケット マルチブランケット 195cmⅹ135cm	9559	in_stock(cart) 在庫あり。 在庫状況 について	ok	0%	official	2026-09-21T22:36:21Z	campkit-20260921-37	OneTigris ダウンブランケット 195×135cm・グリーン変種（B093BJS888）・型番 CE-YBZ。カード「195×135cm グリーン」と一致。¥9,559=カード。seller OTG Camping Gear＝OneTigris 直営。camp-gift#6 と同一 ASIN（取得 1 回）
camp-blanket	2	blanket-rank-2	0	amazonAsin	B0DJLL7V2N	https://www.amazon.co.jp/dp/B0DJLL7V2N	Chill Camping リバーシブルブランケット 難燃エコダウン Sサイズ ブラック	Chill		4658	OK	【日本ブランド累計販売48万個】Chill Camping（チルキャンピング） キャンプ用 ブランケット 防寒 アウトドア キャンプ リバーシブル 難燃 エコダウン 車中泊 キャンプ 防災 旅行 コンパクト	5480	in_stock(cart) 残り6点 ご注文はお早めに 在庫状況 について	ok	+18%	official	2026-09-21T22:36:25Z	campkit-20260921-37	Chill Camping リバーシブル 難燃 エコダウン ブランケット・「ブラック／Sサイズ」変種（B0DJLL7V2N）。カード「Sサイズ ブラック」と一致。型番欄「000」は照合不能＝例外(4)。¥5,480（カード¥4,658・+18%）。seller CHILL CAMPING STORE
camp-blanket	3	blanket-rank-3	0	amazonAsin	B0FX92N95X	https://www.amazon.co.jp/dp/B0FX92N95X	オレゴニアンキャンパー ファイヤープルーフブランケット Mサイズ(100×140cm) セージ	オレゴニアンキャンパー		4950	OK	オレゴニアンキャンパー(Oregonian Camper) アウトドア 毛布 ファイヤープルーフブランケット	4436	in_stock(cart) 在庫あり。 在庫状況 について	ok	-10%	amazon	2026-09-21T22:36:29Z	campkit-20260921-37	オレゴニアンキャンパー ファイヤープルーフブランケット・「セージ／Medium」変種（B0FX92N95X）・100×140cm・型番 OCFP511SG。カード「Mサイズ(100×140cm) セージ」と一致。¥4,436（カード¥4,950・-10%）
camp-blanket	4	blanket-rank-4	0	none			Hilander(ハイランダー) 難燃ブランケット ハーフ グレー	Hilander		3580	-									
camp-blanket	5	blanket-rank-5	0	none			南米産アルパカ ウールブランケット 110×190cm（柄3）	南米産アルパカ		13800	-									
camp-burner-beginner	1	iwatani-cb-jcb	0	amazonUrl		https://amzn.to/4w2PZVu	イワタニ Iwatani カセットガス ジュニアコンパクトバーナー CB-JCB ケース付き 日本製	イワタニ		4400	short_url									
camp-burner-beginner	2	soto-amicus	0	amazonUrl		https://amzn.to/3T2OiJ8	【4/24-27エントリーで全品5倍】 SOTO AMICUS(アミカス)+パワーガス250トリプルミックス【お得な2点セット】	SOTO		6000	short_url									
camp-burner-beginner	3	captainstag-m6400	0	amazonUrl		https://amzn.to/4w4aeCv	キャプテンスタッグ CAPTAIN STAG オーリック 小型 ガスバーナーコンロ・クッカーセット M-6400 ガスバーナー コンロ クッカー セット キャプテンスタッグクッカー キャプテンスタッグコンロ キャンプクッカーセット キャンプ クッカーセット ソロ キャンプ用品バーベキュー	キャプテンスタッグ	M-6400	5680	short_url									
camp-burner-beginner	4	soto-st-310-set	0	amazonUrl		https://amzn.to/4vVaP9k	SOTO レギュレーターストーブ ST-310＆ボンベ ST-760 セット ST-KE310 シングルバーナー	SOTO	ST-310 ST-760 ST-KE310	7480	short_url									
camp-burner-beginner	5	coleman-outlander-micro	0	amazonUrl		https://amzn.to/4bFIjQO	【条件達成で最大10万ポイント獲得のチャンス！4/20〜4/30】コールマン シングルバーナー アウトランダーマイクロストーブ PZ 203535 coleman	コールマン		5297	short_url									
camp-chair-highback	1	poncotan-ultralight-highback	0	amazonUrl		https://amzn.to/4vlyn6Y	アウトドアチェア【ポンコタン】ウルトラライト ハイバックチェア 超軽量 折りたたみ コンパクト キャンプ椅子	アウトドアチェア		4982	short_url									
camp-chair-highback	2	moderndeco-zerogravity	0	amazonUrl		https://amzn.to/3SG9Cnw	モダンデコ 無重力チェア ハイバック リクライニング 耐荷重120kg ひじ掛け 折りたたみ アウトドアチェア	モダンデコ		6999	short_url									
camp-chair-highback	3	onetigris-dragonhide-highback	0	amazonUrl		https://amzn.to/4w3nd6P	OneTigris DRAGONHIDE ハイバックチェア ブラウン キャンピングチェア 折りたたみ コンパクト 収納袋付 ソロキャンプ	OneTigris		8690	short_url									
camp-chair-highback	4	visionpeaks-canvas-relax	0	amazonUrl		https://amzn.to/44n6NdF	VISIONPEAKS キャンバスリラックスチェア 焚き火チェア ハイバック TC生地 コヨーテ 収納袋付き VP1645002	VISIONPEAKS	VP1645002	6990	short_url									
camp-chair-highback	5	ladweather-highback	0	amazonUrl		https://amzn.to/3QAagCw	LAD WEATHER ラドウェザー アウトドアチェア ハイバック ブラック 折りたたみ コンパクト 収納袋付き ソロキャンプ	LAD		2980	short_url									
camp-chair-lightweight	1	ymbstore-ultralight-chair	0	amazonUrl		https://amzn.to/4f1fdxG	YMBSTORE アウトドアチェア NAZEAM LOW ロータイプ 超軽量 アルミ 折りたたみ ニューコヨーテ	YMBSTORE		3970	short_url									
camp-chair-lightweight	2	poncotan-ultralight-fit-low	0	amazonUrl		https://amzn.to/4wctGwL	【楽天137週1位★累計32万脚突破】アウトドアチェア キャンプ椅子 キャンプチェア 軽量 折りたたみ椅子 アウトドア チェア コンパクト ローチェア おしゃれ キャンプ 椅子 イス チェアー 室内 ソファ代わり/ウルトラライトフィットチェア ロータイプ 超軽量 ポンコタンチェア	アウトドアチェア		3972	short_url									
camp-chair-lightweight	3	poncotan-ultralight-highback	0	amazonUrl		https://amzn.to/4vVaVhc	【楽天137週1位★累計32万脚突破】アウトドアチェア キャンプ椅子 キャンプチェア ハイバック 軽量 折りたたみ椅子 アウトドア チェア コンパクト キャンプ おしゃれ 椅子 イス チェアー 室内 ソファ代わり / ウルトラライト ハイバックチェア 超軽量 ポンコタンチェア	アウトドアチェア		4982	short_url									
camp-chair-lightweight	4	moon-lence-ch7	0	amazonUrl		https://amzn.to/4f0VBcV	Moon Lence アウトドアチェア CH-7 ブラック 超軽量907g 耐荷重150kg 折りたたみ 収納バッグ付き	Moon	CH-7	3799	short_url									
camp-chair-lightweight	5	yamazen-director-dd02wt	0	amazonUrl		https://amzn.to/4w1x39H	山善 ディレクターチェア DD-02WT サイドテーブル付き チャコールグレー アルミ 軽量 折りたたみ キャンパーズコレクション YAMAZEN	山善	DD-02WT	5800	short_url									
camp-coffee-dripper	1	uniflame-bannet-cute	0	amazonAsin	B001TPDMLE	https://www.amazon.co.jp/dp/B001TPDMLE	ユニフレーム コーヒーバネット cute 664025	ユニフレーム		2420	OK									
camp-coffee-dripper	2	stainless-mesh-dripper	0	none			ステンレス製 メッシュ二重構造 ペーパーレスドリッパー	ステンレス製		1980	-									
camp-coffee-dripper	3	campingmoon-dripper	0	amazonAsin	B0BXBY5YHS	https://www.amazon.co.jp/dp/B0BXBY5YHS	キャンピングムーン コーヒードリッパー ステンレス シルバー（折りたたみ・分解式）	キャンピングムーン		2090	OK									
camp-coffee-dripper	4	thin-stainless-filter	0	none			折りたためる薄型ステンレス コーヒーフィルター	折りたためる薄型ステンレス		1000	-									
camp-coffee-dripper	5	fold-stainless-stand	0	none			折りたたみ ステンレス コーヒードリッパースタンド R.A.N.	折りたたみ		1980	-									
camp-cooker-beginner	1	rakuten-alumi-cookset	0	amazonUrl		https://amzn.to/4phJcVD	クッカーセット アルミ 3点セット（鍋・フライパン・ケトル）2〜3人用 オレンジAタイプ 収納袋付き	クッカーセット		3280	short_url									
camp-cooker-beginner	2	snowpeak-personal-cooker	0	amazonUrl		https://amzn.to/4fzv0nu	【スノーピーク 公式】【永久保証付】snowpeak アルミパーソナルクッカーセット SCS-020R クッカー 鍋 フライパン スタッキング 調理器具 食事 料理 調理 クッキング バーベキュー キャンプ アウトドア	snowpeak	SCS-020R	5544	short_url									
camp-cooker-beginner	3	vastland-cookset	0	amazonUrl		https://amzn.to/4ymqtfz	VASTLAND クッカー 4点セット アルミ キャンプ用 コッヘル 調理器具 鍋 収納袋付き	VASTLAND		2980	short_url									
camp-cooker-beginner	4	coleman-packaway-cookset	0	amazonUrl		https://amzn.to/3SYkzRO	コールマン (Coleman) パッカウェイクッカーセット キャンプ用品 ファミリークックウェア 2000010530	コールマン	2000010530	6160	short_url									
camp-cooker-beginner	5	titanmania-cookset	0	amazonUrl		https://amzn.to/3R9jgPk	TITAN MANIA(チタンマニア) クッカー セット チタン製 900ml+350ml ソロキャンプ 軽量 頑丈 直火 折りたたみハンドル付 コンパクト 二段式 フライパン コッヘル ポット 調理器具 アウトドア キャンプ用品 収納袋付き	TITAN		4680	short_url									
camp-cooler-box-beginner	1	iris-cooler-bag	0	amazonUrl		https://amzn.to/4f1IhoN	アイリスオーヤマ クーラーボックス CL-7 7L ブルー	アイリスオーヤマ	CL-7	1681	short_url									
camp-cooler-box-beginner	2	logos-hyper-hyoutenka-m-12l	0	amazonUrl		https://amzn.to/4haPa8r	LOGOS ロゴス ハイパー氷点下クーラーM 12L 81670070 ソフトクーラー 保冷バッグ	LOGOS	81670070	10780	short_url									
camp-cooler-box-beginner	3	iris-hugel-vitc40	0	amazonUrl		https://amzn.to/4ppBpVS	アイリスオーヤマ HUGEL ヒューゲル VITC-40 クーラーボックス 40L チャコールグレー 真空断熱 超低温保冷剤 HHC-L 付きセット	アイリスオーヤマ	VITC-40	32780	short_url									
camp-cooler-box-beginner	4	iris-hugel-vitc20	0	amazonUrl		https://amzn.to/3TzmLPC	アイリスオーヤマ HUGEL ヒューゲル VITC-20 クーラーボックス 20L チャコールグレー 真空断熱	アイリスオーヤマ	VITC-20	21780	short_url									
camp-cooler-box-beginner	5	logos-action-cooler-25	0	amazonUrl		https://amzn.to/3RzeniA	送料無料 LOGOS/ロゴス アクションクーラー25 ホワイト 81448033 81660642 クーラーボックス 冷蔵保存 キャンプ アウトドア フィッシング バーベキュー BBQ ハードケースクーラーボックス 倍速凍結・氷点下パックM 2個 あす楽対応	送料無料	81448033 81660642	8250	short_url									
camp-cooler-box-overall	1	cooler-rank-1	1	amazonAsin	B003KTSCQW	https://www.amazon.co.jp/dp/B003KTSCQW	クーラーボックス 小型 部活 クーラーバッグ アイリスオーヤマ 7L 15L 20L 25L 32L 45L 保冷バッグ クーラーバッグ ミニ クーラーバスケット アウトドア レジャー BBQ 海水浴 運動会 行楽 キャンプ CL-7 CL-15 CL-20 CL-25 CL-32 CL-45	クーラーボックス	CL-7 CL-15 CL-20 CL-25 CL-32 CL-45	1681	OK									
camp-cooler-box-overall	2	cooler-rank-2	1	amazonAsin	B004MX6O5G	https://www.amazon.co.jp/dp/B004MX6O5G	送料無料 LOGOS/ロゴス ハイパー氷点下クーラーM 12L 81670070 長時間冷蔵 大容量 クーラーボックス ソフトクーラー 保冷バッグ 折りたたみ コンパクト キャンプ アウトドア バーベキュー バイク好き ギフト あす楽対応	送料無料	81670070	10780	OK									
camp-cooler-box-overall	3	cooler-rank-3	1	amazonAsin	B001ADVZ0U	https://www.amazon.co.jp/dp/B001ADVZ0U	送料無料 LOGOS/ロゴス アクションクーラー25 ホワイト 81448033 81660642 クーラーボックス 冷蔵保存 キャンプ アウトドア フィッシング バーベキュー BBQ ハードケースクーラーボックス 倍速凍結・氷点下パックM 2個 あす楽対応 お買い物マラソン 開催	送料無料	81448033 81660642	8250	OK									
camp-cooler-box-overall	4	cooler-rank-4	1	amazonAsin	B0B7S1MQ3L	https://www.amazon.co.jp/dp/B0B7S1MQ3L	アイリスオーヤマ HUGEL ヒューゲル VITC-20 クーラーボックス 20L 保冷バック ハード 小型 チャコールグレー 真空断熱 釣り アウトドア スポーツ レジャー キャンプ 防災 VITC20 【送料無料】	アイリスオーヤマ	VITC-20 VITC20	21780	OK									
camp-cooler-box-overall	5	cooler-rank-5	1	none			【保冷材付きセット 超低温タイプ】アイリスオーヤマ HUGEL ヒューゲル VITC-40 HHC-L クーラーボックス 40L 保冷バック ハード 大型 チャコールグレー 真空断熱 釣り アウトドア スポーツ レジャー キャンプ 防災 VITC40 HHCL【送料無料】	アイリスオーヤマ	VITC-40 VITC40	32780	-									
camp-cooler-soft	1	waq-soft-42l	0	amazonAsin	B0B6PXXDTZ	https://www.amazon.co.jp/dp/B0B6PXXDTZ	WAQ SOFT COOLER BOX (M) 42L タン ソフトクーラーボックス ファミリーキャンプ用 4-5人用	WAQ		10800	OK	WAQ ソフトクーラーボックス (S/Mサイズ) 33L 42L クーラーボックス ソフトタイプ ソフトクーラー Sサイズ Mサイズ ソロ用 ファミリー用 レジャー	10800	in_stock(cart) 残り11点 ご注文はお早めに 在庫状況 について	ok	0%	official	2026-09-21T22:36:33Z	campkit-20260921-37	WAQ ソフトクーラーボックス・「Mサイズ／TAN(タン)」変種（B0B6PXXDTZ）・42L・2.2kg・モデル waq-scb1。カード「(M) 42L タン」と一致。¥10,800=カード。seller WAQ(ワック)
camp-cooler-soft	2	soft-cooler-30l	0	none			ソフトクーラーボックス 30L ブラック 5層断熱 3WAY 折りたたみ コンパクト 軽量 保冷バッグ	ソフトクーラーボックス	3WAY	3980	-									
camp-cooler-soft	3	albatre-18l	0	amazonAsin	B0BS5Q5CC4	https://www.amazon.co.jp/dp/B0BS5Q5CC4	Albatre アルバートル マルチクーラーバッグ 18L AL-CB180 コヨーテ 15mm厚断熱材 5層構造 底板付き	Albatre	AL-CB180	6600	OK	ALBATRE(アルバートル) アウトドア 保冷バッグ マルチソフトクーラーバッグ 18L 保冷 撥水 汚れ落ちやすい ALCB180DOL ダークオリーブ	7260	in_stock(cart) .availabilityMoreDetailsIcon	model_mismatch	+10%	official	2026-09-21T22:36:37Z	campkit-20260921-37	B0BS5Q5CC4 は ALBATRE マルチソフトクーラーバッグ 18L の「ダークオリーブ」（型番 ALCB180DOL・変種なし＝単独 ASIN）。カード name は「AL-CB180 コヨーテ」で楽天の着地 SKU も alcb180coco（コヨーテ）＝色違い。Amazon 側にコヨーテ（ALCB180CO 相当）の出品は同ページから辿れず候補 ASIN なし（未照合）。¥7,260（カード¥6,600・+10%）。seller edge.＝株式会社エッジ（ALBATRE 運営元）
camp-cooler-soft	4	soft-cooler-40l	0	none			40L ソフトクーラーボックス ブラック 底板付き 900Dクーラーバッグ 多層断熱 撥水 折りたたみ 軽量	40L		4980	-									
camp-cooler-soft	5	square-soft-9l	0	none			スクエア型 ソフトクーラーボックス 9L ネイビー 保冷バッグ ランチバッグ 折りたたみ 軽量 コンパクト	スクエア型		2180	-									
camp-cutlery	1	cl-cesabeams-set	0	none			cesa beams カトラリーセット プレミアシリーズ5本 ブラックゴールド cj5-1000 食洗機対応	cesa	CJ5-1000	2998	-									
camp-cutlery	2	cl-stainless-set	0	none			ステンレス カトラリーセット（楽天1位）	ステンレス		1980	-									
camp-cutlery	3	cl-muranokajiya	0	amazonAsin	B08975LSRJ	https://www.amazon.co.jp/dp/B08975LSRJ	村の鍛冶屋 ステンレス キャンプカトラリー 3本セット	村の鍛冶屋		1551	OK	【燕三条製】村の鍛冶屋 ステンレス キャンプカトラリー セット（スプーン・フォーク・ナイフ）MK-7658	1551	in_stock(cart) 在庫あり。 在庫状況 について	ok	0%	official	2026-09-21T22:36:41Z	campkit-20260921-37	村の鍛冶屋 ステンレス キャンプカトラリー セット MK-7658（スプーン・フォーク・ナイフ 3本・燕三条製）。カード「3本セット」と一致。¥1,551=カード。seller 村の鍛冶屋
camp-cutlery	4	cl-tritan-fork	0	none			Plakira トライタン製 折れないフォーク 5本組 195サイズ（大人用）クリア 日本製	Plakira		1980	-									
camp-cutlery	5	cl-titanmania-chopsticks	0	amazonAsin	B08XNFK5CR	https://www.amazon.co.jp/dp/B08XNFK5CR	チタンマニア チタン箸 23cm	チタンマニア		990	OK	TITAN MANIA(チタンマニア) 箸 カトラリー チタン製 スプーン フォーク ナイフ 先割れ スポーク 折りたたみ 軽量 食器 調理器具	990	in_stock(cart) 在庫あり。	ok	0%	official	2026-09-21T22:36:45Z	campkit-20260921-37	TITAN MANIA チタン箸（parent B0D9NGZ2Z8 の「箸」変種・230mm・14g/膳・収納袋付）。カード「チタン箸 23cm」と一致（同ファミリーに 箸19cm・箸+ケース 等の別変種あり）。¥990=カード。seller Legare（レガーレ）＝TITAN MANIA 運営会社
camp-dust-stand	1	pykespeak-trashbox-40l	0	amazonAsin	B0DMJLGFKK	https://www.amazon.co.jp/dp/B0DMJLGFKK	PYKES PEAK キャンプ ゴミ箱 トラッシュボックス 折りたたみ式 蓋つき Sサイズ 40L ブラック	PYKES		3480	OK	PYKES PEAK (パイクスピーク) キャンプ ゴミ箱 トラッシュボックス 折りたたみゴミ箱 キャンプ用品 ポップアップ コンパクト 40L	3280	in_stock(cart) 残り6点 ご注文はお早めに 在庫状況 について	ok	-6%	official	2026-09-21T22:36:48Z	campkit-20260921-37	PYKES PEAK トラッシュボックス・「ブラック／40L」変種（B0DMJLGFKK）・35×35×41.5cm・870g。カード「Sサイズ 40L ブラック」と一致。¥3,280（カード¥3,480・-6%）。seller パイクスピーク ダイレクト
camp-dust-stand	2	oregonian-camper-r2	0	amazonAsin	B093L1PZ5P	https://www.amazon.co.jp/dp/B093L1PZ5P	オレゴニアンキャンパー ポップアップ トラッシュボックス R2 45L コヨーテ	オレゴニアンキャンパー		5280	OK	オレゴニアンキャンパー(Oregonian Camper) ごみ箱 ポップアップトラッシュボックスR2	3930	in_stock(cart) 在庫状況 について	model_mismatch	-26%	amazon	2026-09-21T22:36:52Z	campkit-20260921-37	B093L1PZ5P は オレゴニアンキャンパー ポップアップトラッシュボックスR2 の「ブラックカモ」変種（¥3,930）。カード name は「R2 45L コヨーテ」で楽天の着地 SKU も コヨーテ＝色違い。コヨーテは同ページの B093L3G2MB（未照合）。カード¥5,280（-26%）
camp-dust-stand	3	southlight-trashbox-60l	0	none			South Light トラッシュボックス ポップアップ キャンプ用ゴミ箱 60L 蓋付き グリーン	South		4380	-									
camp-dust-stand	4	trashbox-30l	0	none			トラッシュボックス 30L ブラック アウトドア ゴミ箱 折りたたみ ポップアップ式 蓋付き	トラッシュボックス		1980	-									
camp-dust-stand	5	trashbox-90l	0	none			ゴミ箱 折りたたみ 90L ブラック トラッシュボックス アウトドア 大容量 ポップアップ式 分別	ゴミ箱		2480	-									
camp-electric-grill	1	bruno-boe021	0	amazonAsin	B00TRQSURS	https://www.amazon.co.jp/dp/B00TRQSURS	BRUNO(ブルーノ) コンパクトホットプレート BOE021 ホワイト たこ焼き・平面プレート2種付き	BRUNO	BOE021	12100	OK									
camp-electric-grill	2	iris-piha-a20b	0	none			アイリスオーヤマ ホットプレート 焼肉プレート2枚・たこ焼きプレート3枚・網焼き風プレート付き PIHA-A20B/PIHA-A30B/APA-139-B	アイリスオーヤマ	PIHA-A20B PIHA-A30B APA-139-B	7980	-									
camp-electric-grill	3	iris-php-1002tc	0	amazonAsin	B0DX15GB4T	https://www.amazon.co.jp/dp/B0DX15GB4T	アイリスオーヤマ ホットプレート コンパクト PHP-1002TC グレー 深鍋・平面プレート2種付き	アイリスオーヤマ	PHP-1002TC	6980	OK									
camp-electric-grill	4	yamazen-ygf-w130	0	amazonAsin	B0CKV6SBK7	https://www.amazon.co.jp/dp/B0CKV6SBK7	山善(YAMAZEN) グリル鍋 YGF-W130(B) ブラック 深鍋・波型プレート2WAY	山善	YGF-W130 2WAY	9980	OK									
camp-electric-grill	5	yamazen-yhl-s100	0	amazonAsin	B0C2SLQFCY	https://www.amazon.co.jp/dp/B0C2SLQFCY	山善(YAMAZEN) 丸型ホットプレート YHL-S100(B) ブラック 2〜3人用	山善	YHL-S100	3980	OK	[山善] ホットプレート 丸型 一人暮らし 1000W フッ素コーティング 簡単お手入れ 温度調節機能 保温機能 自立蓋 ガラス蓋 ブラック YHL-S100(B)	2800	in_stock(cart) 在庫あり。	ok	-30%	amazon	2026-09-21T22:36:56Z	campkit-20260921-37	山善 丸型ホットプレート YHL-S100(B) ブラック・1000W・30.5×32.5×16.5cm。カードと型番・色一致。¥2,800（カード¥3,980・-30%）
camp-electric-heater	1	yamazen-dsd086	0	amazonAsin	B0145YNPDA	https://www.amazon.co.jp/dp/B0145YNPDA	山善 電気ストーブ DS-D086(W) ホワイト 800W/400W切替式	山善	DS-D086	4480	OK	[山善] 電気ストーブ ヒーター 小型 足元 転倒OFFスイッチ 出力切替2段階 簡単操作 ホワイト DS-D086(W)	4580	in_stock(cart) 在庫あり。 在庫状況 について	ok	+2%	amazon	2026-09-21T22:37:00Z	campkit-20260921-37	山善 電気ストーブ DS-D086(W)・「ホワイト／スタンダード」変種（B0145YNPDA）・800W/400W。カードと型番・色一致。¥4,580（カード¥4,480・+2%）
camp-electric-heater	2	plusminuszero-xhsh210	0	amazonAsin	B0CG8T33F8	https://www.amazon.co.jp/dp/B0CG8T33F8	±0 プラスマイナスゼロ カーボンヒーター XHS-H210 ホワイト 300W	±0	XHS-H210	5940	OK	±0 プラスマイナスゼロ カーボンヒーター H210 XHS-H210 (ホワイト) 即暖 体の芯までじっくりあたたまる 遠赤外線 300W 自動首振り機能付 転倒防止 レトロ おしゃれ	5940	in_stock(cart) 残り2点 ご注文はお早めに 在庫状況 について	ok	0%	marketplace	2026-09-21T22:37:04Z	campkit-20260921-37	±0 カーボンヒーター XHS-H210・ホワイト変種（B0CG8T33F8）・300W・首振り。カードと型番・色一致。¥5,940=カード・残り2点。seller bonbon lab（家電小売・詳細欄あり）
camp-electric-heater	3	yamazen-dsf041	0	amazonAsin	B07X1JMFMJ	https://www.amazon.co.jp/dp/B07X1JMFMJ	山善 あしもとあったかストーブ DS-F041(W) ホワイト 400W	山善	DS-F041	4280	OK	[山善] あしもとあったか 電気ストーブ ヒーター 小型 足元 転倒OFFスイッチ 簡単操作 400W ホワイト DS-F041(W)	3780	in_stock(cart) 在庫あり。 在庫状況 について	ok	-12%	amazon	2026-09-21T22:37:08Z	campkit-20260921-37	山善 あしもとあったかストーブ DS-F041(W)・「ホワイト／足元」変種（B07X1JMFMJ）・400W。カードと型番・色一致。¥3,780（カード¥4,280・-12%）
camp-electric-heater	4	atrise-panel-heater	0	none			atRise パネルヒーター 折りたたみ式 160W ブランケット・リモコン付き	atRise		7980	-									
camp-electric-heater	5	moderndeco-ceramic	0	none			モダンデコ セラミックファンヒーター レギュラータイプ ホワイト 人感センサー付き 600W/1200W切替 2.3kg	モダンデコ		5999	-									
camp-fan-summer	1	fan-soppy	0	none			充電式扇風機 卓上 吊り下げ サーキュレーター コードレス アウトドア扇風機 静音 強力送風 キャンプ 20000mAh大容量 自動首振り 風量最大100段階 LEDライト タイマー 車中泊	充電式扇風機		5280	-									
camp-fan-summer	2	fan-hagoogi	0	amazonAsin	B0BYYTZHNL	https://www.amazon.co.jp/dp/B0BYYTZHNL	hagoogi キャンプ 扇風機 アウトドア 首振り DCモーター 収納ケース付き 充電式 軽量 静音 10000mAh 27時間 4段階風量調節 LEDライト タイマー 卓上 吊り下げ コードレス	hagoogi		15980	OK									
camp-fan-summer	3	fan-icarry	0	none			i.Carry コードレス扇風機 直径30cm DCモーター 強力 首振り 充電式 リモコン 折りたたみファン タイマー 風量8段階 コンパクト収納 10800mAhバッテリー内蔵 アウトドア キャンプ	i.Carry		12800	-									
camp-fan-summer	4	fan-pse	0	none			アウトドア 扇風機 自動首振り 充電式 DCモーター 軽量 低騒音 リモコン付き タイマー 風量4段階調節 LEDライト 卓上 スタンド式 壁掛け 吊り下げ 20000mAh PSE認証済み	アウトドア		7780	-									
camp-fan-summer	5	fan-marz	0	none			扇風機 DCモーター サーキュレーター コードレス 折りたたみ扇風機 ブラック 首振り リモコン付き キャンプ 充電式 自動首振り 10800mAh 静音 コンパクト ポータブル 熱中症対策 防災	扇風機		6480	-									
camp-gift	1	gift-sierra-cup	0	amazonAsin	B000AR2P1A	https://www.amazon.co.jp/dp/B000AR2P1A	スノーピーク チタンシェラカップ E-104	スノーピーク	E-104	2508	shared_asin									
camp-gift	2	gift-gloves	0	amazonAsin	B09MQ8PWMJ	https://www.amazon.co.jp/dp/B09MQ8PWMJ	ラドウェザー LAD WEATHER 防寒手袋 完全防水 3M高級中綿 スマートフォン対応	ラドウェザー		1480	shared_asin									
camp-gift	3	gift-titanium-mug	0	amazonAsin	B07L6H367Y	https://www.amazon.co.jp/dp/B07L6H367Y	WAQ チタンマグカップ 450ml	WAQ		3680	shared_asin									
camp-gift	4	gift-thermal-bottle	0	amazonAsin	B0DTY13ZCZ	https://www.amazon.co.jp/dp/B0DTY13ZCZ	サーモス 水筒 2wayコップ付き 600ml パープルピンク FJJ-602WF	サーモス	2WAY FJJ-602WF	4700	shared_asin									
camp-gift	5	gift-lantern	0	amazonUrl		https://amzn.to/4fk30mJ	Soomloom 2Wayランタン Helio5000	Soomloom	2WAY HELIO5000	2970	short_url									
camp-gift	6	gift-blanket	0	amazonAsin	B093BJS888	https://www.amazon.co.jp/dp/B093BJS888	OneTigris ダウンブランケット 195×135cm グリーン	OneTigris		9559	shared_asin	OneTigris ダウンブランケット マルチブランケット 195cmⅹ135cm	9559	in_stock(cart) 在庫あり。 在庫状況 について	ok	0%	official	2026-09-21T22:37:08Z	campkit-20260921-37	camp-blanket#1 と同一 ASIN（B093BJS888・取得 1 回）。OneTigris ダウンブランケット 195×135cm グリーン・CE-YBZ。カード「195×135cm グリーン」と一致。¥9,559=カード。seller OTG Camping Gear
camp-gift	7	gift-portable-power	0	amazonAsin	B0CZ7145K1	https://www.amazon.co.jp/dp/B0CZ7145K1	Jackery ポータブル電源 240 New 256Wh	Jackery		32800	shared_asin	Jackery (ジャクリ) ポータブル電源 240 New 256Wh リン酸鉄 長寿命 定格出力300W スマホ タブレット充電用	32800	in_stock(cart) 残り1点 ご注文はお早めに 在庫状況 について	ok	0%	official	2026-09-21T22:37:11Z	campkit-20260921-37	Jackery ポータブル電源 240 New・「256Wh」単品変種（B0CZ7145K1）・型番 JE-240A・定格300W。カード「240 New 256Wh」と一致。¥32,800=カード・残り1点。seller Jackery Japan
camp-grill-plate	1	grill-zeoor	0	none			ZEOOR ゼオール グリルプレートスタンドM LO20-51 ロゴス LOGOS the ピラミッドTAKIBI M 専用 鉄板 五徳	ZEOOR	LO20-51	4070	-									
camp-grill-plate	2	grill-captainstag	0	amazonAsin	B0CTS4KL6N	https://www.amazon.co.jp/dp/B0CTS4KL6N	【送料無料】キャプテンスタッグ ラウンド グリルプレート 30cm UG-1592	キャプテンスタッグ	UG-1592	3958	OK	キャプテンスタッグ(CAPTAIN STAG) アウトドア 鉄板 マルチグリドル ラウンド グリルプレート 30cm アルミ製 ふっ素加工 オール熱源対応 ブラック UG-1592	3679	in_stock(cart) 在庫あり。	ok	-7%	amazon	2026-09-21T22:37:15Z	campkit-20260921-37	キャプテンスタッグ ラウンド グリルプレート 30cm UG-1592・「縦36cm×横30cm×厚さ3cm」変種（B0CTS4KL6N）・530g。カードと型番一致。¥3,679（カード¥3,958・-7%）
camp-grill-plate	3	grill-shos-a4	0	amazonAsin	B07P2L1DH2	https://www.amazon.co.jp/dp/B07P2L1DH2	笑's A-4君専用グリルプレート アウトドア キャンプ 焚き火	笑's	A-4	2310	OK									
camp-grill-plate	4	grill-bushcraft	0	amazonAsin	B09GKQ7MXY	https://www.amazon.co.jp/dp/B09GKQ7MXY	Bush Craft Inc. ブッシュクラフト 焚き火グリルプレート【Sx】【T】アルミ 軽量 収納ケース付き	Bush		2970	OK									
camp-grill-plate	5	grill-shos-bgo	0	amazonAsin	B07D5FM7MC	https://www.amazon.co.jp/dp/B07D5FM7MC	笑's コンパクト焚き火グリル 「B-GO」 3点セット （B-GO本体+専用グリルプレート+専用ハードロストル） バーベキューグリル コンパクト焚き火グリル 焚き火 BBQ キャンプ ソロキャンプ 料理 焚き火料理 ステンレス 持ち運び簡単 組立簡単 バーベキュー アウトドア 登山	笑's		11000	OK	笑's コンパクト焚き火グリル 「B-GO」 グリルプレート3点セット/SHO-006S	10800	in_stock(cart) 残り5点 ご注文はお早めに 在庫状況 について	ok	-2%	marketplace	2026-09-21T22:37:19Z	campkit-20260921-37	笑's コンパクト焚き火グリル「B-GO」グリルプレート3点セット/SHO-006S（変種なし）。カード「3点セット（本体+グリルプレート+ハードロストル）」と構成一致。詳細欄は梱包サイズのみ＝例外(4)（タイトルの型番・構成で判断）。¥10,800（カード¥11,000・-2%）・残り5点。seller 京都のアウトドアショップ〜AQUA〜
camp-hammock	1	adepeche-3way-set	0	none			a.depeche 自立式ハンモック 3way 5点セット SHP-3WHMK ハンモックチェア スタンド 折りたたみ	a.depeche	3WAY SHP-3WHMK	20790	-									
camp-hammock	2	groovy-3way	0	amazonAsin	B07BYHSY8D	https://www.amazon.co.jp/dp/B07BYHSY8D	Groovy 自立式ハンモック 3way 折りたたみ ハンモックチェア スタンド	Groovy	3WAY	9720	OK									
camp-hammock	3	osoto-normal	0	amazonAsin	B01ANFAAFG	https://www.amazon.co.jp/dp/B01ANFAAFG	OSOTO ゆらふわモック ノーマルタイプ 自立式ハンモック 折りたたみ スタンド付 収納	OSOTO		8082	OK									
camp-hammock	4	marz-3way-long	0	none			marz 自立式ハンモック 3way ロング ハンモックチェア スタンド 折りたたみ	marz	3WAY	8980	-									
camp-hammock	5	osoto-long	0	amazonAsin	B072FMZZK6	https://www.amazon.co.jp/dp/B072FMZZK6	OSOTO ゆらふわモック ロングタイプ 自立式ハンモック 高身長対応 折りたたみ スタンド	OSOTO		9720	OK									
camp-headlight-beginner	1	headlight-sc200b-32g	0	amazonUrl		https://amzn.to/4w7ezVm	【圧倒的な高評価レビュー1400件超】【 最軽量32g 】 ヘッドライト LED 防水 登山 釣り キャンプ 登山用 アウトドア用 防災 災害対策 LEDヘッドライト ヘッドランプ LEDヘッドランプ LEDライト 乾電池式 SC-200B	ヘッドライト	SC-200B	1680	short_url									
camp-headlight-beginner	2	headlight-sr01l-sensor	0	none			【圧倒的な高評価レビュー1500件超】ヘッドライト 充電式ヘッドライト センサー点灯 ヘッドランプ LED 釣り 登山 アウトドア用 作業灯 軽量 長時間 SR-01L	ヘッドライト	SR-01L	2880	-									
camp-headlight-beginner	3	headlight-sc300r-400r	0	amazonUrl		https://amzn.to/4vY81Z1	ヘッドライト 充電式 LED 防水 登山 釣り キャンプ 登山用 アウトドア用 防災 災害対策 LEDヘッドライト ヘッドランプ LEDヘッドランプ LEDライト SC-300R SC-400R	ヘッドライト	SC-300R SC-400R	1480	short_url									
camp-headlight-beginner	4	headlight-6200lm	0	none			LOESOKO ヘッドライト YJ-T105 6200ルーメン 充電式 LED ヘッドランプ 軽量 防水 防塵	LOESOKO	YJ-T105	2799	-									
camp-headlight-beginner	5	ladweather-headlight-42g	0	amazonAsin	B096B3XDH3	https://www.amazon.co.jp/dp/B096B3XDH3	LAD WEATHER ラドウェザー LEDヘッドライト 充電式 超軽量42g センサー搭載 IP44 防塵・防水 USB充電 ブラック	LAD		1480	OK									
camp-hot-carpet	1	yamazen-sut-102	0	amazonAsin	B0FHVRNHCT	https://www.amazon.co.jp/dp/B0FHVRNHCT	山善 ホットカーペット SUT-102 1畳 170×85cm 本体	山善	SUT-102	6980	shared_asin	[山善] ホットカーペット 空気をキレイにする 電気カーペット 1畳 (170cm×85cm) 節電 ダニ対策機能 5段階温度調節 消臭 コンパクト収納 SUT-102	8980	in_stock(cart) 残り11点 ご注文はお早めに 在庫状況 について	ok	+29%	amazon	2026-09-21T22:37:23Z	campkit-20260921-37	山善 ホットカーペット SUT-102・「1畳／a)新モデル」変種（B0FHVRNHCT）・170×85cm・本体（ホットカーペット単体）。カード「SUT-102 1畳 170×85cm 本体」と一致。¥8,980（カード¥6,980・+29%）・残り11点
camp-hot-carpet	2	yamazen-yzd-101fl	0	none			山善 ホットカーペット フローリング調 YZD-101FL 1畳 170×85cm ライトブラウン 本体	山善	YZD-101FL	12800	-									
camp-hot-carpet	3	watanabe-whc-105	0	amazonAsin	B0B4ZS2SHR	https://www.amazon.co.jp/dp/B0B4ZS2SHR	ワタナベ工業 電気カーペット WHC-105 1畳 88×176cm 本体 日本製	ワタナベ工業	WHC-105	5480	OK	ワタナベ工業 ラグ･カーペット 電気カーペット 1畳 本体 温度調節 コンパクト 日本製 WHC-105	6013	in_stock(cart) 残り1点（入荷予定あり） 在庫状況 について	ok	+10%	amazon	2026-09-21T22:37:26Z	campkit-20260921-37	ワタナベ工業 電気カーペット WHC-105 1畳 本体・88×176cm・220W・日本製（変種なし）。カードと一致。¥6,013（カード¥5,480・+10%）・残り1点（入荷予定あり）
camp-hot-carpet	4	hitachi-hhlu-s2020	0	none			日立 ホットカーペット HHLU-S2020 2畳 176×176cm 本体	日立	HHLU-S2020	14980	-									
camp-hot-carpet	5	sugiyama-na-171tm	0	amazonAsin	B001D5O8HM	https://www.amazon.co.jp/dp/B001D5O8HM	椙山紡織 ホットテーブルマット NA-171TM 60×110cm ブラウン 木目調	椙山紡織	NA-171TM	6580	OK	Sugiyama ホットテーブルマット NA-171TM	6979	in_stock(cart) 残り9点 ご注文はお早めに 在庫状況 について	ok	+6%	marketplace	2026-09-21T22:37:30Z	campkit-20260921-37	椙山紡織 ホットテーブルマット NA-171TM・60×110cm・140W・日本製（変種なし）。カードと型番・寸法一致（Amazon のカラー欄「ナチュラル」は木目調の表記差）。¥6,979（カード¥6,580・+6%）。seller PC FREAK（家電小売・詳細欄あり）
camp-kettle-recommend	1	campingmoon-kettle-alu	0	amazonAsin	B09W67C7XK	https://www.amazon.co.jp/dp/B09W67C7XK	キャンピングムーン キャンプケトル 直火 やかん 1.0L アルミ 軽量 コンパクト	キャンピングムーン		1620	OK	キャンピングムーン(CAMPING MOON) アルマイト フェミナ ケットル ケトル 1-2人用 1.0L S1000 グレー	1982	in_stock(cart) 在庫あり。	ok	+22%	amazon	2026-09-21T22:37:34Z	campkit-20260921-37	キャンピングムーン アルマイト ケトル・「1.0L S1000」変種（B09W67C7XK）・グレー・180g・アルミ。カード「1.0L アルミ」と一致（同ページに 1.5L S1500／2.0L S2000）。¥1,982（カード¥1,620・+22%）
camp-kettle-recommend	2	vastland-kettle-13l	0	amazonAsin	B0B1PVD4SL	https://www.amazon.co.jp/dp/B0B1PVD4SL	VASTLAND キャンプケトル アウトドアケトル やかん 1.3L アルミ 直火対応	VASTLAND		1980	OK									
camp-kettle-recommend	3	campingmoon-kettle-flat	0	amazonAsin	B09W65V1VC	https://www.amazon.co.jp/dp/B09W65V1VC	キャンピングムーン キャンプケトル 直火 やかん 1.5L アルミ フラット型 防錆	キャンピングムーン		2180	OK									
camp-kettle-recommend	4	fielddoor-titanium-kettle	0	amazonAsin	B09JG6FCF5	https://www.amazon.co.jp/dp/B09JG6FCF5	FIELDOOR チタンケトル 700ml 約14.5cm チタン製 軽量 コンパクト 直火 キャンピングケトル	FIELDOOR		4510	OK									
camp-kettle-recommend	5	campingmoon-kettle-steel	0	amazonAsin	B0CZDLNXC2	https://www.amazon.co.jp/dp/B0CZDLNXC2	キャンピングムーン ケトル ステンレス SW-1 シルバー 直火・焚き火 1.0L 吊り下げ コーヒーケトル	キャンピングムーン	SW-1	3560	OK									
camp-knife-beginner	1	mora-companion	0	amazonUrl		https://amzn.to/4gyYcMj	アウトドア用品 キャンピング折込包丁 ステンレス製 刃渡り11.5cm （ キャプテンスタッグ キャンプ用品 調理器具 CAPTAIN STAG 折りたたみ ナイフ キッチンツール グッズ バーベキュー BBQ ）	アウトドア用品		2330	short_url									
camp-knife-beginner	2	opinel-no8	0	amazonUrl		https://amzn.to/4w48KaN	belmont ベルモント BM-164 フィールドナイフ 倭 yamato SUS6A フルタングブレード 牛革ケース付き 日本製	belmont	BM-164 SUS6A	7700	short_url									
camp-knife-beginner	3	victorinox-hunter	0	amazonUrl		https://amzn.to/3ScHloF	キャンプ まな板セット 5点 COOK'N'ESCAPE 収納ケース＆カトラリー袋 ウォールナット チタンまな板 フォールディングナイフ コンパクト 折りたたみ アウトドア ソロキャンプ 包丁 ナイフ キャンプ用 調理器具 料理器具	キャンプ		5750	short_url									
camp-knife-beginner	4	spyderco-tenacious	0	amazonUrl		https://amzn.to/4w3gF8i	belmont/ベルモント BM-163 フィールドナイフ IP-倭-yamato SUS6A キャンプ インドア アウトドア 防災 おしゃれ 収納 牛革 ナイフ 収納ケース 日本製 フルタングブレード バトニング ヌメ革 IPメッキ ダガー サバイバル かっこいい	belmont/ベルモント	BM-163 SUS6A	9350	short_url									
camp-knife-beginner	5	buck-110	0	amazonUrl		https://amzn.to/4voFdsm	ロゴス Bamboo ナイフ＆まな板セット 81280009 キャンプ クッキング LOGOS	ロゴス	81280009	4950	short_url									
camp-lantern-led	1	soomloom-helio5000	1	amazonUrl		https://amzn.to/4fk30mJ	Soomloom 2Wayランタン Helio5000 スームルームランタン 最大300ルーメン 5000mAh LED ランタン 懐中電灯 2way キャンプライト USB Type-C充電 調節可能 キャンプランタン アウトドア 防災 防水レベルIPX4 LEDミニランタン アウトドア	Soomloom	2WAY HELIO5000	2970	short_url									
camp-lantern-led	2	rakuten-led-63	1	amazonUrl		https://amzn.to/3SPbT01	楽天総合1位 LED ランタン 63灯 USB 手回し ソーラー 電池 車載充電 アウトドア 充電式 懐中電灯 キャンプ 登山 停電 防災対策	楽天総合1位		3498	short_url									
camp-lantern-led	3	lad-weather-led	1	amazonUrl		https://amzn.to/4ffDxum	驚異の明るさ1,000ルーメン！LEDランタン 防滴 防塵 電池式 乾電池式 LED ランタン LEDライト/防災/防災グッズ/キャンプ用品 アウトドア用品 LAD WEATHER ラドウェザー 送料無料	驚異の明るさ1,000ルーメン！LEDランタン		2280	short_url									
camp-lantern-led	4	bruno-led-lantern	1	amazonUrl		https://amzn.to/4vY7ruj	当店限定色あり《全8色》ブルーノLEDランタン BRUNO LED LANTERN ライト 電灯 電池式 無段階調光 持ち手付き 雑貨 アンティーク ギフト プレゼント 新生活 防災グッズ 災害 非常用 ベランピング ピクニック BBQ おしゃれ キャンプ アウトドア	当店限定色あり《全8色》ブルーノLEDランタン		2750	short_url									
camp-lantern-led	5	led-lantern-1000lm	1	amazonUrl		https://amzn.to/4vtIAxw	【楽天10冠1位 輝度1000LM x 専門雑誌掲載】150時間使用可 5000mAh LEDランタン 充電式ランタン 防災グッズ キャンプランタン 充電式ランタン キャンプ ランタン 充電式 ランタン ランタン 防災 非常用 送料無料	150時間使用可		4980	short_url									
camp-lighting-guide	1	mol-l1200	0	amazonUrl		https://amzn.to/4vrRTxO	M.O.L 充電式 LEDランタン 1200lm MOL-L1200 [LEDライト 照明 キャンプ アウトドア ランプ]	M.O.L	MOL-L1200	4280	short_url									
camp-lighting-guide	2	mol-l400	0	amazonUrl		https://amzn.to/4aQTeHa	M.O.L 充電式LEDランタン MOL-L400 (ロープハンドル／最大400lm) [MOL ランタン LEDライト 照明 キャンプ アウトドア ランプ 防災]	M.O.L	MOL-L400	2980	short_url									
camp-lighting-guide	3	balmuda-the-lantern-l02a	0	amazonUrl		https://amzn.to/44wETMv	BALMUDA The Lantern L02A ブラック バルミューダ ザ・ランタン LED 充電式 調光	BALMUDA	L02A	15950	short_url									
camp-lighting-guide	4	kzm-gilbert-lantern	0	amazonAsin	B09QM8KYZ3	https://www.amazon.co.jp/dp/B09QM8KYZ3	KZM ギルバートランタン LEDランタン ランタン 充電式 停電 防災 キャンプ 吊り下げ 置き型 LED ランプ レトロ アンティーク おしゃれ かっこいい 明るい 調光 コードレス ソロキャンプ 収納 携帯 持ち運び 照明 ライト 防災グッズ 防災用品	KZM		19800	OK									
camp-lighting-guide	5	solar-lantern-1800lm	0	none			Hokonui LEDランタン ソーラーランタン S-YYD-rt101-BK USB充電式 1800ルーメン 5000mAh 折り畳み式 防水	Hokonui	S-YYD-RT101-BK	2900	-									
camp-nata	1	nata-takibi-110	0	amazonAsin	B08F9MX477	https://www.amazon.co.jp/dp/B08F9MX477	アウトドア ナイフ 多喜火鉈110mm ナタ キャンプ 鉈 バトニングナイフ 薪割りナイフ 薪割り 両刃 バトニング フルタング 焚き火 焚火	アウトドア		11000	OK									
camp-nata	2	nata-daishin-tetsuhiro-180	0	amazonAsin	B00BMGCDNS	https://www.amazon.co.jp/dp/B00BMGCDNS	大進 哲寛 鋼付 ナタ片刃 180MM 鉈 なた ナタ 園芸 ガーデニング 農業 庭 農作業 家庭菜園 キャンプ アウトドア	大進		3400	OK									
camp-nata	3	nata-daishin-dgn001	0	amazonAsin	B081N3X8X1	https://www.amazon.co.jp/dp/B081N3X8X1	大進 鉈 鋼付 両刃 165mm グリップ性能に優れた樹脂柄 DG-N001 アウトドア キャンプ サバイバル 枝打ち ナタ なた 園芸	大進	DG-N001	3200	OK									
camp-nata	4	nata-senkichi-ebinata	0	amazonAsin	B003VUV3A2	https://www.amazon.co.jp/dp/B003VUV3A2	千吉 日本製 鉈 小型石付き エビ鉈 枝打ち 薪割り 薪割りナタ なた ナタ 両刃 全鋼 キャンプ 道具 携帯用	千吉		3040	OK									
camp-nata	5	nata-bohken-ns180	0	amazonAsin	B000FFL0X6	https://www.amazon.co.jp/dp/B000FFL0X6	鉈 なたとのこ2丁組 NS-180 なたとのこぎりがセット（薪割り 道具 庭木 剪定 のこぎり 登山 なた ノコギリ セット アウトドア キャンプ）	鉈	NS-180	4800	OK									
camp-oil-stove	1	alpaca-plus-ts77	0	amazonAsin	B0G1YDBHCD	https://www.amazon.co.jp/dp/B0G1YDBHCD	ALPACA(アルパカ) プラス ストーブ TS-77NC	ALPACA	TS-77NC	29920	shared_asin									
camp-oil-stove	2	toyotomi-rainbow-rl2524	0	amazonAsin	B0C5DDYDSL	https://www.amazon.co.jp/dp/B0C5DDYDSL	トヨトミ 石油ストーブ レインボー RL-2524	トヨトミ	RL-2524	32800	OK									
camp-oil-stove	3	toyotomi-ks67h	0	amazonAsin	B01AU4Z8F2	https://www.amazon.co.jp/dp/B01AU4Z8F2	トヨトミ 対流形石油ストーブ KS-67H(B)	トヨトミ	KS-67H	30580	OK									
camp-oil-stove	4	corona-sz-f32a	0	none			コロナ 対流形石油ストーブ SZ-F32A(CF)	コロナ	SZ-F32A	34800	-									
camp-oil-stove	5	generic-convection-8800	0	none			対流型石油ストーブ 小型（電源不要・収納袋付き）	対流型石油ストーブ		8800	-									
camp-pillow	1	komkom-air-pillow	0	none			Kom&Kom キャンプ枕 エアピロー ブラック コットンカバー付き 超軽量 収納袋付き 車中泊	Kom&Kom		2180	-									
camp-pillow	2	waq-relaxing-pillow	0	amazonAsin	B0BCFL5CB4	https://www.amazon.co.jp/dp/B0BCFL5CB4	WAQ RELAXING PILLOW キャンプ用まくら TAN(タン) 自動膨張式 連結 インフレータブル 1年保証	WAQ		3980	OK									
camp-pillow	3	zencamps-air-pillow	0	amazonAsin	B0DBHCCSKS	https://www.amazon.co.jp/dp/B0DBHCCSKS	ZEN Camps キャンプ枕 空気枕 エアピロー インフレータブル 携帯枕 コンパクト 軽量	ZEN		1782	OK									
camp-pillow	4	grandoor-urethane-pillow	0	none			GRANDOOR アウトドア枕 ウレタン 通気性 軽量 収納袋付き 登山	GRANDOOR		3980	-									
camp-pillow	5	origintree-air-pillow	0	none			OriginTree キャンプ枕 エアーピロー オレンジ 空気枕 高さ調節可能 人間工学デザイン 軽量 車中泊	OriginTree		1980	-									
camp-portable-power-beginner	1	jackery-500-new	1	amazonAsin	B0FBRK8GSP	https://www.amazon.co.jp/dp/B0FBRK8GSP	Jackery ポータブル電源 500 New 512Wh（JE-500A）	Jackery	JE-500A	59800	shared_asin									
camp-portable-power-beginner	2	ecoflow-river3-maxplus	1	amazonAsin	B0DJ1183KJ	https://www.amazon.co.jp/dp/B0DJ1183KJ	EcoFlow ポータブル電源 RIVER 3 Max Plus 858Wh	EcoFlow		69700	OK									
camp-portable-power-beginner	3	bluetti-aora30-v2	1	amazonAsin	B0FB3Y46SB	https://www.amazon.co.jp/dp/B0FB3Y46SB	BLUETTI ポータブル電源 AORA 30 V2 288Wh	BLUETTI		39800	shared_asin									
camp-portable-power-beginner	4	anker-solix-c300	1	amazonAsin	B0D5XGP6CW	https://www.amazon.co.jp/dp/B0D5XGP6CW	Anker Solix C300 Portable Power Station 288Wh ダークグレー	Anker	C300	49990	shared_asin									
camp-portable-power-beginner	5	jackery-240-new	1	amazonAsin	B0CZ7145K1	https://www.amazon.co.jp/dp/B0CZ7145K1	Jackery ポータブル電源 240 New 256Wh（JE-240A）	Jackery	JE-240A	32800	shared_asin									
camp-rainwear	1	rw-ocstyle-nasr100	0	amazonAsin	B08VNM2FVQ	https://www.amazon.co.jp/dp/B08VNM2FVQ	ネームレスエイジ アウトドアレイン NASR-100 レインウェア 上下セット(ポケット無PT) XL テラコッタ 耐水圧20000mm ストレッチ メンズ レディース	ネームレスエイジ	NASR-100	3500	OK									
camp-rainwear	2	rw-mizuno-a2mg8a01	0	amazonAsin	B0784B94T2	https://www.amazon.co.jp/dp/B0784B94T2	ミズノ mizuno ベルグテックEX ストームセイバーVI レインスーツ メンズ A2MG8A01 M ドレスネイビー 上下	ミズノ	A2MG8A01	15840	OK									
camp-rainwear	3	rw-workerbee-7572	0	amazonAsin	B09FXG2ZQ6	https://www.amazon.co.jp/dp/B09FXG2ZQ6	カジメイク 7572 4WAYストレッチシールドEX レインウェア 上下 ベージュ M 透湿 防水 ストレッチ メンズ レディース	カジメイク	4WAY	5480	OK									
camp-rainwear	4	rw-makku-as7100	0	amazonAsin	B08ZS99S9Q	https://www.amazon.co.jp/dp/B08ZS99S9Q	Makku マック レインウェア 上下セット AS-7100 ブルー M 耐水圧10000mm 透湿度5000g 男女兼用	Makku	AS-7100	3490	OK									
camp-rainwear	5	rw-makku-as900	0	none			レインウェア カッパ レインコート 上下セット MAKKUマック レイントラックジャケット＆パンツ AS-900 AS-950 レディースサイズ有り おしゃれ 雨ガッパ 通学 通勤 自転車 バイク 釣り レインスーツ 雨がっぱ 合羽 アウトドア キャンプ 散歩	レインウェア	AS-900 AS-950	5050	-									
camp-rice-cooker	1	yamazen-yje-m150	0	amazonAsin	B07MRDHV4B	https://www.amazon.co.jp/dp/B07MRDHV4B	山善(YAMAZEN) ミニ炊飯器 YJE-M150(B) ブラック 0.5〜1.5合炊き マイコン式	山善	YJE-M150	5480	OK									
camp-rice-cooker	2	paock-mrc-15	0	amazonAsin	B0BV6BXDHW	https://www.amazon.co.jp/dp/B0BV6BXDHW	PAOCK(パオック) ミニ炊飯器 MRC-15 0.5〜1.5合炊き コンパクト	PAOCK	MRC-15	3700	OK									
camp-rice-cooker	3	jpn-takerukun	0	amazonAsin	B00D65QFZU	https://www.amazon.co.jp/dp/B00D65QFZU	JPN公式 直流家 タケルくん DC12V専用 車載炊飯器 JPN-JR001 1.5合炊き	JPN公式	JPN-JR001	5980	OK									
camp-rice-cooker	4	car-rice-cooker-ee289	0	none			車載用炊飯器 DC12V/DC24V兼用 2合炊き 早炊き・保温機能付き	車載用炊飯器		5980	-									
camp-rice-cooker	5	kumazaki-mc-107	0	amazonAsin	B0BSPTPPPJ	https://www.amazon.co.jp/dp/B0BSPTPPPJ	クマザキエイム マルチライスクッカー MC-107R レッド×シャンパンゴールド 0.5〜2.5合炊き	クマザキエイム	MC-107R	7678	OK									
camp-skillet	1	cs-skillet-20	0	amazonAsin	B099KC98R6	https://www.amazon.co.jp/dp/B099KC98R6	キャプテンスタッグ スキレット 鉄 フライパン 20cm シーズニング不要 UG-3028	キャプテンスタッグ	UG-3028	1791	OK									
camp-skillet	2	cs-skillet-25	0	amazonAsin	B06XW4ZDCG	https://www.amazon.co.jp/dp/B06XW4ZDCG	キャプテンスタッグ スキレット 25cm UG-3029	キャプテンスタッグ	UG-3029	2779	OK									
camp-skillet	3	cs-skillet-frypan25	0	amazonAsin	B07PJTDL7N	https://www.amazon.co.jp/dp/B07PJTDL7N	LODGE(ロッジ) ロジック スキレット 6-1/2インチ L3SK3 正規輸入品	LODGE	L3SK3	4290	OK									
camp-skillet	4	cs-skillet-mini	0	amazonAsin	B01CRVT43S	https://www.amazon.co.jp/dp/B01CRVT43S	キャプテンスタッグ スキレット ミニ 鉄製 シーズニング不要 UG-3015	キャプテンスタッグ	UG-3015	1788	OK									
camp-skillet	5	barebones-skillet	0	amazonAsin	B01M2BTDCD	https://www.amazon.co.jp/dp/B01M2BTDCD	Barebones Living スキレット 10インチ 鋳鉄 アウトドア クッカー	Barebones		3360	OK									
camp-sleeping-mat	1	thick-inflater-mat-75cm	0	amazonUrl		https://amzn.to/44pfNzd	camdoor インフレーターマット 厚手10cm 枕付き 幅75cm ベージュ 自動膨張式 極厚 車中泊マット	camdoor		7480	short_url									
camp-sleeping-mat	2	bears-rock-inflatable-5cm	0	amazonUrl		https://amzn.to/4bFIFXE	Bears Rock 自動膨張式 キャンプマット MT-105 5cm シングル 枕付き チャコールブラウン インフレータブルマット 車中泊	Bears	MT-105	4980	short_url									
camp-sleeping-mat	3	coleman-camper-inflater-highpeak	0	amazonUrl		https://amzn.to/4eWrpQc	コールマン Coleman キャンパーインフレーターマット ハイピーク ダブルサイズ 2000036154	コールマン	2000036154	16198	short_url									
camp-sleeping-mat	4	fieldoor-folding-cushion-mat	0	amazonUrl		https://amzn.to/4gC5DTc	FIELDOOR 折りたたみレジャーマット クッションマット 180cm×60cm 厚さ2cm シングル グリーン ディンプル加工 軽量	FIELDOOR		1870	short_url									
camp-sleeping-mat	5	r893-inflater-mat	0	none			PYKES PEAK インフレーターマット 8cm R値8.93 スタンダードサイズ ブラック 自動膨張式 車中泊マット	PYKES		5980	-									
camp-smoker	1	sm-honma-f240s	0	amazonAsin	B08XVXVC28	https://www.amazon.co.jp/dp/B08XVXVC28	ホンマ製作所 ステンレススモーカー F-240S	ホンマ製作所	F-240S	7800	OK									
camp-smoker	2	sm-soto-smokehouse	0	amazonAsin	B000AR1KGQ	https://www.amazon.co.jp/dp/B000AR1KGQ	SOTO 燻家（スモークハウス）ST-114	SOTO	ST-114	1870	OK									
camp-smoker	3	sm-camerons-mini	0	amazonAsin	B000231AXG	https://www.amazon.co.jp/dp/B000231AXG	キャメロンズ ミニスモーカー Camerons	キャメロンズ		4950	OK									
camp-smoker	4	sm-easy-smoker	0	amazonAsin	B07HGPML44	https://www.amazon.co.jp/dp/B07HGPML44	EASY SMOKER イージースモーカー	EASY		5280	OK									
camp-smoker	5	sm-cocktail-smoker	0	none			カクテルスモーカー（スモークガン）	カクテルスモーカー		2980	-									
camp-table-folding	1	mermont-alumi-table	1	amazonUrl		https://amzn.to/4fAr7P2	【クーポンで5%OFF】【楽天1位】アウトドア テーブル キャンプテーブル 折りたたみ アルミテーブル 軽量 折りたたみテーブル キャンプ バーベキュー テーブル レジャーテーブル アウトドア 高さ調節 伸縮 コンパクト BBQ おしゃれ 車中泊 MERMONT 送料無料	アウトドア		3280	short_url									
camp-table-folding	2	mesh-table-135x60	1	none			アウトドア テーブル 耐荷重50kg 135*60cm 収納袋付き 二つ折り メッシュテーブル 軽量 折りたたみテーブル 折り畳みテーブル スチール キャンプ用品 バーベキュー BBQ 高さ調整 キャンプテーブル 便利 キャンプ テーブル 家族 網 黒	アウトドア		4980	-									
camp-table-folding	3	yamazen-wood-alumi-table	1	amazonUrl		https://amzn.to/4w7ewc8	アウトドアテーブル 折りたたみ アルミ 軽量 木目 ブラウン ホワイト 120cm 180cm 240cm 大きい アウトドア キャンプ バーベキュー テーブル レジャーテーブル 折りたたみテーブル 山善 YAMAZEN キャンパーズコレクション 【送料無料】	アウトドアテーブル		4990	short_url									
camp-table-folding	4	fieldoor-table-bench-set-90	1	amazonAsin	B071HW4LNR	https://www.amazon.co.jp/dp/B071HW4LNR	【楽天1位】アウトドアテーブル 折りたたみ ベンチ 2脚 セット 幅 90cm アルミ 軽量 レジャーテーブル アウトドア テーブル セット イス チェア ベンチ 分離 分割 タイプ ローテーブル ロータイプ キャンプ アウトドア 運動会 FIELDOOR 1年保証 ■[送料無料]	アウトドアテーブル		7920	OK									
camp-table-folding	5	campingmoon-field-rack	1	amazonUrl		https://amzn.to/4ff5mmH	[公式] フィールドラック キャンピングムーン キャンプ アウトドア テーブル ラック 天板 折りたたみ 式 コンパクト 軽量 薄型 メッシュ ブラック 4個 2段 2枚 3個 ケース トートセット ファミリー おしゃれ キャンプテーブル セット	フィールドラック		2680	short_url									
camp-table-set	1	tableset-rank-1	1	amazonUrl		https://amzn.to/4wBnEp9	アウトドアテーブル 折りたたみ ベンチ 2脚 セット 幅 90cm アルミ 軽量 レジャーテーブル アウトドア テーブル セット イス チェア ベンチ 分離 分割 タイプ ローテーブル	アウトドアテーブル		7480	short_url									
camp-table-set	2	tableset-rank-2	1	amazonUrl		https://amzn.to/43PEwfC	アウトドアテーブル 折りたたみ ベンチ 2脚 セット 幅 110cm アルミ 軽量 レジャーテーブル アウトドア テーブル セット イス チェア ベンチ 分離 分割 タイプ ローテーブル	アウトドアテーブル		11000	short_url									
camp-table-set	3	tableset-rank-3	1	amazonUrl		https://amzn.to/4voFonw	レジャーテーブル セット 折りたたみ テーブル チェア 4脚 セット 幅 120cm レジャー テーブル イス アウトドア テーブル セット チェア キャンプ お花見 運動会 防災グッズ MERMONT	レジャーテーブル		5580	short_url									
camp-table-set	4	tableset-rank-4	1	amazonUrl		https://amzn.to/4oMDbA4	アウトドア キャンプ 折りたたみ テーブルチェアセット 軽量 アルミ ピクニックテーブル ベンチ レジャー キャンプテーブル セット 2段階 高さ調節 チェアベンチ収納式 椅子付き	アウトドア		5478	short_url									
camp-table-set	5	tableset-rank-5	1	amazonUrl		https://amzn.to/4w1P47k	折りたたみテーブル 120cm アウトドア テーブル 折りたたみ 木目調 テーブル チェア チェアセット レジャーテーブル アウトドアテーブル 軽量 アルミ 折りたたみテーブル 高さ調節	折りたたみテーブル		4480	short_url									
camp-tarp-beginner	1	dod-itsukano-tarp	0	amazonUrl		https://amzn.to/3Qjr5l7	DOD タープ いつかのタープ TT5-631-TN dod アウトドア キャンプ ヘキサタープ ポリエステル ポール ペグ ロープ付属 初心者 簡単	DOD	TT5-631-TN	9680	short_url									
camp-tarp-beginner	2	fieldoor-onetouch-tarp-3x3	0	amazonUrl		https://amzn.to/4elVqsq	【楽天1位】遮光/遮熱モデル追加！FIELDOOR ワンタッチタープテント 3m×3m 頑丈 スチール テント タープ 300 3.0m ワンタッチテント ワンタッチタープ ワンタッチ 大型 簡単 UVカット 撥水 日よけ プール イベント アウトドア キャンプ BBQ 1年保証 ★[送料無料]	遮光/遮熱モデル追加！FIELDOOR		8800	short_url									
camp-tarp-beginner	3	bearsrock-shirokuma-square-tarp	0	amazonUrl		https://amzn.to/4uLj2f3	Bears Rock しろくまスクエアタープ SQT-401 3×3m カーキ ポール2本付き 正方形 タープ	Bears	SQT-401	6600	short_url									
camp-tarp-beginner	4	hexa-tarp-500x480	0	amazonUrl		https://amzn.to/4uPz4V8	DABADA ヘキサタープ 500×480cm サンドベージュ 耐水圧2000mm ペグ・ロープ付き UVカット	DABADA		8998	short_url									
camp-tarp-beginner	5	fieldoor-hexa-tarp-m440	0	amazonUrl		https://amzn.to/4oDuaJi	FIELDOOR ヘキサタープ Mサイズ 440cm×470cm ライトベージュ：標準タイプ タープ本体のみ（ポールなし）4人〜6人用 UVカット 高耐水	FIELDOOR		4510	short_url									
camp-windscreen	1	windscreen-pineagle-reflector	0	amazonAsin	B076B85VWP	https://www.amazon.co.jp/dp/B076B85VWP	Pin-Eagle 風防板 リフレクター（60×120cm・折りたたみ）	Pin-Eagle		3980	OK									
camp-windscreen	2	windscreen-wakufimac-large	0	amazonAsin	B09K7K8D4Q	https://www.amazon.co.jp/dp/B09K7K8D4Q	waku fimac 大型風防板 リフレクター（ウインドスクリーン）	waku		2980	OK									
camp-windscreen	3	windscreen-dreambrother-compact	0	none			dream-brother 焚き火陣幕 コンパクト グリーン（コットン）	dream-brother		4690	-									
camp-windscreen	4	windscreen-onetigris-tc	0	none			OneTigris ポリコットンTC 陣幕 前幕 CE-QZM01-CB ブラウン	OneTigris	CE-QZM01-CB	8390	-									
camp-windscreen	5	windscreen-dreambrother-2set	0	none			dream-brother 焚き火陣幕＋焚き火シート 2点セット グリーン	dream-brother		5980	-									
captain-stag-bonfire	1	cs-hexa-l	0	amazonAsin	B001VEJ3O8	https://www.amazon.co.jp/dp/B001VEJ3O8	キャプテンスタッグ ヘキサ ステンレス ファイアグリル L(3-4人用) M-6500	キャプテンスタッグ	M-6500	7310	OK									
captain-stag-bonfire	2	cs-kamado-b5	0	amazonAsin	B0787TR5VY	https://www.amazon.co.jp/dp/B0787TR5VY	キャプテンスタッグ カマド スマートグリル B5型(3段調節) UG-42	キャプテンスタッグ	UG-42	2886	OK									
captain-stag-bonfire	3	cs-hexa-m	0	amazonAsin	B003AKZ7BE	https://www.amazon.co.jp/dp/B003AKZ7BE	キャプテンスタッグ ヘキサ ステンレス ファイアグリル M(2-3人用) M-6498	キャプテンスタッグ	M-6498	4558	OK									
captain-stag-bonfire	4	cs-kamado-b6	0	amazonAsin	B0788RWCKD	https://www.amazon.co.jp/dp/B0788RWCKD	キャプテンスタッグ カマド スマートグリル B6型3段調節 UG-43	キャプテンスタッグ	UG-43	2170	OK									
captain-stag-bonfire	5	cs-solo-light	0	amazonAsin	B0B123BT82	https://www.amazon.co.jp/dp/B0B123BT82	キャプテンスタッグ 焚火台 ソロライトグリル UG-0093 ステンレス製 収納バッグ付き	キャプテンスタッグ	UG-0093	4980	OK									
captain-stag-chair	1	cs-charmant	0	amazonUrl	B0BS8P5T8N	https://amzn.to/4aakUGH	キャプテンスタッグ CSシャルマン ラウンジチェア ミニ アイボリー UC-1844 ドリンクホルダー付き 軽量アルミ製	キャプテンスタッグ	UC-1844	1880	short_url,both_forms									
captain-stag-chair	2	cs-joule	0	amazonUrl	B000NJK42C	https://amzn.to/4fZHpSl	キャプテンスタッグ ジュール ラウンジチェア ブラック キャンプチェア	キャプテンスタッグ		2013	short_url,both_forms									
captain-stag-chair	3	cs-lounge-green	0	amazonUrl	B0H5QXLVTF	https://amzn.to/4eGIMmF	キャプテンスタッグ CS ラウンジチェア グリーン キャンプチェア	キャプテンスタッグ		2090	short_url,both_forms									
captain-stag-chair	4	cs-relax-cushion	0	amazonUrl	B06XT1DT5V	https://amzn.to/448ZrdX	キャプテンスタッグ CSクラシックス リラックスクッションチェア UC-1647	キャプテンスタッグ	UC-1647	6460	short_url,both_forms									
captain-stag-chair	5	cs-bench	0	amazonUrl	B0756JFNN6	https://amzn.to/4w0c6LT	キャプテンスタッグ CSブラックラベル 背付きベンチ UC-1660	キャプテンスタッグ	UC-1660	8390	short_url,both_forms									
captain-stag-table	1	cs-roll-table-m3713	0	amazonAsin	B000AR4TJQ	https://www.amazon.co.jp/dp/B000AR4TJQ	キャプテンスタッグ アルミロールテーブル コンパクト M-3713 ローテーブル	キャプテンスタッグ	M-3713	2509	OK									
captain-stag-table	2	cs-laforet-uc510	0	amazonAsin	B00CZ749C6	https://www.amazon.co.jp/dp/B00CZ749C6	キャプテンスタッグ ラフォーレ アルミツーウェイテーブル アジャスター付 M 60×120cm UC-510	キャプテンスタッグ	UC-510	6397	OK									
captain-stag-table	3	cs-bistro-hightable	0	amazonAsin	B09NBKVJXF	https://www.amazon.co.jp/dp/B09NBKVJXF	キャプテンスタッグ ビストロ フォールディングテーブル UC-0572 90×45cm 高さ4段階調整 アルミ ハイテーブル 木目ブラウン	キャプテンスタッグ	UC-0572	6580	OK									
captain-stag-table	4	cs-blacklabel-uc551	0	amazonAsin	B081V29MSV	https://www.amazon.co.jp/dp/B081V29MSV	キャプテンスタッグ CSブラックラベル アルミツーウェイロールテーブル type2 UC-551 高さ70cm ハイ・ロー切替 ブラック	キャプテンスタッグ	TYPE2 UC-551	8380	OK									
captain-stag-table	5	cs-laforet-uc513	0	amazonAsin	B00CZ7499Y	https://www.amazon.co.jp/dp/B00CZ7499Y	キャプテンスタッグ ラフォーレ アルミツーウェイサイドテーブル アジャスター付 60×45cm UC-513	キャプテンスタッグ	UC-513	4280	OK									
car-camp-bed-kit	1	car-rank-1	1	amazonAsin	B0BWX6DWMK	https://www.amazon.co.jp/dp/B0BWX6DWMK	キャンプ マット 車中泊 [ 極厚 10cm 撥水 1分で自動で膨らむ 22mmの大型バルブ 補修キット付き ] キャンプマット 車中泊マット マットレス エアーマット エアベッド エアマット ベッド 車 テント アウトドア 登山 キャンプ用品 防災 グッズ LAD WEATHER ラドウェザー	キャンプ		5980	shared_asin									
car-camp-bed-kit	2	car-rank-2	1	none			【全国送料無料】車用ベッド エアーベッド SUV車用ベッド マット 車中泊ベッド アウトドア 電動エアーポンプ付き 車載 キャンプ用 後部座席用 エアーマット ベッドキット キャンプ用品 マットレス エアーピロー2個付き 快適空間 仮眠 ピクニック 旅行 段差解消 進化版	車用ベッド		6880	-									
car-camp-bed-kit	3	car-rank-3	1	none			エアーマット PVC 自動膨張 40cm シングル ダブル キングサイズ 極厚 エアーベッド シングルサイズ 自動 補修キット 寝心地 コンパクト ボタン式 厚み エアベッド 無線ポップ アウトドア キャンプ 来客用 車中泊マット 空気ベッド エアーマット	エアーマット		11480	-									
car-camp-lighting	1	sbn21-led-1000	1	none			LEDランタン ライト 充電式 安心保証付き 1個/お得2個 モバイルバッテリー機能 Type-C usb led+ランタン LEDライト キャンプ フック カラビナ マグネット付き 1000円ポッキリ アウトドア テント 読書 車内照明 コンパクト 防災台風対策 防災グッズ 1000円ポッキリ 送料無料	LEDランタン		1000	-									
car-camp-lighting	2	mtk-led-1600	1	amazonAsin	B0CCHS8K8S	https://www.amazon.co.jp/dp/B0CCHS8K8S	【一部予約販売 7月上旬】高評価★4.65★ ランタン LEDランタン 充電式 1600ルーメン リモコン付き マグネット 吊るし 防水 明るい 暖色 最強 1000ルーメン以上 長時間 LEDランプ LEDライト アウトドア キャンプ 車中泊 夜釣り 防災グッズ	高評価★4.65★		3580	shared_asin									
car-camp-lighting	3	zashbear-led-1000	1	none			限定クーポン！【NHKあさイチで紹介！明るさにびっくり！】ランタン 充電式 送料無料 led 1000ルーメン ライト キャンプ ZASHBEAR LEDランタン usb充電 キャンプ用品 アウトドア 暖色 防水 懐中電灯 防災 車中泊 災害用 停電 充電 キャンプ	限定クーポン！		3390	-									
car-camp-lighting	4	livelife-aurora-1200	1	amazonAsin	B09QCXMY6J	https://www.amazon.co.jp/dp/B09QCXMY6J	ギフト 台風 防災グッズ 地震 台風 充電式 LEDランタン LIVELIFE Aurora1200ルーメン ランタン 防災用 台風 暖色 キャンプ ランプ usb充電式 5200mAh マグネット 吊り下げ式 非常灯 SOSライト led電球 モバイルバッテリー機能 小型 明るい 車中泊	ギフト	AURORA1200	2695	OK									
car-camp-lighting	5	fukubook-magnet-led	1	none			マグネット 充電式 LEDランタン 吊り下げ マグネット対応 小型ライト 車中泊 キャンプ アウトドア コンパクトライト ソロキャンプ 登山 ランタンLED ランタン充電式 ライト 車中泊ライト くっつく 小さい 車 車内 コンパクト 可愛い 丸い かわいい	マグネット		2980	-									
car-camp-mat	1	bears-rock-mt108f	1	none			Bears Rock 車中泊マット MT-108F 8cm ベーシックモカスエード×ブラック 自動膨張式	Bears	MT-108F	7350	-									
car-camp-mat	2	onlystyle-shachu-mat	1	amazonAsin	B0052SR9JK	https://www.amazon.co.jp/dp/B0052SR9JK	オンリースタイル 車中泊専用マット 標準サイズ 1枚	オンリースタイル		17600	OK									
car-camp-mat	3	onetigris-dreamstar	1	amazonAsin	B0DH2GKQFD	https://www.amazon.co.jp/dp/B0DH2GKQFD	OneTigris DREAMSTAR インフレータブルマット 厚さ8cm R値6.3 グレー	OneTigris		13013	shared_asin									
car-camp-mat	4	fieldoor-shachu-s	1	none			FIELDOOR 車中泊マット Sサイズ 60×188cm 厚さ10cm ベージュ 大型二重バルブタイプ	FIELDOOR		5940	-									
car-camp-mat	5	quickcamp-qc-cm5	1	none			クイックキャンプ(QUICKCAMP) エアーマット QC-CM5 厚さ5cm グレー シングルサイズ	クイックキャンプ	QC-CM5	5480	-									
car-shade	1	liberesta-umbrella-shade	0	none			LIBER-E 傘式サンシェード 車 フロント用	LIBER-E		2680	-									
car-shade	2	hariti-magnet-curtain	0	none			Hariti マグネットカーテン 2枚入り（M/L）車用サンシェード	Hariti		1480	-									
car-shade	3	hobbyman-car-curtain	0	amazonAsin	B09FJ7JL5B	https://www.amazon.co.jp/dp/B09FJ7JL5B	趣味職人 日本製 車カーテン 汎用（間仕切り・日除け）	趣味職人		1999	OK									
car-shade	4	autorder-front-shade	0	none			autorder 汎用フロントサンシェード（XS〜6サイズ展開）	autorder		1780	-									
car-shade	5	hobbyman-mesh-magnet-curtain	0	amazonAsin	B0FVDQ35DJ	https://www.amazon.co.jp/dp/B0FVDQ35DJ	趣味職人 マグネットカーテン メッシュタイプ 大判90cm（日本縫製）	趣味職人		1180	OK									
car-side-tarp	1	fielddoor-carside-230	0	amazonAsin	B0DNQ2NF9F	https://www.amazon.co.jp/dp/B0DNQ2NF9F	FIELDOOR カーサイドタープ 230cm×280cm ボルドー：標準タイプ タープ本体のみ（ポールなし）ワンタッチ 車用 UVカット 高耐水 吸盤 連結 サンシェード	FIELDOOR		7480	OK									
car-side-tarp	2	sharestyle-shelter-330	0	amazonAsin	B0BH8MXKSR	https://www.amazon.co.jp/dp/B0BH8MXKSR	シェアスタイル カーサイドシェルター 330cm×350cm 耐水圧1500mm スカート付き 6人用 車用 オーニング	シェアスタイル		19800	OK									
car-side-tarp	3	fielddoor-shelter-blackout	0	amazonAsin	B0G1S4PBRK	https://www.amazon.co.jp/dp/B0G1S4PBRK	FIELDOOR カーサイドシェルター 完全遮光 PUコーティング 耐水圧16,000mm フルクローズ UVカット 遮熱 メッシュ 1年保証	FIELDOOR		14850	OK									
car-side-tarp	4	sharestyle-onetouch-280	0	amazonAsin	B0CWGM5F4F	https://www.amazon.co.jp/dp/B0CWGM5F4F	シェアスタイル ワンタッチ カーサイドシェルター 280cm×330cm 耐水圧2000mm スカート付き 簡単設営 車用	シェアスタイル		19840	OK									
car-side-tarp	5	ogawa-carside-al2	0	amazonAsin	B08SJ24L6Q	https://www.amazon.co.jp/dp/B08SJ24L6Q	小川キャンパル OGAWA カーサイドタープ AL-II (AL-2) 車用	小川キャンパル	AL-2	31900	OK									
cassette-gas-heater	1	iwatani-dekadan3	0	amazonAsin	B0FN821Y16	https://www.amazon.co.jp/dp/B0FN821Y16	イワタニ カセットガスストーブ デカ暖3 CB-STV-DKD3	イワタニ	CB-STV-DKD3	21700	shared_asin									
cassette-gas-heater	2	iwatani-kazedan-gfh5	0	amazonAsin	B0B7BDQWCY	https://www.amazon.co.jp/dp/B0B7BDQWCY	イワタニ カセットガスファンヒーター 風暖 CB-GFH-5	イワタニ	CB-GFH-5	29980	OK									
cassette-gas-heater	3	iwatani-dekadan2	0	amazonAsin	B0B7B6559B	https://www.amazon.co.jp/dp/B0B7B6559B	イワタニ カセットガスストーブ デカ暖2 CB-STV-DKD2 ダークブラウン	イワタニ	CB-STV-DKD2	21800	OK									
cassette-gas-heater	4	iwatani-izamaru	0	amazonAsin	B0G7CQWG2M	https://www.amazon.co.jp/dp/B0G7CQWG2M	イワタニ カセットフー こんろ＆ストーブ イザまる CB-IZ-1	イワタニ	CB-IZ-1	14850	OK									
cassette-gas-heater	5	iwatani-maidan3	0	amazonAsin	B0DBV3BYP1	https://www.amazon.co.jp/dp/B0DBV3BYP1	イワタニ カセットガスストーブ マイ暖III CB-STV-MYD3	イワタニ	CB-STV-MYD3	13800	OK									
charcoal-starter	1	captainstag-ug3281	1	amazonAsin	B08723QJDW	https://www.amazon.co.jp/dp/B08723QJDW	キャプテンスタッグ 火起し器 スリム チャコールスターター UG-3281	キャプテンスタッグ	UG-3281	1786	OK									
charcoal-starter	2	uniflame-chacosta2	1	amazonAsin	B01MCQMZFG	https://www.amazon.co.jp/dp/B01MCQMZFG	ユニフレーム チャコスタ II 665435	ユニフレーム		4950	OK									
charcoal-starter	3	campingmoon-fd	1	amazonAsin	B071VH9BL7	https://www.amazon.co.jp/dp/B071VH9BL7	キャンピングムーン 折りたたみ火起し器 FD	キャンピングムーン		3125	OK									
charcoal-starter	4	captainstag-firepot-set	1	amazonAsin	B003AKZ7FA	https://www.amazon.co.jp/dp/B003AKZ7FA	キャプテンスタッグ 火起こし器＆火消し壺セット（日本製）	キャプテンスタッグ		3791	OK									
charcoal-starter	5	campingmoon-mt17	1	amazonAsin	B0B122LB2J	https://www.amazon.co.jp/dp/B0B122LB2J	キャンピングムーン チャコールスターター MT-17	キャンピングムーン	MT-17	2961	OK									
closed-cell-mat	1	thermarest-zlite-sol-r	0	amazonAsin	B005I6R0WC	https://www.amazon.co.jp/dp/B005I6R0WC	サーマレスト Zライトソル R シルバー/レモン 30670 51×183cm	サーマレスト		11550	shared_asin									
closed-cell-mat	2	cs-eva-foam-m3318	0	amazonAsin	B00131UMUI	https://www.amazon.co.jp/dp/B00131UMUI	キャプテンスタッグ EVAフォームマット 56×182cm M-3318 グリーン	キャプテンスタッグ	M-3318	3332	OK									
closed-cell-mat	3	ground8-long-set	0	amazonAsin	B0995JZZQZ	https://www.amazon.co.jp/dp/B0995JZZQZ	グランドエイトロング 銀マット 折りたたみ 3枚セット 95×285cm 厚さ8mm	グランドエイトロング		5940	OK									
closed-cell-mat	4	cs-eva-foam-ub3001	0	amazonAsin	B00AQY332C	https://www.amazon.co.jp/dp/B00AQY332C	キャプテンスタッグ EVAフォームマット(ダブル) UB-3001 140×217cm	キャプテンスタッグ	UB-3001	7899	OK									
closed-cell-mat	5	soomloom-alumi-mat	0	amazonAsin	B07YBY4GKZ	https://www.amazon.co.jp/dp/B07YBY4GKZ	Soomloom キャンプマット アルミ シングル ブルー IXPE素材	Soomloom		2590	OK									
co-checker	1	co-checker-jsm-rank1	0	none			echlife 一酸化炭素チェッカー J108 ブラック キャンプ用 日本語音声 手動ON/OFF 乾電池式	echlife	J108	2384	-									
co-checker	2	co-checker-next-light	0	none			一酸化炭素チェッカー 乾電池式（軽量コンパクト・換気アラーム）	一酸化炭素チェッカー		1980	-									
co-checker	3	co-checker-wake-alarm	0	none			一酸化炭素 警報器 COアラーム ブラック（シンプル表示）	一酸化炭素		2378	-									
co-checker	4	co-checker-ptkey-cert	0	none			PTTech 一酸化炭素チェッカー PT001 ホワイト（防災製品等推奨品認証モデル）	PTTech	PT001	2780	-									
co-checker	5	co-checker-camg-mini	0	amazonAsin	B0CBJS3G3J	https://www.amazon.co.jp/dp/B0CBJS3G3J	Cam.G Mini 一酸化炭素チェッカー ブラウン（日本製センサー・温湿度計付き）	Cam.G		5980	OK									
coleman-bonfire	1	coleman-firedisk	0	amazonAsin	B01LT5ES1Q	https://www.amazon.co.jp/dp/B01LT5ES1Q	コールマン ファイアディスク 2000031235	コールマン	2000031235	8690	shared_asin									
coleman-bonfire	2	coleman-firedisk-solo	0	amazonAsin	B08P58X27Z	https://www.amazon.co.jp/dp/B08P58X27Z	コールマン ファイアーディスク ソロ 2000037404	コールマン	2000037404	4480	OK									
coleman-bonfire	3	coleman-firedisk-sheet	0	none			コールマン 焚き火台 2点セット ファイアーディスク+ファイアープレイスシート 2000031235+2000037303	コールマン	2000031235 2000037303	9690	-									
coleman-bonfire	4	coleman-firedisk-table	0	none			コールマン 焚き火台 セット ファイアーディスク+マルチファイアプレイステーブル 2000031235+VP160401J01	コールマン	2000031235 VP160401J01	14077	-									
coleman-chair	1	coleman-infinity-beige	1	amazonAsin	B079C1K6DH	https://www.amazon.co.jp/dp/B079C1K6DH	コールマン インフィニティチェア ベージュ 2000033139	コールマン	2000033139	9980	shared_asin									
coleman-chair	2	coleman-infinity-grey	1	none			コールマン インフィニティチェア 2000033139	コールマン	2000033139	9980	-									
coleman-chair	3	coleman-deck-chair	1	amazonAsin	B07H38HX1G	https://www.amazon.co.jp/dp/B07H38HX1G	コールマン サイドテーブルデッキチェアST グレージュ 2190860	コールマン	2190860	4800	OK									
coleman-chair	4	coleman-chair-set	1	none			コールマン アウトドアチェア2点セット サイドテーブル付デッキチェア オリーブ 2000033809	コールマン	2000033809	9980	-									
coleman-chair	5	coleman-infinity-olive	1	amazonAsin	B09MS61HDW	https://www.amazon.co.jp/dp/B09MS61HDW	コールマン インフィニティチェア オリーブ 2000038848	コールマン	2000038848	11900	OK									
coleman-lantern	1	coleman-northstar	0	amazonUrl	B08CZRB714	https://amzn.to/4xJ59AD	コールマン 2500ノーススター LPガスランタン レッド 2000015521	コールマン	2000015521	9900	short_url,both_forms									
coleman-lantern	2	coleman-hanging-elight	0	amazonUrl	B08P57HNCJ	https://amzn.to/4eWAkRy	コールマン ハンギング Eライト 充電式 LEDランタン 2000037352	コールマン	2000037352	3819	short_url,both_forms									
coleman-lantern	3	coleman-lumiere	0	amazonUrl		https://amzn.to/4uQha4u	コールマン ルミエールランタン 純正LPガス燃料セット 205588	コールマン		5247	short_url									
coleman-lantern	4	coleman-rechargeable	0	amazonUrl	B09HGQW8RM	https://amzn.to/3QVj8CM	コールマン リチャージャブルランタン 充電式 LED 2000038857	コールマン	2000038857	6563	short_url,both_forms									
coleman-lantern	5	coleman-rugged-packaway	0	amazonUrl	B08P577J2W	https://amzn.to/4w7WS8i	コールマン ラギッド パッカウェイランタン 電池式 LED 2000036871	コールマン	2000036871	4800	short_url,both_forms									
coleman-sleeping-bag	1	coleman-sb-multilayer	0	amazonAsin	B07M7D4Y5D	https://www.amazon.co.jp/dp/B07M7D4Y5D	コールマン (Coleman) マルチレイヤースリーピングバッグ 寝袋 封筒型 2000034777	コールマン	2000034777	14278	shared_asin									
coleman-sleeping-bag	2	coleman-sb-performer3-c5	0	amazonAsin	B07HRQMV4M	https://www.amazon.co.jp/dp/B07HRQMV4M	コールマン 封筒型シュラフ パフォーマーIII/C5 オレンジ 2000034774 Coleman	コールマン	2000034774	5350	shared_asin									
coleman-sleeping-bag	3	coleman-sb-cozy2-c5	0	amazonAsin	B07HRKNWWT	https://www.amazon.co.jp/dp/B07HRKNWWT	コールマン（Coleman） シュラフ 寝袋 封筒型 コージー II C5 オレンジ 2000034772 快適温度5℃以上	コールマン	2000034772	5920	OK									
coleman-sleeping-bag	4	coleman-sb-cozy2-set	0	none			コールマン 封筒型シュラフ コージーII/C5 オレンジ セット 2000034772 Coleman	コールマン	2000034772	12884	-									
coleman-sleeping-bag	5	coleman-sb-northrim	0	none			Coleman コールマン ノースリム 寝袋 マミー型 シュラフ グリーン 大人用	Coleman		10780	-									
coleman-tent	1	coleman-bc-crossdome	1	amazonUrl	B08QS2P24F	https://amzn.to/4w4rl6F	コールマン BCクロスドーム/270 ファミリーテント ドームテント 4人用 5人用 2000038429	コールマン	2000038429	19980	shared_asin,short_url,both_forms									
coleman-tent	2	coleman-touring-dome-st	1	amazonUrl	B08P5811G7	https://amzn.to/3QAzJeT	コールマン ツーリングドームST 一人用 2人用 ソロテント ドームテント 2000038141	コールマン	2000038141	15730	shared_asin,short_url,both_forms									
coleman-tent	3	coleman-popup-shade	1	amazonUrl	B0DKNHT235	https://amzn.to/44oMsVk	コールマン ポップアップシェード ダークルーム 2218354 サンシェード	コールマン	2218354	16749	short_url,both_forms									
coleman-tent	4	coleman-quickup-shade	1	amazonUrl	B0DKN6KFBQ	https://amzn.to/4eoPmPX	コールマン クイックアップシェード ダークルーム 2218703 サンシェード	コールマン	2218703	8900	short_url,both_forms									
coleman-two-burner	1	cb-coleman-set-table	0	none			コールマン ツーバーナーセット ツーバーナーストーブ 2+キッチンテーブル+純正LPガス燃料×2点 2000006707+2000031294+5103A470T Coleman	コールマン	2000006707 2000031294 5103A470T	27848	-									
coleman-two-burner	2	cb-coleman-powerhouse-gasset	0	none			コールマン ツーバーナーセット パワーハウス LP ツーバーナーストーブ 2 + 純正LPガス燃料[Tタイプ]470g×2個 2000006707 + 5103A470TJAN Coleman	コールマン	2000006707 5103A470TJAN	15707	-									
coleman-two-burner	3	cb-coleman-powerhouse2-red	0	amazonAsin	B00SLOACVE	https://www.amazon.co.jp/dp/B00SLOACVE	コールマン (Coleman) パワーハウスLPツーバーナーストーブII(レッド) キャンプ用品 ガスバーナー レッド 2000021950	コールマン	2000021950	16940	OK									
coleman-two-burner	4	cb-coleman-red-gasset	0	none			コールマン ツーバーナーセット LPツーバーナーストーブレッド 純正LPガス燃料[Tタイプ]470g×2個 2000021950+5103A470T Coleman	コールマン	2000021950 5103A470T	14460	-									
coleman-two-burner	5	cb-coleman-powerhouse2	0	amazonAsin	B004IWR3Z6	https://www.amazon.co.jp/dp/B004IWR3Z6	Coleman(コールマン)パワーハウス LPツーバーナーストーブII	Coleman		11858	OK									
compact-portable-power	1	jackery-240new	0	amazonAsin	B0CZ7145K1	https://www.amazon.co.jp/dp/B0CZ7145K1	Jackery ポータブル電源 240 New 256Wh	Jackery		32800	shared_asin									
compact-portable-power	2	anker-c300	0	amazonAsin	B0D5XGP6CW	https://www.amazon.co.jp/dp/B0D5XGP6CW	Anker Solix C300 Portable Power Station 288Wh	Anker	C300	34990	shared_asin									
compact-portable-power	3	bluetti-eb3a	0	amazonAsin	B09XWNYZFG	https://www.amazon.co.jp/dp/B09XWNYZFG	BLUETTI EB3A 268Wh（130Wソーラーパネルセット）	BLUETTI	EB3A	32900	OK									
compact-portable-power	4	bluetti-aora30	0	amazonAsin	B0FB3Y46SB	https://www.amazon.co.jp/dp/B0FB3Y46SB	BLUETTI AORA 30 V2 288Wh	BLUETTI		39800	shared_asin									
compact-portable-power	5	jackery-100plus	0	amazonAsin	B0D9NM8YGQ	https://www.amazon.co.jp/dp/B0D9NM8YGQ	Jackery Explorer 100 Plus 99.2Wh	Jackery		15900	OK									
cooler-box-day-camp	1	cool-rank-1	0	amazonAsin	B0D69W361V	https://www.amazon.co.jp/dp/B0D69W361V	【購入特典 保冷剤付き!!】気温35度でも氷が27時間維持 ペットボトル(500ml)6本収納 ワックスドコットン ソフトクーラーボックス AOクーラーズ AOW6RT ランチクーラー 5.7L 保冷 断熱 クーラーバッグ 保冷バッグ ランチバック ゴルフ 釣り おすすめ	気温35度でも氷が27時間維持	AOW6RT	8800	shared_asin									
cooler-box-day-camp	2	cool-rank-2	0	amazonAsin	B0G7K6Z93R	https://www.amazon.co.jp/dp/B0G7K6Z93R	ロゴス クーラーボックス 小型 5L 保冷ボックス 小さめ 部活 ピクニック ロゴスクーラーバッグ アウトドア 釣り クーラー ボックス 5l 公園 デイキャンプ ピクニックボックス お出かけ 弁当 ドリンク ミニクーラーボックス 5リットル ホワイト ベージュ LOGOS 8167023	ロゴス	8167023	2200	shared_asin									
cooler-box-day-camp	3	cool-rank-3	0	amazonAsin	B0GP9JKSKF	https://www.amazon.co.jp/dp/B0GP9JKSKF	[ディーオーディー] ウサンポクーラー（8） クーラーボックス ハード 8L 500mlペットボトル8本収納可能 軽量 ピクニック デイキャンプ	ウサンポクーラー		3992	OK									
cooler-box-day-camp	4	cool-rank-4	0	amazonAsin	B0F99H9X6L	https://www.amazon.co.jp/dp/B0F99H9X6L	スプリングセール LOGOS/ロゴス 37411001 スタンダード トートリュック クーラー XL ブラック アウトドア キャンプ ピクニック ショッピング レジャー 保冷バッグ クーラーリュック ファミリー 保冷力抜群 デイキャンプ あす楽対応 お買い物マラソン 開催	スプリングセール	37411001	4092	OK									
cooler-box-day-camp	5	cool-rank-5	0	amazonAsin	B08CXDQ667	https://www.amazon.co.jp/dp/B08CXDQ667	【最大5,000円OFF！27日1:59まで】DOD クーラーバッグ ソフトクーラーバッグ 23Lサイズ ソフトクーラー デイキャンプ BBQ ドリンク 食材 保冷 運搬 アウトドア キャンプ ソフトくらお（23） CL2-732-TN タン	DOD	CL2-732-TN	7870	shared_asin									
cooler-ice-pack	1	ip-atone-stainless	1	none			【真夏SALE！】最大65％OFF 楽天総合ランキング1位を4度獲得！日本食品衛生法適合 保冷剤 ステンレス Sサイズ 230g 超軽量 Mサイズ450g 長時間保冷 急速冷却 繰り返し使える 保冷バッグ クーラーボックス お弁当 ランチ 釣り キャンプ	最大65％OFF		2980	-									
cooler-ice-pack	2	ip-covell-stainless	1	none			＼26日まで+1枚プレゼント／＼楽天1位／【保冷剤 ステンレス製】驚異の保冷力 長時間冷却 アイスパック 冷蔵冷凍対応 アウトドア キャンプ 防災グッズ 長持ち 繰り返し使える 保冷用品 夏の必需品	驚異の保冷力		1680	-									
cooler-ice-pack	3	ip-logos-hyoutenka	1	amazonAsin	B001USYFWU	https://www.amazon.co.jp/dp/B001USYFWU	【ロゴス公式】倍速凍結 氷点下パック 単品 2点セット 3点セット 保冷剤 ロゴス 氷点下パック M / L / XL / ギャップバー / コンパクト 冷凍 保冷 冷却 抗菌仕様 強力保冷剤 アウトドア キャンプ バーベキュー BBQ LOGOS	倍速凍結		770	OK									
cooler-ice-pack	4	ip-sanyouki-16	1	none			保冷剤 業務用 【楽天1位！ 高評価★4.66】 長時間 500g 蓄冷剤 0℃ -11℃ -16℃ 単品 2枚 クーラーボックス プロ仕様 業務用保冷剤 最強 500CB-0 500CB-16 保冷 冷蔵 冷凍 小型 釣り アイス アウトドア お弁当 イベント BBQ 保冷 防災 日本製	保冷剤	500CB-0 500CB-16	1320	-									
cooler-ice-pack	5	ip-yunide-hard	1	none			【長時間タイプ新登場】保冷剤 ハード Mサイズ Lサイズ XLサイズ 1個 2個セット 長時間 急速凍結 超低温 冷たさ長持ち アウトドア キャンプ バーベキュー スポーツ お弁当 防災 クーラーボックス 氷点下保冷剤 HUGEL アイリスオーヤマ HHK HHC HHT *	保冷剤		1180	-									
cooler-stand	1	cs-fieldoor-alu	0	amazonAsin	B0BXKW8DFF	https://www.amazon.co.jp/dp/B0BXKW8DFF	FIELDOOR クーラースタンド アルミ製 3段階高さ調節(耐荷重150kg)	FIELDOOR		4400	OK									
cooler-stand	2	cs-fieldoor-wood	0	amazonAsin	B07YMSPXV7	https://www.amazon.co.jp/dp/B07YMSPXV7	FIELDOOR クーラースタンド 木製(耐荷重150kg)	FIELDOOR		4950	OK									
cooler-stand	3	cs-uniflame-611616	0	amazonAsin	B06W9FQF9L	https://www.amazon.co.jp/dp/B06W9FQF9L	ユニフレーム フィールドラック ブラック 611616	ユニフレーム		4950	shared_asin									
cooler-stand	4	cs-swaggear-fold	0	amazonAsin	B0DXZ1X3X9	https://www.amazon.co.jp/dp/B0DXZ1X3X9	SWAG GEAR クーラーボックススタンド 折りたたみ(耐荷重100kg)	SWAG		2480	OK									
cooler-stand	5	cs-isai-fold	0	none			I-SAI クーラーボックススタンド 折りたたみ(耐荷重100kg)	I-SAI		2384	-									
day-camp-cooler-box	1	cooler-rank-1	0	amazonAsin	B0D69W361V	https://www.amazon.co.jp/dp/B0D69W361V	【購入特典 保冷剤付き!!】気温35度でも氷が27時間維持 ペットボトル(500ml)6本収納 ワックスドコットン ソフトクーラーボックス AOクーラーズ AOW6RT ランチクーラー 5.7L 保冷 断熱 クーラーバッグ 保冷バッグ ランチバック ゴルフ 釣り おすすめ	気温35度でも氷が27時間維持	AOW6RT	8800	shared_asin									
day-camp-cooler-box	2	cooler-rank-2	0	none			ROGUE ローグ クーラーボックス 18L Ice Cooler カーキグリーン ハードクーラー 小型	ROGUE		37400	-									
day-camp-cooler-box	3	cooler-rank-3	0	none			LOGOS ロゴス クーラーボックス 9L 小型 ハード 保冷 ミニクーラー アウトドア キャンプ バーベキュー ピクニック 釣り 運動会 ソロキャンプ デイキャンプ 軽量 コンパクト 81448054	LOGOS	81448054	4800	-									
day-camp-cooler-box	4	cooler-rank-4	0	amazonAsin	B0G7K6Z93R	https://www.amazon.co.jp/dp/B0G7K6Z93R	ロゴス クーラーボックス 小型 5L 保冷ボックス 小さめ 部活 ピクニック ロゴスクーラーバッグ アウトドア 釣り クーラー ボックス 5l 公園 デイキャンプ ピクニックボックス お出かけ 弁当 ドリンク ミニクーラーボックス 5リットル ホワイト ベージュ LOGOS 8167023	ロゴス	8167023	2200	shared_asin									
day-camp-cooler-box	5	cooler-rank-5	0	amazonAsin	B08CXDQ667	https://www.amazon.co.jp/dp/B08CXDQ667	【最大10,000円OFF！27日9:59まで】DOD クーラーバッグ ソフトクーラーバッグ 23Lサイズ ソフトクーラー デイキャンプ BBQ ドリンク 食材 保冷 運搬 アウトドア キャンプ ソフトくらお（23） CL2-732-TN タン	DOD	CL2-732-TN	7870	shared_asin									
day-camp-grill	1	grill-rank-1	0	none			ファイヤーピット 焚き火台 テーブル 囲炉裏テーブル バーベキュー 囲炉裏 焼肉 テーブル bbqコンロ bbqテーブル bbqグリル 自宅 庭 大人数 耐熱性 囲炉裏 おしゃれ 焚き火台 グリル キャンプ用	ファイヤーピット		14999	-									
day-camp-grill	2	grill-rank-2	0	none			焚き火台 コンパクト 折りたたみ式 ソロ バーベキューコンロ ミニ焚き火台 bbqコンロ アウトドア 軽量 小型 ファイアグリル bbqグリル ステンレス製 キャンプ用品 ファミリーキャンプ キャンプギア	焚き火台		3680	-									
day-camp-grill	3	grill-rank-3	0	none			Rikopin 焚き火台 od-012 コンパクト バーベキューコンロ 収納ケース付 3フォーク 五徳付き ステンレス製 折りたたみ ソロ	Rikopin	OD-012	1980	-									
day-camp-grill	4	grill-rank-4	0	none			【ふるさと納税】【MW-TAKAMORI OUTDOOR BRAND】2WAY 焚き火台 BBQグリル コンロ ステンレス製 組み立て簡単 収納バッグ付き	2WAY	2WAY	20000	-									
day-camp-grill	5	grill-rank-5	0	amazonAsin	B0792GT2DB	https://www.amazon.co.jp/dp/B0792GT2DB	ロゴス アウトドア用品バーベキューグリル・コンロ たき火台 LOGOS The ピラミッドTAKIBI M 81064163	ロゴス	81064163	9900	shared_asin									
day-camp-led-lantern	1	lantern2-rank-1	0	amazonAsin	B0CL6GFW6Q	https://www.amazon.co.jp/dp/B0CL6GFW6Q	LACITA ラチタ LEDランタン CL1-BK ブラック 充電式 360度 電球色 吊り下げ 卓上 小型 軽量	LACITA	CL1-BK	9980	shared_asin									
day-camp-led-lantern	2	lantern2-rank-2	0	amazonAsin	B0CCHS8K8S	https://www.amazon.co.jp/dp/B0CCHS8K8S	MTK LEDランタン ML31 リモコン機能付タイプ ホワイト 充電式 1600ルーメン マグネット 吊るし 防水 暖色	MTK	ML31	2990	shared_asin									
day-camp-led-lantern	3	lantern2-rank-3	0	none			Vantozon LEDランタン ブラック 電池式 USB充電式 2in1給電 高輝度 折り畳み式 コンパクト キャンプランタン	Vantozon	2IN1	2780	-									
day-camp-led-lantern	4	lantern2-rank-4	0	none			LED ランタン W-S-LYD-M26-BE ベージュ 充電式 折りたたみ式 高輝度 5000mAh 防水 軽量 USB 吊り下げ ミニ	LED	W-S-LYD-M26-BE	2980	-									
day-camp-led-lantern	5	lantern2-rank-5	0	none			Hokonui LEDランタン ソーラーランタン S-YYD-rt101-BK USB充電式 1800ルーメン 5000mAh 折り畳み式 防水	Hokonui	S-YYD-RT101-BK	2900	-									
day-camp-starter-set	1	starter-rank-1	0	none			【楽天1位】キャンプ お買い得 4点セット （ファミリーテント+タープ+シート+ポール） 4人〜6人用 大型 キャンプテント ドームテント キャノピーテント フルクローズ 組み立て簡単 入門 初心者 エントリー アウトドア キャンプ FIELDOOR 1年保証 ■[送料無料]	キャンプ		27830	-									
day-camp-starter-set	2	starter-rank-2	0	none			キャンプ お買い得 4点セット （ファミリーテント+タープ+シート+ポール） 4人〜6人用 大型 キャンプテント ドームテント キャノピーテント フルクローズテント テント 組み立て簡単 入門 初心者 エントリー アウトドア キャンプ FIELDOOR ●[送料無料]	キャンプ		27830	-									
day-camp-starter-set	3	starter-rank-3	0	amazonAsin	B01H4OPQ76	https://www.amazon.co.jp/dp/B01H4OPQ76	【在庫限り】スノーピーク アメニティドーム L マットシートセット SET-121H キャンプ用品 テント タープ 初心者 エントリー nocu 注目商品	スノーピーク	SET-121H	19600	OK									
day-camp-starter-set	4	starter-rank-4	0	amazonAsin	B01GCNW3LM	https://www.amazon.co.jp/dp/B01GCNW3LM	スノーピーク アメニティタープ ヘキサLセット TP-851SR snow peak Amenity Tarp Hexa L Set	スノーピーク	TP-851SR	27891	OK									
day-camp-starter-set	5	starter-rank-5	0	amazonAsin	B0BXSTPB59	https://www.amazon.co.jp/dp/B0BXSTPB59	スノーピーク ランドネストM テントタープセット snow peak SET-260 テント タープ 初心者 初心者向け 簡単 3人用 4人用 おしゃれ キャンプ アウトドア	スノーピーク	SET-260	42640	shared_asin									
day-camp-tarp-cheap	1	tarp-rank-1	0	amazonAsin	B00I0Q8VVG	https://www.amazon.co.jp/dp/B00I0Q8VVG	【楽天1位】遮光/遮熱モデル追加！FIELDOOR ワンタッチタープテント 3m×3m 頑丈 スチール テント タープ 300 3.0m ワンタッチテント ワンタッチタープ ワンタッチ 大型 簡単 UVカット 撥水 日よけ プール イベント アウトドア キャンプ BBQ 1年保証 ★[送料無料]	遮光/遮熱モデル追加！FIELDOOR		8800	shared_asin									
day-camp-tarp-cheap	2	tarp-rank-2	0	amazonAsin	B07VF37G57	https://www.amazon.co.jp/dp/B07VF37G57	DOD タープ いつかのタープ TT5-631-TN dod アウトドア キャンプ ヘキサタープ ポリエステル ポール ペグ ロープ付属 初心者 簡単	DOD	TT5-631-TN	9680	shared_asin									
day-camp-tarp-cheap	3	tarp-rank-3	0	none			モダンデコ タープテント 2.5m ワンタッチタープテント ベーシック グレージュ テント本体のみ 遮熱 遮光 UV99.9%カット 防水	モダンデコ		8999	-									
day-camp-tarp-cheap	4	tarp-rank-4	0	none			クイックキャンプ ワンタッチタープ 2.5m QC-TP250 サンド シルバーコーティング アウトフレーム UVカット 遮光 遮熱 サイドシート付き 設営60秒 3〜4人用	クイックキャンプ	QC-TP250	9980	-									
day-camp-tarp-cheap	5	tarp-rank-5	0	amazonAsin	B0CZKVNCPD	https://www.amazon.co.jp/dp/B0CZKVNCPD	Bears Rock しろくまスクエアタープ SQT-401 3×3m カーキ ポール2本付き 正方形 タープ	Bears	SQT-401	6600	OK									
day-camp-tent	1	tent-rank-1	0	none			春夏 ワンタッチテント 公園 4人用 2〜4人用 2人用 3人用 2M 着替え フルクローズ テント 200×320cm デイキャンプ 大きめ UVカット ポップアップテント サンシェード キャンプ 海 簡易 コンパクト 軽量 アウトドア キャンプ おしゃれ 柄 無地	春夏		3980	-									
day-camp-tent	2	tent-rank-2	0	amazonAsin	B0GBVXC628	https://www.amazon.co.jp/dp/B0GBVXC628	ワンタッチテント ポップアップテント ピクニック テント 遮熱 遮光100% 公園 UVカット 熱中症対策 簡易テント 紫外線防止 日よけ ブラックコーティング コンパクト サンシェード 3人用 持ち運び フェス レジャー デイキャンプ 海水浴 運動会	ワンタッチテント		6990	OK									
day-camp-tent	3	tent-rank-3	0	none			＼30%OFF在庫限り／and wander ポップアップテント[UVカット 遮光 日よけ ワンタッチテント ピクニック デイキャンプ 収納バック付き アウトドア 野外フェス おうちキャンプ べランピング テント プレイヤード BBQ エアバギーコラボ POPUP TENT]	and		16940	-									
day-camp-tent	4	tent-rank-4	0	amazonAsin	B0DG4Y7RR4	https://www.amazon.co.jp/dp/B0DG4Y7RR4	【最大5,000円OFF！27日1:59まで】DOD テント ポップアップテント デイキャンプ ワンタッチテント ポップアップ 組立簡単 日差しブロック UVカット加工 キャリーバッグ ペグ付属 キャンプ アウトドア マエバーン T2-073-TN タン	DOD	T2-073-TN	9020	OK									
deuter-backpack	1	deuter-orcha	1	none			ドイター オルチャ 25 DEUTER デイパック	ドイター		9949	-									
deuter-backpack	2	deuter-race-air	1	none			ドイター レース エアー 14+3 自転車 リュック	ドイター		14480	-									
deuter-backpack	3	deuter-lugano	1	none			ドイター ルガーノ 20 DEUTER デイパック	ドイター		9900	-									
deuter-backpack	4	deuter-futura-pro	1	amazonAsin	B08JQYGMGX	https://www.amazon.co.jp/dp/B08JQYGMGX	ドイター フューチュラ Pro 36 D3401121-7403	ドイター	D3401121-7403	23890	OK									
deuter-backpack	5	deuter-aircontact-core	1	none			ドイター エアコンタクト コア 60+10 登山リュック	ドイター		29900	-									
disaster-portable-power	1	jackery-1000-new	1	amazonAsin	B0D3HJM175	https://www.amazon.co.jp/dp/B0D3HJM175	Jackery ポータブル電源 1000 New 1070Wh リン酸鉄 定格1500W 最速1時間満充電 UPS機能	Jackery		119800	shared_asin									
disaster-portable-power	2	ecoflow-river3-maxplus	1	none			EcoFlow ポータブル電源 RIVER 3 Max Plus 858Wh UPS機能 1時間フル充電 5年保証 LEDライト付	EcoFlow		99700	-									
disaster-portable-power	3	bluetti-ac70	1	amazonAsin	B0CC8ZKBVC	https://www.amazon.co.jp/dp/B0CC8ZKBVC	BLUETTI ポータブル電源 AC70 768Wh/1000W リン酸鉄 5年保証 サージ2000W 自動切替機能 アプリ対応	BLUETTI	AC70	88000	shared_asin									
disaster-portable-power	4	lacita-enerbox	1	none			LACITA エナーボックス ポータブル電源 444Wh 120000mAh 400W 正弦波 車中泊 蓄電池	LACITA		69800	-									
disaster-portable-power	5	jackery-240-new	1	amazonAsin	B0CZ7145K1	https://www.amazon.co.jp/dp/B0CZ7145K1	Jackery ポータブル電源 240 New 256Wh リン酸鉄 定格300W コンパクト 軽量 急速充電 UPS機能	Jackery		32800	shared_asin									
disaster-radio	1	bosaishi-radio-5800	0	none			GEUM ジーム 防災士監修 多機能防災ラジオ GEUM016 5800mAh オレンジ（AM/FM・ワイドFM対応）	GEUM	GEUM016	7280	-									
disaster-radio	2	fielddoor-radio-5in1	0	amazonAsin	B07P1732GM	https://www.amazon.co.jp/dp/B07P1732GM	FIELDOOR 防災ラジオ 1台5役 グリーン（3WAY充電・生活防水）	FIELDOOR	3WAY	2420	OK									
disaster-radio	3	ladweather-radio	0	amazonAsin	B09DCH4562	https://www.amazon.co.jp/dp/B09DCH4562	LAD WEATHER 防災ラジオ ブラック（AM/FM・ソーラー＋手回し＋乾電池）	LAD		5680	OK									
disaster-radio	4	greeshow-radio	0	amazonAsin	B0CRF2974M	https://www.amazon.co.jp/dp/B0CRF2974M	Greeshow 防災ラジオ XLN-383 グレー（手回し＋ソーラー＋USB・生活防水）	Greeshow	XLN-383	3980	OK									
disaster-radio	5	relax-retro-radio	0	amazonAsin	B09LHFQ67Y	https://www.amazon.co.jp/dp/B09LHFQ67Y	RELAX マルチレトロラジオ ブラック（1台7役・Bluetooth対応）	RELAX		9900	OK									
dod-chair	1	dod-good-rack-sofa	0	amazonUrl	B078S61SMD	https://amzn.to/3QgrViB	DOD グッドラックソファ CS2-500 2人掛け ワンタッチ 車載棚 耐荷重150kg（BK/TN/KH カラー展開）	DOD	CS2-500	13750	short_url,both_forms									
dod-chair	2	dod-sugoiss	0	amazonUrl	B08K2GG9CS	https://amzn.to/4eDuDXx	DOD スゴイッス C1-774-TN 高さ調整 角度調整 耐荷重100kg 1人用チェア	DOD	C1-774-TN	10967	short_url,both_forms									
dod-table	1	dod-tequila	1	amazonAsin	B08VJ12DNW	https://www.amazon.co.jp/dp/B08VJ12DNW	DOD テキーラテーブル TB4-746-BK	DOD	TB4-746-BK	10450	OK									
dod-table	2	dod-stealthx-mini	1	none			DOD ステルスエックスミニ GM1-598-BK	DOD	GM1-598-BK	6930	-									
dod-table	3	dod-multi-kitchen	1	amazonAsin	B07R5T6VV1	https://www.amazon.co.jp/dp/B07R5T6VV1	DOD マルチキッチンテーブル TB1-38-BK	DOD	TB1-38-BK	14150	shared_asin									
dod-table	4	dod-goodluck	1	none			DOD グッドラックテーブル TB4-685	DOD	TB4-685	13200	-									
dod-tarp	1	dod-okla-tarp	0	amazonUrl	B07NNSF1D7	https://amzn.to/4vi4HaS	DOD オクラタープ TT8-583-TN ポリコットン 難燃 オクタタープ	DOD	TT8-583-TN	18900	shared_asin,short_url,both_forms									
dod-tarp	1	dod-big-tarp-pole	0	amazonUrl	B01N8XAGUC	https://amzn.to/4vy96pF	DOD ビッグタープポール XP5-507R レッド タープ ポール	DOD	XP5-507R	4180	short_url,both_forms									
dod-tarp	2	dod-itsukano-tarp	0	amazonUrl	B07VF37G57	https://amzn.to/4elRRT4	DOD いつかのタープ TT5-631-TN タン ヘキサタープ	DOD	TT5-631-TN	10157	shared_asin,short_url,both_forms									
dod-tarp	3	dod-beetle-tarp	0	amazonUrl	B07YB46ZLK	https://amzn.to/3QFvQ8u	DOD ビートルタープ TT5-655-TN ポリエステル 7角形	DOD	TT5-655-TN	8690	short_url,both_forms									
dod-tent	1	dod-onetouch-m	1	none			DOD ザ・ワンタッチテントM T3-673-KH ワンタッチテント ポリエステル	DOD	T3-673-KH	29920	-									
dod-tent	2	dod-onepole-l	1	amazonAsin	B084QL7W75	https://www.amazon.co.jp/dp/B084QL7W75	DOD ワンポールテントL T8-200-TN ワンポールテント	DOD	T8-200-TN	30800	OK									
dod-tent	3	dod-ei-tent	1	amazonAsin	B07ZTDP7S6	https://www.amazon.co.jp/dp/B07ZTDP7S6	DOD エイテント T5-668-TN ワンポールテント	DOD	T5-668-TN	39600	OK									
dod-tent	4	dod-yadokari	1	amazonAsin	B09W5JXYCP	https://www.amazon.co.jp/dp/B09W5JXYCP	DOD ヤドカリテント T6-662-TN 2ルーム ワンポールテント 6人用 インナーテント付属 耐水圧2,000mm	DOD	T6-662-TN	49500	OK									
dod-tent	5	dod-onetouch-t2	1	amazonAsin	B07QS8DRHK	https://www.amazon.co.jp/dp/B07QS8DRHK	DOD ワンタッチテント T2-629-TN 2人用 コンパクト 耐水圧1,500mm	DOD	T2-629-TN	11990	shared_asin									
duo-tent	1	dt-coleman-st	1	amazonAsin	B08P5811G7	https://www.amazon.co.jp/dp/B08P5811G7	コールマン ツーリングドームST	コールマン		15730	shared_asin									
duo-tent	2	dt-dod-onetouch	1	amazonAsin	B07QS8DRHK	https://www.amazon.co.jp/dp/B07QS8DRHK	DOD ワンタッチテント T2-629-TN	DOD	T2-629-TN	11990	shared_asin									
duo-tent	3	dt-naturehike-light	1	amazonAsin	B0D75V13BG	https://www.amazon.co.jp/dp/B0D75V13BG	ネイチャーハイク 超軽量ドームテント（2人用）	ネイチャーハイク		19990	OK									
duo-tent	4	dt-coleman-lx	1	amazonAsin	B08P589XPT	https://www.amazon.co.jp/dp/B08P589XPT	コールマン ツーリングドームLX	コールマン		19799	shared_asin									
duo-tent	5	dt-dod-riders	1	amazonAsin	B01FHMR0DA	https://www.amazon.co.jp/dp/B01FHMR0DA	DOD ライダーズバイクインテント T2-466	DOD	T2-466	34100	OK									
dutch-oven	1	tsbbq-dutch10	0	amazonUrl		https://amzn.to/3QutucJ	TSBBQ ライトステンレス ダッチオーブン 10インチ ミラー仕上げ TSBBQ-005 オール熱源対応 燕三条製	TSBBQ	TSBBQ-005	20900	short_url									
dutch-oven	2	snowpeak-wattetsu26	0	amazonUrl		https://amzn.to/4vjYGKO	スノーピーク 和鉄ダッチオーブン26 CS-520	スノーピーク	CS-520	25011	short_url									
dutch-oven	3	captainstag-ug3048	0	amazonUrl		https://amzn.to/4vpGDTo	キャプテンスタッグ ダッチオーブンセット 25cm UG-3048 収納バッグ付き	キャプテンスタッグ	UG-3048	5640	short_url									
dutch-oven	4	captainstag-ug3061	0	amazonUrl		https://amzn.to/4eCdehD	キャプテンスタッグ ダッチオーブン 鉄鋳物 22cm UG-3061	キャプテンスタッグ	UG-3061	3780	short_url									
dutch-oven	5	tsbbq-half-dutch	0	amazonUrl		https://amzn.to/4uVMZc5	TSBBQ ライトステンレス ハーフダッチオーブン 10インチ 浅型 ミラー仕上げ TSBBQ-029 オール熱源対応 燕三条製	TSBBQ	TSBBQ-029	18700	short_url									
ecoflow-power	1	ecoflow-delta3-1000air	1	amazonUrl	B0FWJJLDYN	https://amzn.to/4v02f8c	EcoFlow ポータブル電源 DELTA 3 1000 Air 超軽量 コンパクト高出力 2年保証 長寿命	EcoFlow		87700	short_url,both_forms									
ecoflow-power	2	ecoflow-river2-pro	1	amazonUrl	B0BFKFC9YJ	https://amzn.to/44pbKmc	EcoFlow ポータブル電源 RIVER 2 Pro 768Wh 1.2hフル充電 アプリ対応 長寿命	EcoFlow		88000	short_url,both_forms									
ecoflow-power	3	ecoflow-delta3-classic	1	amazonUrl	B0FZL86GXC	https://amzn.to/4aMfuSp	EcoFlow ポータブル電源 ソーラーパネル セット DELTA 3 Classic 1024Wh 軽量両面ソーラーパネル	EcoFlow		153700	short_url,both_forms									
ecoflow-power	4	ecoflow-delta3-plus	1	amazonUrl	B0DB5WZC15	https://amzn.to/4uU9Q8f	EcoFlow ポータブル電源 ソーラーパネル セット DELTA 3 Plus 1024Wh 220W 軽量両面ソーラーパネル 長寿命	EcoFlow		232100	short_url,both_forms									
ecoflow-power	5	ecoflow-delta3-max	1	amazonUrl	B0FPCRKH3M	https://amzn.to/44pbLXi	EcoFlow ポータブル電源 ソーラーパネル セット DELTA 3 Max 2048Wh 220W 長寿命 5年保証	EcoFlow		292480	short_url,both_forms									
electric-blanket-camp	1	cordless-30000mah	1	none			電気毛布 ひざ掛け 30000mAhバッテリー付き 掛け着る両用 ヒーター7枚内蔵 3段階調温 USB/DC 丸洗い可	電気毛布		5980	-									
electric-blanket-camp	2	usb-hotmat	1	amazonAsin	B0G483QXSN	https://www.amazon.co.jp/dp/B0G483QXSN	USB ホットマット 一人用 電気毛布 車中泊 ホットカーペット 450×1500 洗える	USB		8800	OK									
electric-blanket-camp	3	usb-shiki-cospa	1	none			電気毛布 電気敷き毛布 ファスナー付き 丸洗いOK USB暖房 4箇所発熱 速熱15秒	電気毛布		3950	-									
electric-blanket-camp	4	cordless-blanket-large	1	none			充電式 電熱ブランケット コードレス ヒーター内蔵 大判 リチウムイオンバッテリー付き	充電式		8980	-									
electric-blanket-camp	5	kakeshiki-jet	1	amazonAsin	B0FVL3Z5NB	https://www.amazon.co.jp/dp/B0FVL3Z5NB	掛け敷き 電気毛布 洗える 130×80cm/188×130cm 3段階温度調節 掛け敷き兼用 JET安全認証	掛け敷き		6999	OK									
family-camp-bbq	1	darche-bbq-starter	1	none			ダーチ DARCHE BBQ CHARCOAL STARTER 火起こし器 炭起こし器 焚き火台 焚火台 キャンプグリル ステンレス製 ファミリーキャンプ キャンプ BBQ オートキャンプ バーベキュー 軽量 ミニ 薄型 ソロ 折り畳み 折りたたみ 簡単 キャンプ道具 卓上 収納バッグ付き	ダーチ		9900	-									
family-camp-bbq	2	onway-seika-more	1	amazonAsin	B07VNNT9K4	https://www.amazon.co.jp/dp/B07VNNT9K4	onway オンウェー聖火焚火台モアキャンプ用品 焚き火台 折りたたみ式 コンパクト キャンプ デイキャンプ おしゃれ バーベキュー 携帯 BBQ 軽量 焚火 ソロ コンパクト 折り畳み ソロキャンプ ファミリーキャンプ キャンプギア キャンプグッズ たきび 五徳 オプション	onway		3850	OK									
family-camp-bbq	3	yumeka-bbq-firepot	1	none			限定30枚7％クーポン★【8−10人超大型BBQコンロ 焚き火台 兼用】BBQコンロ バーベキュー ファイヤーピット 焚き火台 バーベキューコンロ 焚火台 大型焚火 ファミリーキャンプ キャンプ キャンプグッズ 大型 二次燃焼 BBQ BBQコンロ 焚き火台 兼用	限定30枚7％クーポン★		7182	-									
family-camp-bbq	4	musouka-firepot	1	none			ファイヤーピット 焚き火台 バーベキューコンロ 8～10人 焚火台 アウトドアコンロ 焼き網 防水 防錆 耐久 火かき棒 設置簡単 スタイリッシュ ファミリーキャンプ キャンプ バーベキュー 焚火 ダッチオーブン 大型 二次燃焼 BBQコンロ 焚き火台 屋外 アウトドア	ファイヤーピット		12600	-									
family-camp-bbq	5	gyokuhou-takibi	1	none			焚き火台 ソロ おしゃれ 焚火台 キャンプ コンパクト ソロストーブ 折りたたみ式 ソロキャンプ キャンプファイヤー 軽量 BBQ ミニ焚き火台 ソロキャンプ ソロ 用 焚き火台 ステンレス鋼 焚き火台 バーベキューコンロ スタンド ファミリーキャンプ キャンプギア	焚き火台		4859	-									
family-camp-chair	1	chair-f-rank-1	0	none			＼サンキュー39％OFFクーポン実施中／アウトドアチェア 折りたたみ 椅子 チェア 2脚 4脚 セット木目 ローチェア 簡単組立 キャンプ イス アウトドア 背もたれ付 バーベキュー ファミリー 公園 運動会 レジャー 屋外 室内 おしゃれ 送料無料	アウトドアチェア		5980	-									
family-camp-chair	2	chair-f-rank-2	0	amazonAsin	B0FZS14VJ7	https://www.amazon.co.jp/dp/B0FZS14VJ7	BUNDOK バンドック ラウンジチェア BD-187WG ウォームグレー 折りたたみチェア アウトドア キャンプ	BUNDOK	BD-187WG	1980	OK									
family-camp-chair	3	chair-f-rank-3	0	none			アイリスオーヤマ HUGEL アウトドアチェア ハイタイプ CC-HIGH ベージュ 2脚セット 軽量 折りたたみ	アイリスオーヤマ		4480	-									
family-camp-chair	4	chair-f-rank-4	0	amazonAsin	B07D6NTYKL	https://www.amazon.co.jp/dp/B07D6NTYKL	コールマン (Coleman) リゾートチェア(オリーブ) キャンプ用品 ファミリーチェア 2000033560	コールマン	2000033560	2178	OK									
family-camp-chair	5	chair-f-rank-5	0	none			アウトドアチェア 折りたたみ ローチェア カーキ Mサイズ 軽量 約2kg 耐荷重120kg 木製アームレスト 600Dオックスフォード 背もたれ付 キャンプ	アウトドアチェア		6920	-									
family-camp-cot	1	coleman-converta-cot2	0	amazonAsin	B00363PS3W	https://www.amazon.co.jp/dp/B00363PS3W	コールマン コンバータコット2 ラウンジャー 折りたたみベッド/チェア 2WAY オーバーサイズ	コールマン	2WAY	10990	shared_asin									
family-camp-cot	2	logos-comfort-bed	0	none			ロゴス Tradcanvas コンフォートベッド 73173089 フォールディングコット	ロゴス	73173089	13365	-									
family-camp-cot	3	gussuri-air-cot	0	none			DOEARTH Gussuri エアーマットコット ブラウン 極厚10cm 耐荷重150kg ワンタッチ60秒	DOEARTH		23800	-									
family-camp-cot	4	bundok-low-cot	0	amazonAsin	B09ZXGVH9M	https://www.amazon.co.jp/dp/B09ZXGVH9M	BUNDOK イージーローコット BD-204 折りたたみ アウトドアベッド	BUNDOK	BD-204	5998	OK									
family-camp-cot	5	yurafuwa-hammock	0	none			ゆらふわモック ハンモックベッド コット 自立 折りたたみ	ゆらふわモック		19000	-									
family-camp-lantern	1	lantern-rank-1	0	amazonAsin	B08GLGVGJ1	https://www.amazon.co.jp/dp/B08GLGVGJ1	楽天総合1位 LED ランタン 63灯 USB 手回し ソーラー 電池 車載充電 アウトドア 充電式 懐中電灯 キャンプ 登山 停電 防災対策	楽天総合1位		3498	OK									
family-camp-lantern	2	lantern-rank-2	0	amazonAsin	B06XXK1KYP	https://www.amazon.co.jp/dp/B06XXK1KYP	当店限定色あり《全8色》ブルーノLEDランタン BRUNO LED LANTERN ライト 電灯 電池式 無段階調光 持ち手付き 雑貨 アンティーク ギフト プレゼント 新生活 防災グッズ 災害 非常用 ベランピング ピクニック BBQ おしゃれ キャンプ アウトドア	当店限定色あり《全8色》ブルーノLEDランタン		2750	OK									
family-camp-lantern	3	lantern-rank-3	0	amazonAsin	B0CCHS8K8S	https://www.amazon.co.jp/dp/B0CCHS8K8S	高評価★4.65★ ランタン LEDランタン 充電式 1600ルーメン リモコン付き マグネット 吊るし 防水 明るい 暖色 最強 1000ルーメン以上 長時間 LEDランプ LEDライト アウトドア キャンプ 車中泊 夜釣り 防災グッズ	高評価★4.65★		3580	shared_asin									
family-camp-lantern	4	lantern-rank-4	0	amazonAsin	B0FKT4CV7Z	https://www.amazon.co.jp/dp/B0FKT4CV7Z	Soomloom 2Wayランタン Helio5000 スームルームランタン 最大300ルーメン 5000mAh LED ランタン 懐中電灯 2way キャンプライト USB Type-C充電 調節可能 キャンプランタン アウトドア 防災 防水レベルIPX4 LEDミニランタン アウトドア	Soomloom	2WAY HELIO5000	2970	OK									
family-camp-lantern	5	lantern-rank-5	0	amazonAsin	B0CL6GFW6Q	https://www.amazon.co.jp/dp/B0CL6GFW6Q	LACITA 明るさが360度広がる LEDランタン 充電式 キャンプ ライト 吊り下げ 卓上 小型 軽量 電球色 防災 停電対策 懐中電灯 シーリングライト 明るい 長持ち ラチタ	LACITA		9980	shared_asin									
family-camp-mat	1	mat-patri-double	0	amazonUrl		https://amzn.to/4uU9tun	【数量限定★超目玉割引CP】自動膨張 2人用 ダブル キャンピングマット 厚さ2.5cm インフレータブル エアマット 車中泊マット ミニバン 宿泊 キャンプ用品 テントマット エアーマット レジャー アウトドア 防災 連結 段差解消 クッション 軽量 ファミリー 簡易ベッド ad089	自動膨張	AD089	4180	short_url									
family-camp-mat	2	mat-patri-pillow	0	amazonUrl		https://amzn.to/4pkzBxe	【27(水)迄全品クーポン】キャンピングマット エアマット 自動膨張 エアー ピロー付き 車中泊 冬用 エアーマット 防災用品 エアーマット インフレータブル マットレス アウトドア キャンプマット エアーベッド ベランピング おうちキャンプ ad011	キャンピングマット	AD011	2280	short_url									
family-camp-mat	3	mat-alice-reversible	0	amazonUrl		https://amzn.to/450BK7I	*15%OFFクーポン*【送料無料】防災士監修 リバーシブル キャンピングマット エアーマット アウトドア 用品 キャンプ 雑貨 インフレータブル 車中泊 エアー マットレス 自動膨張 レジャー 行楽 ハイキング 登山 花見 フェス 厚さ 5cm 防災 おうちキャンプ	*15%OFFクーポン*		2919	short_url									
family-camp-mat	4	mat-alice-double	0	amazonUrl		https://amzn.to/3SpKNfw	*マラソン10%offCP*【送料無料】おすすめ アウトドア マット キャンプマット キャンピングマット 折りたたみ 蛇腹 キャンプ用品 レジャー 188cm×57cm XPEフォーム 軽量 防水 防湿 車中泊 キャンプ 防災 登山 ピクニック サイズ 57cm×188cm アウトドア寝具	*マラソン10%offCP*		4389	short_url									
family-camp-mat	5	mat-waq-8cm	0	amazonUrl		https://amzn.to/4adt1Cr	WAQ インフレータブルマット 8cm マットピローセット TAN(タン) キャンプマット キャンプ用まくら 自動膨張 連結	WAQ		9960	short_url									
family-camp-summer-tent	1	tomount-triarc-tunnel-v4	1	amazonUrl		https://amzn.to/4wkKoKF	【TOMOUNT公式】TOMOUNT テント 2ルーム トンネルテント 防水 シルバーコーティング ファミリーテント サイドウォール付き キャンプ テント 4人用 耐水圧2500mm ツールームテント 日よけ 通気 コンパクト 収納袋付き 500x310x195cm 【TriArc Tunnel Tent V4】	TOMOUNT	500X310X195CM	33999	short_url									
family-camp-summer-tent	2	fieldoor-4set-family-tent	1	amazonUrl		https://amzn.to/4fdRTf0	【楽天1位】キャンプ お買い得 4点セット （ファミリーテント+タープ+シート+ポール） 4人〜6人用 大型 キャンプテント ドームテント キャノピーテント フルクローズ 組み立て簡単 入門 初心者 エントリー アウトドア キャンプ FIELDOOR 1年保証 ■[送料無料]	キャンプ		27830	short_url									
family-camp-summer-tent	3	ratelworks-boden-rws0111	1	none			BODEN（ボーデン）RATELWORKS ラーテルワークス キャンプ ファミリーキャンプ テント 2ルームテント ツールームテント ドームテント ドーム型テント ファミリーテント (RWS0111)	BODEN	RWS0111	129800	-									
family-camp-summer-tent	4	onetouch-family-tent-300	1	none			ワンタッチテント テント ワンタッチ キャンプ 公園 4人用 ファミリーテント タープ キャノピーテント サンシェード 遮光 大型 バーベキュー 300 おしゃれ アウトドア uvカット キャンプテント 軽量 簡易テント 遮熱 耐水	ワンタッチテント		19990	-									
family-camp-summer-tent	5	waq-alpha-tc-ft	1	amazonUrl		https://amzn.to/4gwyuYV	WAQ Alpha TC アルファ TC/FT WAQ-TCFT1 ファミリー用テント ソロテント シェルター ティピテント ワンポールテント 【1年保証】	WAQ	WAQ-TCFT1	43800	short_url									
family-camp-tent	1	tent-f-rank-1	0	amazonAsin	B0BS2M6T4W	https://www.amazon.co.jp/dp/B0BS2M6T4W	【TOMOUNT公式】 tomount テント ベルテント 5m ドーム型テント 通気 日除け 虫よけ tcテント 豪華型 ポリコットンテント 8〜10人用 ファミリーテント グランピング テント 薪ストーブ テント 大型 タープテント 防水 グループキャンプ	tomount		69999	OK									
family-camp-tent	2	tent-f-rank-2	0	none			BODEN（ボーデン）RATELWORKS ラーテルワークス キャンプ ファミリーキャンプ テント 2ルームテント ツールームテント ドームテント ドーム型テント ファミリーテント (RWS0111)	BODEN	RWS0111	129800	-									
family-camp-tent	3	tent-f-rank-3	0	amazonAsin	B0FYNV7ZJC	https://www.amazon.co.jp/dp/B0FYNV7ZJC	【TOMOUNT公式】【新作】 TOMOUNT テント 2ルーム ツールームテント 日除け通気 インナー付き キャンプテント 2ルーム ファミリーテント 超大空間 トンネルテント 耐水圧2000mm オールシーズン テント 防水 585 x 315 x 195cm【TRT-KAKO】	TOMOUNT		49999	OK									
family-camp-tent	4	tent-f-rank-4	0	none			【TOMOUNT公式】TOMOUNT インフレータブルテント TC オックスフォード 素材別 エアーテント ポリコットン 大空間 ロッジ型テント キャンプテント 3～5人用 煙突穴付き ファミリーテント 簡単設営 アウトドアテント 日除け 遮熱 防水 虫よけ 初心者向け 320x250x 220cm	TOMOUNT	320X250X	65999	-									
family-camp-tent	5	tent-f-rank-5	0	amazonAsin	B09S5KWBP3	https://www.amazon.co.jp/dp/B09S5KWBP3	WAQ Alpha TC アルファ TC/FT WAQ-TCFT1 ファミリー用テント ソロテント シェルター ティピテント ワンポールテント 【1年保証】	WAQ	WAQ-TCFT1	31500	OK									
family-summer-large-tent	1	tent-rank-1	0	none			【レンタル】小川キャンパル ピルツ19 ワンポールテント 10人用 大型テント（レンタルテント）	小川キャンパル		19800	-									
family-summer-large-tent	2	tent-rank-2	0	amazonAsin	B0CZ6TMBFL	https://www.amazon.co.jp/dp/B0CZ6TMBFL	ノースピーク 韓国ブランドテント 2ルーム ACADIA - OLIVE SAND エアテント ファミリーテント 5人用 メッシュ UV コート 耐水圧4000mm インナーテント グランドシート タープポール付属 オリーブ アウトドア キャンプ	ノースピーク		64800	OK									
family-summer-large-tent	3	tent-rank-3	0	none			ノースピーク Northpeak OCTA SHELL OLIVE GRAY 韓国ブランド ファミリーテント シェルター テント 10人用 メッシュ UV コート 耐水圧4000mm インナールーフテント オリーブ 12人	ノースピーク		61200	-									
family-summer-large-tent	4	tent-rank-4	0	none			ノースピーク Northpeak ATLANTIC OCEAN 2.0 OLIVE SAND 韓国ブランド 2ルーム ファミリー テント 4人用 メッシュ UV コート 耐水圧3000mm インナーテント グランドシート アルミフレーム オリーブ カラー	ノースピーク		48000	-									
family-summer-large-tent	5	tent-rank-5	0	amazonAsin	B0CZ5RNJFT	https://www.amazon.co.jp/dp/B0CZ5RNJFT	ノースピーク 韓国ブランド テント 2ルーム ファミリーテント 4人用 メッシュ UV コート 耐水圧3000mm インナーテント グランドシート タープポール ホワイト カラー アウトドア キャンプ	ノースピーク		38000	OK									
field-rack	1	hibari-fieldrack	0	amazonAsin	B08119B656	https://www.amazon.co.jp/dp/B08119B656	HIBARI フィールドラック 2個セット 収納ケース付き	HIBARI		6600	OK									
field-rack	2	chillcamping-lockrack	0	none			ChillCamping ロック機能付き フィールドラック（単品）	ChillCamping		4980	-									
field-rack	3	uniflame-fieldrack	0	amazonAsin	B06W9FQF9L	https://www.amazon.co.jp/dp/B06W9FQF9L	ユニフレーム フィールドラック 611616（本体・天板別売り）	ユニフレーム		4950	shared_asin									
field-rack	4	campingmoon-3tier	0	none			キャンピングムーン フィールドラック 3段 ケースセット	キャンピングムーン		8000	-									
field-rack	5	pykespeak-camprack	0	none			PYKES PEAK キャンプラック（2〜4段対応）	PYKES		2480	-									
fieldoor-tent	1	fieldoor-onetouch-300	0	amazonAsin	B081RKMZM4	https://www.amazon.co.jp/dp/B081RKMZM4	FIELDOOR ワンタッチテント300 4〜6人用 ダークブラウン（テント本体のみ）キャノピーポール付 耐水圧1,500mm以上	FIELDOOR		19800	OK									
fieldoor-tent	2	fieldoor-tunnel-480	0	amazonAsin	B0B24GQ5K9	https://www.amazon.co.jp/dp/B0B24GQ5K9	FIELDOOR トンネルテント480 3〜4人用 2ルーム カーキ 標準タイプ（テント本体セットのみ）耐水圧1,500mm	FIELDOOR		19800	OK									
fieldoor-tent	3	fieldoor-hexa-dome	0	amazonAsin	B00PTJBGGO	https://www.amazon.co.jp/dp/B00PTJBGGO	FIELDOOR ワンタッチテント ヘキサゴン 4〜5人用 ダークブラウン（テント本体のみ）耐水圧1,500mm以上 UVカット	FIELDOOR		9790	OK									
fieldoor-tent	4	fieldoor-fork-280plus	0	amazonAsin	B09G32T17Z	https://www.amazon.co.jp/dp/B09G32T17Z	FIELDOOR フォークテント280プラス 1〜2人用 ライトベージュ（グランドシート付）二又ポール 耐水圧1,500mm以上	FIELDOOR		12760	OK									
fieldoor-tent	5	fieldoor-tarp-25-side	0	amazonAsin	B07ZQWL272	https://www.amazon.co.jp/dp/B07ZQWL272	FIELDOOR ワンタッチタープテント 2.5m×2.5m サイドシート1枚付 4点脚ロック 標準生地 ホワイト スチール UVカット	FIELDOOR		11990	OK									
fire-blower	1	sanroku-fire-blow	1	none			山麓工房 火吹き棒 火起こし 最長63cm 伸縮設計 無期限メーカー保証 収納ケース付き	山麓工房		2680	-									
fire-blower	2	vastland-fuigo	1	none			VASTLAND 火吹き棒 火起こし器 ふいご 伸縮6段式 カラビナ収納ケース付き	VASTLAND		799	-									
fire-blower	3	zencamps-blaster	1	amazonAsin	B0D9NDFVMQ	https://www.amazon.co.jp/dp/B0D9NDFVMQ	ZEN Camps 火吹き棒 ふいご ファイヤーブラスター 真鍮 アルミパイプ 伸縮式	ZEN		2680	OK									
fire-blower	4	dotwest-wood	1	none			ドットウエスト 火吹き棒 ふいご 天然木ハンドル 小型 収納袋付き 長さ調節	ドットウエスト		1599	-									
fire-blower	5	campingmoon-ms43	1	none			CAMPINGMOON キャンピングムーン 火吹き棒 分割式 ロング ふいご 収納ケース付き	CAMPINGMOON		2980	-									
fire-extinguish-pot	1	zencamps-ashcarry	1	amazonAsin	B09K65JX3G	https://www.amazon.co.jp/dp/B09K65JX3G	ZEN Camps 火消し袋 アッシュキャリー Mサイズ 幅29×高32cm 耐熱 難燃 炭処理袋	ZEN		3980	OK									
fire-extinguish-pot	2	byousoku-tsubo	1	none			秒速消火 火消し壺 ステンレス キャンプ 火消しつぼ 帆布袋付き 炭壺 消火	秒速消火		3480	-									
fire-extinguish-pot	3	captainstag-alster	1	amazonAsin	B0065UYDAW	https://www.amazon.co.jp/dp/B0065UYDAW	キャプテンスタッグ アルスター火消しつぼ M 木炭 バーベキュー 消火	キャプテンスタッグ		2948	OK									
fire-extinguish-pot	4	greenlife-hot150	1	amazonAsin	B00BG57XOE	https://www.amazon.co.jp/dp/B00BG57XOE	グリーンライフ 火おこし兼用火消しつぼ HOT-150 2WAY 火起こし器	グリーンライフ	HOT-150 2WAY	2979	OK									
fire-extinguish-pot	5	fielddoor-4l	1	amazonAsin	B09FJLPYGP	https://www.amazon.co.jp/dp/B09FJLPYGP	FIELDOOR 火消し袋 炭処理袋 30cm Sサイズ 容量4L グラスファイバー 難燃 耐熱	FIELDOOR		1000	OK									
fire-tongs	1	snowpeak-n020	0	amazonAsin	B002NTQPEG	https://www.amazon.co.jp/dp/B002NTQPEG	スノーピーク 火ばさみ N-020 トング ステンレス 木製ハンドル 永久保証	スノーピーク	N-020	2640	OK									
fire-tongs	2	dod-futsuno-tong	0	amazonAsin	B09RMPF38M	https://www.amazon.co.jp/dp/B09RMPF38M	DOD フツーノトング TG1-899-BK 火ばさみ 焚き火 トング	DOD	TG1-899-BK	2420	OK									
fire-tongs	3	ventlax-takibi-tongs	0	none			VENTLAX TAKIBI TONGS 焚火トング 火ばさみ 薪ばさみ	VENTLAX		4980	-									
fire-tongs	4	zen-camps-tong	0	amazonAsin	B0CLTWV99Z	https://www.amazon.co.jp/dp/B0CLTWV99Z	ZEN Camps 火ばさみ 薪バサミ 折りたたみトング 伸縮式 ステンレス コンパクト	ZEN		7632	OK									
fire-tongs	5	field-to-summit-tong	0	amazonAsin	B09FL4VCVD	https://www.amazon.co.jp/dp/B09FL4VCVD	Field to Summit 薪ばさみ 34cm OFHTONG34 木製ハンドル 火ばさみ 炭ばさみ	Field	OFHTONG34	1780	OK									
fireproof-chair	1	visionpeaks-vp1645002	0	amazonAsin	B08BYH5ZQK	https://www.amazon.co.jp/dp/B08BYH5ZQK	ビジョンピークス キャンバスリラックスチェア VP1645002 コヨーテ	ビジョンピークス	VP1645002	6990	OK									
fireproof-chair	2	fieldoor-lowback-tc	0	amazonAsin	B07RW6ND2D	https://www.amazon.co.jp/dp/B07RW6ND2D	FIELDOOR ポータブルチェア ローバック T/C カーキ ノーマル 座面高25cm	FIELDOOR		3850	OK									
fireproof-chair	3	fieldoor-midback-tc	0	amazonAsin	B08T5Q1MGW	https://www.amazon.co.jp/dp/B08T5Q1MGW	FIELDOOR ポータブルチェア ミドルバック T/C カーキ ロータイプ 座面高23cm	FIELDOOR		4510	OK									
fireproof-chair	4	bundok-bd-111	0	amazonAsin	B08Z6WVTL8	https://www.amazon.co.jp/dp/B08Z6WVTL8	BUNDOK 焚き火チェア BD-111 カーキ 綿100％ 座面高11cm	BUNDOK	BD-111	4980	shared_asin									
fireproof-chair	5	campingmoon-f-1002c	0	amazonAsin	B08DHM8V4G	https://www.amazon.co.jp/dp/B08DHM8V4G	CAMPING MOON リラックスローチェア F-1002C コヨーテ 帆布	CAMPING	F-1002C	8712	OK									
fireproof-gloves	1	fg-komkom	0	none			DELLEPICO 耐火グローブ オレンジ(24cm) 耐熱グローブ 耐熱手袋 キャンプ 革手袋 BBQ 焚き火	DELLEPICO		1550	-									
fireproof-gloves	2	fg-zencamps	0	none			ZEN Camps 耐熱グローブ Mサイズ 本革 キャンプグローブ 焚き火グローブ 革手袋 作業手袋 耐火グローブ	ZEN		3280	-									
fireproof-gloves	3	fg-tran	0	none			TRAN トラン 耐熱グローブ n005 牛本革（ブラウン）Mサイズ キャンプ 手袋 耐熱手袋 レザー 焚き火 BBQ	TRAN	N005	1480	-									
fireproof-gloves	4	fg-morso	0	amazonAsin	B00IM50T1A	https://www.amazon.co.jp/dp/B00IM50T1A	morso 薪ストーブ グローブ 右手用 左手用 革 手袋 片手 焚き火 焚火 薪 耐熱 アクセサリー 黒 暖炉 バーベキュー BBQ キャンプ アウトドア やけど 火傷 安全 モルソー	morso		4180	OK									
fireproof-gloves	5	fg-longleather	0	none			Mystic Ridge 耐熱グローブ tglobe2 ロング 牛革 本革 フリーサイズ 料理用 焚き火 薪ストーブ 溶接 男女兼用	Mystic	TGLOBE2	2280	-									
folding-cutting-board	1	yoshiki-yk-kbm1-m	0	amazonAsin	B095KHVRQ6	https://www.amazon.co.jp/dp/B095KHVRQ6	良木工房(YOSHIKI) 竹製 包丁まな板セット Mサイズ YK-KBM1	良木工房	YK-KBM1	2998	OK									
folding-cutting-board	2	snowpeak-cs-207	0	amazonAsin	B001UGID3E	https://www.amazon.co.jp/dp/B001UGID3E	スノーピーク(snow peak) マナイタセット M CS-207	スノーピーク	CS-207	5720	OK									
folding-cutting-board	3	htag-dh-010-s	0	amazonAsin	B08BTR3CPV	https://www.amazon.co.jp/dp/B08BTR3CPV	アッシュコンセプト h tag カッティングマット S DH-010-S	アッシュコンセプト	DH-010-S	4180	OK									
folding-cutting-board	4	yoshiki-bamboo-set-l	0	none			良木工房(YOSHIKI) 竹製 包丁まな板セット Lサイズ	良木工房		4298	-									
folding-cutting-board	5	htag-dh-010-ss	0	amazonAsin	B08TC2WD93	https://www.amazon.co.jp/dp/B08TC2WD93	アッシュコンセプト h tag カッティングマット SS DH-010-SS	アッシュコンセプト	DH-010-SS	2530	OK									
forged-peg	1	elliise-28-8	0	amazonAsin	B00EE073O8	https://www.amazon.co.jp/dp/B00EE073O8	エリッゼステーク 28cm 8本セット 黒カチオン電着塗装 MK-280K×8 S55C 楕円棒	エリッゼステーク	MK-280K S55C	3520	OK									
forged-peg	2	iwano-30-8	0	amazonAsin	B08H1Q3M86	https://www.amazon.co.jp/dp/B08H1Q3M86	IWANO 鍛造ペグ 30cm 8本 日本製 カチオン電着塗装 サビに強い	IWANO		990	OK									
forged-peg	3	elliise-28-5	0	amazonAsin	B00CJ2Y4ZY	https://www.amazon.co.jp/dp/B00CJ2Y4ZY	エリッゼステーク 28cm 5本セット 黒カチオン電着塗装 MK-280K×5 S55C 楕円棒	エリッゼステーク	MK-280K S55C	2200	OK									
forged-peg	4	reiden-set	0	none			REIDEN 鍛造ペグ 20cm 4本セット 袋付き 現役キャンパー監修	REIDEN		1152	-									
forged-peg	5	peg-hammer-set	0	none			鍛造ペグ 30cm 8本 ＋ ペグハンマー セット 木製ハンマー 発光テントロープ 収納袋付き	鍛造ペグ		3490	-									
gas-lantern	1	gaslantern-rank-1	0	none			Coleman(コールマン) 2500ノーススターLPガスランタン 最大1543ルーメン+ガス燃料+マントル【お得な3点セット】 レッド 2000015521	Coleman	2000015521	11342	-									
gas-lantern	2	gaslantern-rank-2	0	amazonAsin	B001ADUDIU	https://www.amazon.co.jp/dp/B001ADUDIU	SOTO ( 新富士バーナー ) 虫の寄りにくいランタン ST-233 キャンプ 用品 オートキャンプ 用品 虫よけ 防災	SOTO	ST-233	11550	OK									
gas-lantern	3	gaslantern-rank-3	0	amazonAsin	B018XJXP7O	https://www.amazon.co.jp/dp/B018XJXP7O	スノーピーク リトルランプ ノクターン snow peak Little Lamp Nocturne GL-140	スノーピーク	GL-140	4660	shared_asin									
gas-lantern	4	gaslantern-rank-4	0	none			Coleman(コールマン) ルミエールランタン+純正LPガス燃料[Tタイプ] 205588+5103A230T	Coleman	5103A230T	5247	-									
gas-lantern	5	gaslantern-rank-5	0	none			キャンピングムーン CAMPINGMOON ガスランタン ガスキャンドル ランタン ガスランプ キャンプ	キャンピングムーン		4260	-									
gear-storage-box	1	risu-tc70	0	amazonAsin	B0DYD7R9V2	https://www.amazon.co.jp/dp/B0DYD7R9V2	RISU リス トランクカーゴ TC-70 アイボリー（70L）	RISU	TC-70	5980	OK									
gear-storage-box	2	chill-camping-container-l	0	none			Chill Camping ソフトコンテナ ツールボックス カーキLサイズ 60L ギアコンテナ	Chill		5780	-									
gear-storage-box	3	risu-tc-stacking	0	none			RISU リス TC トランクカーゴ スタッキングタイプ GHON277 20L グリーン	RISU	GHON277	3480	-									
gear-storage-box	4	muranokajiya-container	0	amazonAsin	B00KVTQDX8	https://www.amazon.co.jp/dp/B00KVTQDX8	村の鍛冶屋 ペグ収納マルチコンテナボックス	村の鍛冶屋		3685	OK									
gear-storage-box	5	irisohyama-rvbox-1000	0	amazonAsin	B0D6N8C2RQ	https://www.amazon.co.jp/dp/B0D6N8C2RQ	アイリスオーヤマ RVBOX 1000 RV1000R グレー×ダークグリーン（大容量・キャスター付）	アイリスオーヤマ	RV1000R	11970	OK									
gentos-light	1	gentos-ex450h	0	amazonUrl		https://amzn.to/4eoTnE1	ジェントス LEDランタン EX-450H 高輝度 1100ルーメン Explorer	ジェントス	EX-450H	3980	short_url									
gentos-light	2	gentos-ex366d	0	amazonUrl		https://amzn.to/4oES0Vf	ジェントス LEDランタン EX-366D Explorer	ジェントス	EX-366D	4770	short_url									
gentos-light	3	gentos-ex334d	0	amazonUrl		https://amzn.to/4exjOpF	ジェントス LEDランタン EX-334D 440ルーメン Explorer	ジェントス	EX-334D	2420	short_url									
gentos-light	4	gentos-ex700f	0	amazonUrl		https://amzn.to/4eAPjPP	ジェントス フィラメントLEDランタン EX-700F 700ルーメン 無段階調光 乾電池式 防滴	ジェントス	EX-700F	1999	short_url									
gentos-light	5	gentos-ex400f	0	amazonUrl		https://amzn.to/4eHe9h1	ジェントス フィラメントLEDランタン EX-400F 400ルーメン 暖色 ダイヤル式調光 乾電池式 防滴	ジェントス	EX-400F	1999	short_url									
gregory-backpack	1	gregory-daypack	1	none			GREGORY デイパック DAY PACK クラシック	GREGORY		29700	-									
gregory-backpack	2	gregory-easypeasy	1	amazonAsin	B0H98SWLBS	https://www.amazon.co.jp/dp/B0H98SWLBS	GREGORY イージー ピージー デイ EASY PEASY DAY 18L	GREGORY		12999	OK									
gregory-backpack	3	gregory-campusday	1	amazonAsin	B081DRHG3J	https://www.amazon.co.jp/dp/B081DRHG3J	GREGORY キャンパスデイ M CAMPUS DAY M 22L クラシック	GREGORY		17600	OK									
gregory-backpack	4	gregory-rhune	1	amazonAsin	B09VS9CSQL	https://www.amazon.co.jp/dp/B09VS9CSQL	GREGORY ルーヌ22 RHUNE 22L PC/タブレット収納スリーブ	GREGORY		30800	OK									
gregory-backpack	5	gregory-casualday	1	amazonAsin	B0FRS95WJQ	https://www.amazon.co.jp/dp/B0FRS95WJQ	GREGORY カジュアルデイ V2 バックパック	GREGORY		11880	OK									
ground-sheet	1	geertop-groundsheet	0	amazonAsin	B01D8ER4EY	https://www.amazon.co.jp/dp/B01D8ER4EY	GEERTOP テントシート グランドシート 防水8000mm 両面防水加工	GEERTOP		2999	OK									
ground-sheet	2	triwonder-groundsheet	0	amazonAsin	B019U1OV6I	https://www.amazon.co.jp/dp/B019U1OV6I	TRIWONDER タープ グランドシート 防水軽量 マルチシート	TRIWONDER		1680	OK									
ground-sheet	3	zencamps-groundsheet	0	amazonAsin	B0DGX6GWV2	https://www.amazon.co.jp/dp/B0DGX6GWV2	ZEN Camps グランドシート 帆布 ブラック 194×136cm パラフィン（ロウ引き）加工	ZEN		5485	OK									
ground-sheet	4	goglamping-groundsheet	0	amazonAsin	B0DB5WVRMX	https://www.amazon.co.jp/dp/B0DB5WVRMX	GOGlamping グランドシート テント用四角シート M(215*180cm) ブラック 420D 軽量	GOGlamping		1504	OK									
ground-sheet	5	clostnature-groundsheet	0	amazonAsin	B0CLLX2YQB	https://www.amazon.co.jp/dp/B0CLLX2YQB	Clostnature グランドシート 防水防湿 2/4/6人用	Clostnature		1899	OK									
group-camp-table	1	rattan-garden-table-180	0	none			ラタン調 ガーデンテーブル 180cm アウトドアテーブル ダイニングテーブル ガーデン テーブル 折り畳み式 頑丈 大型180cm 防水 長テーブル ガーデンファニチャー 外テーブル ###ラタン机F002R###	ラタン調	F002R	6980	-									
group-camp-table	2	fieldoor-outdoor-table-180-240	0	amazonUrl		https://amzn.to/4fd2FBX	FIELDOOR アウトドアテーブル 幅180cm×奥行60cm シルバー 折りたたみ 三つ折り アルミ レジャーテーブル 長机 高さ調整 2段階 6人〜8人	FIELDOOR		7260	short_url									
group-camp-table	3	wakufimac-rolltop-120x70	0	amazonUrl		https://amzn.to/4aReqgg	アウトドアテーブル キャンプテーブル ロールトップテーブル 折りたたみ ロールテーブル 120×70 高さ調整 木目調 アルミ 軽量 大型 ファミリーキャンプ BBQ バーベキュー レジャーテーブル ピクニック キャンプ用品 waku fimac	アウトドアテーブル		9980	short_url									
group-camp-table	4	folding-table-180x70	0	none			折りたたみテーブル 幅180×奥行70cm テーブルのみ(単品) KM-F002 アウトドアテーブル 頑丈 大型 ガーデンテーブル	折りたたみテーブル	KM-F002	5980	-									
group-camp-table	5	captainstag-hexa-center-table-96	0	amazonUrl		https://amzn.to/3T1XGN9	キャプテンスタッグ CSクラシックス 木製 ヘキサセンターテーブル 96 大テーブル 2個組 収納バッグ付 ヘキサゴンテーブル ローテーブル	キャプテンスタッグ		27313	short_url									
group-camp-tent	1	tent-rank-1	0	amazonAsin	B071GY95MQ	https://www.amazon.co.jp/dp/B071GY95MQ	タンスのゲン ENDLESS BASE 特大 ワンタッチタープテント 3×6m オリーブ 本体のみ 大型 大人数 6人用 UVカット 耐水 収納バッグ付き	タンスのゲン		24999	shared_asin									
group-camp-tent	2	tent-rank-2	0	amazonAsin	B0C6T66WW2	https://www.amazon.co.jp/dp/B0C6T66WW2	タンスのゲン ワンタッチタープテント 3m×3m オリーブ 本体のみ UV 耐水 ベンチレーション 収納バッグ付 大型 日よけ 運動会	タンスのゲン		8999	OK									
group-camp-tent	3	tent-rank-3	0	none			大型テント イベント テント 運動会 テント ワンタッチ フリーライズ HEXAGON(ヘキサゴン)シリーズ（アルミフレーム） 3m×6m カラー： 5色 防災用 自治会 熱中症対策 マルシェ 待機所 待合所 学園祭 寄贈品 Free-Rise	大型テント		118580	-									
group-camp-tent	4	tent-rank-4	0	amazonAsin	B09C1W43RL	https://www.amazon.co.jp/dp/B09C1W43RL	PYKES PEAK パイクスピーク 大型テント 6人用 ドーム型 P0029PARTYDOME-OLIVE オリーブ キャノピーテント UVカット UPF50+ 耐水圧2000mm 軽量	PYKES	P0029PARTYDOME-OLIVE	23980	OK									
group-camp-tent	5	tent-rank-5	0	none			【楽天1位】テント 4人用 ドームテント 大型 5人用 6人用 キャンプテント UVカット キャノピー ポール 付 耐水圧 1,500mm以上 キャノピーテント フルクローズテント テント メッシュ 日よけ 組み立て式 FIELDOOR 1年保証 ★[送料無料]	テント		17600	-									
guy-rope-recommend	1	dailycompass-tentrope-8	0	none			テントロープ ガイロープ 8本セット 5mm×4m（反射材入り・自在金具8個付）	テントロープ		1680	-									
guy-rope-recommend	2	soomloom-guyrope-50m	0	amazonAsin	B07WX7S936	https://www.amazon.co.jp/dp/B07WX7S936	Soomloom パラコード ガイロープ 全長50m 2mm レッド 反射材付き テントロープ 張り綱	Soomloom		1580	OK									
guy-rope-recommend	3	muranokajiya-tgr-4jset	0	none			村の鍛冶屋 蓄光反射ガイロープ TGR-4Jset 5mm×4m 4本（自在金具付）	村の鍛冶屋	TGR-4JSET	2750	-									
guy-rope-recommend	4	campgreeb-guyrope-4mm-50m	0	amazonAsin	B0BG22H6TJ	https://www.amazon.co.jp/dp/B0BG22H6TJ	キャンプグリーブ 反射材入りガイロープ 4mm×50m巻（自在金具12個付・耐荷重350kg）	キャンプグリーブ		2380	OK									
guy-rope-recommend	5	unicona-guyrope-3mm-4	0	none			UNICONA ガイロープ テントロープ 4本セット 3mm×4m（反射材入り・自在金具付）	UNICONA		1000	-									
hand-axe	1	ax-outbear	1	none			＼ランキング1位!!／【二度研磨・刃付き】 キャンプ 斧 薪割り手斧 おの オノ 手斧 手おの キャンプ斧 ハチェット アックス ハンドアックス 薪割り まきわり 焚き火 焚火 薪 薪ストーブ アウトドア ヒッコリー コンパクト 頑丈 刃付き キャンプ 手斧 【レザーカバー付き】	キャンプ		2980	-									
hand-axe	2	ax-husqvarna-38	1	amazonAsin	B00HC077GQ	https://www.amazon.co.jp/dp/B00HC077GQ	ハスクバーナ 手斧 38cm 5769264-01 旧 5026402-01 アウトドア 薪割り斧 キャンプ 斧 薪 薪割り 焚き火 焚火 たき火 ハンドアックス ハンドメイド	ハスクバーナ		7523	OK									
hand-axe	3	ax-plow	1	none			[決算セール◆大特価] プラウ 薪割り用 ハンマー斧 PH-HMR(390mm 910mm 915mm) テント ペグ打ち 楔 クサビ キャンプ アウトドア 焚き火 薪ストーブ 薪づくり アックス カバー付き	プラウ		1984	-									
hand-axe	4	ax-astro	1	amazonAsin	B07QGJZF4R	https://www.amazon.co.jp/dp/B07QGJZF4R	手斧 600g AX946 | カーボンスチール ヒッコリー柄 保護ラバー付 斧 オノ 手斧 ハンドアックス 薪 薪割り アウトドア キャンプ BBQ DIY 伐採 小型 防災 アストロプロダクツ	手斧	AX946	2409	OK									
hand-axe	5	ax-husqvarna-yankee	1	amazonAsin	B08TGQFV1N	https://www.amazon.co.jp/dp/B08TGQFV1N	【日本限定モデル】ハスクバーナ 手斧 ハチェットヤンキー 700g 正規品 純正 599674401 日本限定モデル【Husqvarna 斧 薪割り キャンプ薪割り ハンドアックス アウトドア 木こりオノ 作業斧 手工具 切断 ハスク】【おしゃれ おすすめ】[CB99]	ハスクバーナ	599674401 CB99	5980	OK									
hanging-rack	1	fielddoor-hanger-m	0	amazonAsin	B07V6DPWV8	https://www.amazon.co.jp/dp/B07V6DPWV8	FIELDOOR アウトドア ハンガーラック Mサイズ レッド 超々ジュラルミン 軽量アルミ 折りたたみ 収納バッグ付き	FIELDOOR		4950	OK									
hanging-rack	2	ichifuji-hanging-rack	0	none			ICHIFUJI ハンギングラック nk044m Mサイズ ランタンスタンド 物干しフック付 アルミ合金 折りたたみ 専用収納袋付き	ICHIFUJI	NK044M	3680	-									
hanging-rack	3	moonlence-hanging-rack	0	amazonAsin	B0C49RJLXQ	https://www.amazon.co.jp/dp/B0C49RJLXQ	Moon Lence ハンギングラック ランタンハンガー 3段階高さ調節 アルミ合金 耐荷重20kg 折りたたみ式 収納袋付き	Moon		3399	OK									
hanging-rack	4	naturehike-hanging-rack	0	amazonAsin	B08ZHWTGBH	https://www.amazon.co.jp/dp/B08ZHWTGBH	Naturehike ハンギングラック M・Lサイズ ランタンスタンド 物干しフック付 アルミ合金 折りたたみ	Naturehike		4690	OK									
hanging-rack	5	maveek-hanging-rack	0	none			MAVEEK ハンギングラック ランタンスタンド 物干しフック付 アルミ合金 折り畳み 超軽量 収納便利	MAVEEK		4450	-									
headlight-rechargeable	1	nforce-sr01l	0	none			N-FORCE SR-01L 充電式ヘッドライト センサー点灯 LED 軽量 長時間	N-FORCE	SR-01L	2880	-									
headlight-rechargeable	2	relief10-3led	0	amazonAsin	B0D5B1YSL1	https://www.amazon.co.jp/dp/B0D5B1YSL1	relief10 LEDヘッドライト 充電式 3灯LED ワイド/スポット2in1 モーションセンサー付き 12か月保証	relief10	RELIEF10 2IN1	1580	OK									
headlight-rechargeable	3	5200lm-headlight	0	none			ヘッドライト 充電式/電池式 5200ルーメン 高輝度 センサー点灯 USB 防水 防塵 軽量	ヘッドライト		1950	-									
headlight-rechargeable	4	nforce-sc300r	0	amazonAsin	B0C8T7FK1L	https://www.amazon.co.jp/dp/B0C8T7FK1L	N-FORCE SC-300R/SC-400R 充電式ヘッドライト LED 防水 登山 釣り 防災	N-FORCE	SC-300R SC-400R	1480	OK									
headlight-rechargeable	5	lepro-usbc-300lm	0	amazonAsin	B01DNDMSLY	https://www.amazon.co.jp/dp/B01DNDMSLY	Lepro ヘッドライト 充電式 USB-C 300ルーメン 実用点灯30時間 白＆赤点灯 防水 軽量 1年保証	Lepro		1299	OK									
helinox-chair	1	helinox-chair-one	0	amazonUrl		https://amzn.to/4gye0Ph	Helinox ヘリノックス チェアワン Chair One	Helinox		15500	short_url									
helinox-chair	2	helinox-chair-one-home	0	amazonUrl		https://amzn.to/4oERUgl	Helinox ヘリノックス チェアワン ホーム Chair One Home	Helinox		13990	short_url									
helinox-chair	3	helinox-ground-chair	0	amazonUrl		https://amzn.to/3QjrlR7	Helinox ヘリノックス グラウンドチェア Ground Chair	Helinox		15850	short_url									
helinox-chair	4	helinox-chair-two	0	amazonUrl		https://amzn.to/4g4tdrr	Helinox ヘリノックス チェアツー Chair Two 12851R2 Black ハイバック	Helinox	12851R2	16990	short_url									
hexa-tarp	1	dod-itsukano-tarp	0	amazonAsin	B07VF37G57	https://www.amazon.co.jp/dp/B07VF37G57	DOD いつかのタープ TT5-631-TN ヘキサタープ ポリエステル ポール ペグ ロープ付属 初心者向け	DOD	TT5-631-TN	10160	shared_asin									
hexa-tarp	2	fieldoor-hexa-m	0	none			FIELDOOR タープテント ヘキサタープ Mサイズ 440cm×470cm 六角形 UVカット 高耐水 4〜6人用	FIELDOOR		4510	-									
hexa-tarp	3	vastland-tc-hexa	0	amazonAsin	B0BHHKNX5Y	https://www.amazon.co.jp/dp/B0BHHKNX5Y	VASTLAND TCヘキサタープ 420cm×420cm VL-THT-M-TAN タン ポリコットン 難燃素材 ポール ペグ 自在ロープ 延長ベルト 収納袋付き オールインワンセット	VASTLAND		15980	OK									
hexa-tarp	4	fieldoor-hexa-l	0	none			FIELDOOR タープテント ヘキサタープ Lサイズ 530cm×570cm 六角形 UVカット 高耐水 6〜8人用	FIELDOOR		5940	-									
hexa-tarp	5	polycotton-takibi-tarp	0	none			unigear ポリコットン ヘキサタープ rk0042 320*290cm グリーン 焚火タープ 防水 軽量 5m延長ベルト付き 遮熱性 耐火性 サンシェード	unigear	RK0042	6820	-									
hot-sandwich-maker	1	vastland-hsm-ih	0	amazonAsin	B09Z2JCM6Q	https://www.amazon.co.jp/dp/B09Z2JCM6Q	VASTLAND ホットサンドメーカー シングル 直火・IH対応 着脱式 フッ素樹脂加工	VASTLAND		1980	OK									
hot-sandwich-maker	2	chums-hot-sandwich	0	amazonAsin	B00WSHHWC2	https://www.amazon.co.jp/dp/B00WSHHWC2	チャムス ホットサンドウィッチクッカー CHUMS CH62-1039 シングル 直火	チャムス	CH62-1039	4660	OK									
hot-sandwich-maker	3	vastland-hsm-tsubame	0	none			VASTLAND ホットサンドメーカー シングル 直火式 燕三条製	VASTLAND		2980	-									
hot-sandwich-maker	4	campingmoon-hsm	0	amazonAsin	B0DDK4TWZJ	https://www.amazon.co.jp/dp/B0DDK4TWZJ	キャンピングムーン ホットサンドメーカー 直火式 シングル ケース付き コンパクト	キャンピングムーン		4190	OK									
hot-sandwich-maker	5	grill-hotpan-single	0	none			グリルホットパン ホットサンドメーカー 直火 1枚用 着脱式 耳まで圧着	グリルホットパン		1980	-									
hot-water-bottle	1	maruka-ace-25	0	amazonAsin	B005SKARC8	https://www.amazon.co.jp/dp/B005SKARC8	マルカ 湯たんぽ Aエース 2.5L AF-25（直火・IH対応・袋付き）	マルカ	AF-25	2897	shared_asin									
hot-water-bottle	2	hagoogi-lxe01	0	none			Hagoogi 充電式湯たんぽ LXE-01（蓄熱式・4〜12H保温）	Hagoogi	LXE-01	2980	-									
hot-water-bottle	3	maruka-ace-35	0	amazonAsin	B00IPNJ24Y	https://www.amazon.co.jp/dp/B00IPNJ24Y	マルカ 湯たんぽ Aエース 3.5L A-35（大容量・直火/IH対応）	マルカ	A-35	2970	OK									
hot-water-bottle	4	mottole-mtlw001	0	amazonAsin	B09HXHCVC2	https://www.amazon.co.jp/dp/B09HXHCVC2	mottole 充電式湯たんぽ MTL-W001 ホワイト（やわらかカバー付き）	mottole	MTL-W001	3070	OK									
hot-water-bottle	5	sleepplus-danloop	0	none			スリーププラス 充電式ソフト湯たんぽ 暖ループ ノーマル ブラウン／シープ（カバー付き）	スリーププラス		2300	-									
infinity-chair	1	coleman-infinity	0	amazonAsin	B079C1K6DH	https://www.amazon.co.jp/dp/B079C1K6DH	コールマン インフィニティチェア 2000033139 ベージュ フリーサイズ	コールマン	2000033139	9980	shared_asin									
infinity-chair	2	sidetable-recliner	0	none			FUNJOB サイドテーブル付 折りたたみ式リクライニングチェア Z0677680 ベージュ インフィニティチェア	FUNJOB	Z0677680	6780	-									
infinity-chair	3	timberridge-recliner	0	amazonAsin	B08SLKMGLB	https://www.amazon.co.jp/dp/B08SLKMGLB	TIMBER RIDGE リクライニングチェア グリーンーサイドテーブル付 耐荷重160kg 座幅60cm 無段階 折りたたみ インフィニティチェア	TIMBER		13090	OK									
infinity-chair	4	headrest-infinity	0	none			インフィニティチェア ヘッドレスト付 ブラック 1人掛け リクライニング 折りたたみ	インフィニティチェア		6980	-									
infinity-chair	5	regear-infinity	0	amazonAsin	B0CCP4L4YV	https://www.amazon.co.jp/dp/B0CCP4L4YV	Re:Gear インフィニティチェア re0chair ブラック カップホルダー付 リクライニング 折りたたみ	Re:Gear	RE0CHAIR	7680	OK									
inflatable-mat	1	aiflycy-inflatable	0	amazonAsin	B0CBTMQJZP	https://www.amazon.co.jp/dp/B0CBTMQJZP	Aiflycy インフレーターマット 厚手10cm 枕付き 幅75cm ベージュ 自動膨張式 極厚 車中泊マット	Aiflycy		6680	OK									
inflatable-mat	2	electric-inflatable-10cm	0	amazonAsin	B0GQ9V75GN	https://www.amazon.co.jp/dp/B0GQ9V75GN	電動インフレーターマット 電動ポンプ内蔵 厚手10cm トリプルバルブ構造 自動膨張 車中泊	電動インフレーターマット		9480	OK									
inflatable-mat	3	onetigris-dreamstar	0	amazonAsin	B0DH2GKQFD	https://www.amazon.co.jp/dp/B0DH2GKQFD	OneTigris DREAMSTAR インフレータブルマット 厚手8cm R値6.3 自動膨張 超軽量 高反発ウレタン シングル 撥水加工	OneTigris		18590	shared_asin									
inflatable-mat	4	pykespeak-r893	0	amazonAsin	B0CLV79J6K	https://www.amazon.co.jp/dp/B0CLV79J6K	PYKES PEAK インフレーターマット 8cm R値8.93 スタンダードサイズ ブラック 自動膨張式 車中泊マット	PYKES		5980	OK									
inflatable-mat	5	bearsrock-3cm	0	amazonAsin	B085TBSTW4	https://www.amazon.co.jp/dp/B085TBSTW4	Bears Rock キャンプマット 3cm シングル エスニックオリーブ 自動膨張式 軽量コンパクト	Bears		3450	OK									
inner-tent-kangaroo	1	tentmark-monopole-inner	0	amazonAsin	B08M93LL4B	https://www.amazon.co.jp/dp/B08M93LL4B	テンマクデザイン(tent-Mark DESIGNS) モノポールインナーテント メッシュ カンガルーテント フルメッシュ	テンマクデザイン		5280	OK									
inner-tent-kangaroo	2	dod-warabi-tent	0	amazonAsin	B07WTNTJSR	https://www.amazon.co.jp/dp/B07WTNTJSR	DOD(ディーオーディー) ワラビーテント コットン生地 吊り下げ式カンガルーテント T2-657-BR	DOD	T2-657-BR	10830	OK									
inner-tent-kangaroo	3	goglamping-skyeye	0	amazonAsin	B0C6TJ1S7Z	https://www.amazon.co.jp/dp/B0C6TJ1S7Z	GOGlamping ツーリングドームテント ソロ1人用 SKY EYE 自立式TC SET1-361-BK ブラック テント本体のみ カンガルーテント 210×90×112cm	GOGlamping	SET1-361-BK	10980	OK									
inner-tent-kangaroo	4	fieldoor-kangaroo100	0	amazonAsin	B0861X67H7	https://www.amazon.co.jp/dp/B0861X67H7	FIELDOOR カンガルーテント100 インナー フルクローズタイプ	FIELDOOR		3980	OK									
inner-tent-kangaroo	5	vastland-kangaroo	0	amazonAsin	B0D4XZM8J1	https://www.amazon.co.jp/dp/B0D4XZM8J1	VASTLAND カンガルーテント インナーテント 一人用 ソロテント メッシュタイプ	VASTLAND		4480	OK									
insulated-tumbler	1	thermos-jdu-351-black	0	amazonAsin	B0GL5Q2HHC	https://www.amazon.co.jp/dp/B0GL5Q2HHC	サーモス 保冷缶ホルダー 350ml缶用 JDU-351 ブラック	サーモス	JDU-351	2678	OK									
insulated-tumbler	2	thermos-jdu-501-black	0	amazonAsin	B0GL5TZZBC	https://www.amazon.co.jp/dp/B0GL5TZZBC	サーモス 保冷缶ホルダー 500ml缶用 JDU-501 ブラック	サーモス	JDU-501	2980	OK									
insulated-tumbler	3	hydroflask-coolercup-12oz-white	0	amazonAsin	B091PN2633	https://www.amazon.co.jp/dp/B091PN2633	ハイドロフラスク Cooler Cup クーラーカップ 12oz（354ml）ホワイト	ハイドロフラスク		3520	OK									
insulated-tumbler	4	atlas-awch-350-500-navy	0	amazonAsin	B08747KL4Y	https://www.amazon.co.jp/dp/B08747KL4Y	アトラス 缶ホルダー AWCH-350 350mL缶用 ネイビー 真空断熱 ステンレス 保温 保冷	アトラス	AWCH-350	1280	OK									
insulated-tumbler	5	zakkanet-cancooler-350	0	none			MS 缶ホルダークーラー TS-1655 350ml レッド 真空断熱二重構造（エントリーモデル）	MS	TS-1655	880	-									
isuka-sleeping-bag	1	isuka-patrol	0	amazonAsin	B0015XFQF0	https://www.amazon.co.jp/dp/B0015XFQF0	イスカ パトロール ショート ロイヤルブルー 117212	イスカ		10450	OK									
isuka-sleeping-bag	2	isuka-alphalite700	0	amazonAsin	B07DL5L6R2	https://www.amazon.co.jp/dp/B07DL5L6R2	イスカ アルファライト700X インディゴ 111803	イスカ		19800	OK									
isuka-sleeping-bag	3	isuka-alphalite1300	0	amazonAsin	B07HH2BH27	https://www.amazon.co.jp/dp/B07HH2BH27	イスカ アルファライト1300EX インディゴ 125809	イスカ		25300	OK									
isuka-sleeping-bag	4	isuka-airdryght140	0	amazonAsin	B08ZVC2YDV	https://www.amazon.co.jp/dp/B08ZVC2YDV	イスカ エアドライト140 ダークネイビー	イスカ		23100	OK									
isuka-sleeping-bag	5	isuka-nilgiriex	0	amazonAsin	B015VZVWUA	https://www.amazon.co.jp/dp/B015VZVWUA	イスカ ダウンプラス ニルギリEX ネイビーブルー	イスカ		45100	OK									
iwatani-stove	1	iwatani-cb-jcb	0	amazonAsin	B01J59SGCK	https://www.amazon.co.jp/dp/B01J59SGCK	イワタニ カセットガス ジュニアコンパクトバーナー CB-JCB	イワタニ		4500	OK									
iwatani-stove	2	iwatani-primus-p153	0	amazonAsin	B000AQXZME	https://www.amazon.co.jp/dp/B000AQXZME	イワタニプリムス P-153 ウルトラバーナー シングルバーナー	イワタニプリムス	P-153	5980	OK									
iwatani-stove	3	iwatani-torch-ii	0	amazonAsin	B0F28HN8S8	https://www.amazon.co.jp/dp/B0F28HN8S8	イワタニ カセットガス アウトドア トーチバーナーII CB-TC-ODORP	イワタニ		2520	OK									
jackery-power-station	1	jackery-1000-new	1	amazonUrl	B0D3HJM175	https://amzn.to/4xD2M2p	Jackery ポータブル電源 1000 New 1070Wh リン酸鉄 定格1500W 最速1時間満充電 UPS機能 アプリ遠隔操作 純正弦波	Jackery		119800	shared_asin,short_url,both_forms									
jackery-power-station	2	jackery-solar-1000	1	amazonUrl	B0F7XFGBKR	https://amzn.to/4eWoO8J	Jackery Solar Generator 1000 New 1070Wh 100W ポータブル電源 ソーラーパネル セット リン酸鉄 定格1500W 純正弦波	Jackery		154600	short_url,both_forms									
jackery-power-station	3	jackery-2000-new	1	amazonUrl	B0DBHS1S3V	https://amzn.to/4ejDpuM	Jackery ポータブル電源 2000 New 2042Wh リン酸鉄 大容量 定格2200W UPS機能 アプリ遠隔操作 純正弦波	Jackery		209800	shared_asin,short_url,both_forms									
jackery-power-station	4	jackery-solar-2000	1	amazonUrl	B0F7XGDD5D	https://amzn.to/4gA4s6p	Jackery Solar Generator 2000 New 2042Wh 200W ポータブル電源 ソーラーパネル セット 大容量 定格2200W UPS機能 アプリ 太陽光発電	Jackery		296400	short_url,both_forms									
jackery-power-station	5	jackery-solar-500	1	amazonUrl	B0FBRLJBLH	https://amzn.to/4xD2PLD	Jackery Solar Generator 500 New 512Wh ソーラーパネル セット 100W リン酸鉄 コンパクト 軽量 UPS機能 純正弦波	Jackery		94600	short_url,both_forms									
karrimor-backpack	1	karrimor-eclipse27	1	amazonUrl		https://amzn.to/4b5oL8f	karrimor カリマー イクリプス27 eclipse 27 バックパック 27L	karrimor		17600	short_url									
karrimor-backpack	2	karrimor-tribute40	1	amazonUrl		https://amzn.to/4uLL49Z	karrimor カリマー トリビュート40 tribute 40 バックパック 40L	karrimor		26400	short_url									
karrimor-backpack	3	karrimor-vt-daypack	1	amazonUrl		https://amzn.to/4b4kG4a	karrimor カリマー VTデイパック F VT daypack F リュック 20L	karrimor		11000	short_url									
karrimor-backpack	4	karrimor-tatra20	1	amazonUrl		https://amzn.to/3SoqPSr	karrimor カリマー タトラ20 TATRA20 デイパック 20L	karrimor	TATRA20	14850	short_url									
kids-sleeping-bag	1	kids-sb-rank-1	1	none			【Bears Rock】-6度 子ども用 小さめ 子ぐま寝袋 封筒型 ふんわり暖かい 3.5シーズン 洗える 寝袋 ふわ暖 キャンプ 防災 アウトドア 洗える寝袋 緊急用 夏用 防災用 軽量 -6℃ コンパクト 冬用 布団 防災グッズ 車中泊 ボーイスカウト 林間学校 野外活動 シュラフ MX-604J	-6度	MX-604J	4580	-									
kids-sleeping-bag	2	kids-sb-rank-2	1	amazonAsin	B0GHG3CKWR	https://www.amazon.co.jp/dp/B0GHG3CKWR	【ロゴス公式】収納楽らく！丸洗いキッズスランバー・10 LOGOS ロゴス 寝袋 キッズ 子供 洗える シュラフ 封筒型 収納袋付き 連結 片付け 簡単 軽量 コンパクト キャンプ 用品 人気 おすすめ	収納楽らく！丸洗いキッズスランバー・10		4900	shared_asin									
kids-sleeping-bag	3	kids-sb-rank-3	1	none			GHCアウトドア 寝袋 封筒型 オールシーズン 中綿2100g オリーブ	GHCアウトドア		2500	-									
kids-sleeping-bag	4	kids-sb-rank-4	1	none			寝袋 2人用 封筒型 冬用 洗える コンパクト アウトドア 寝具 ダブルサイズ 子供 添い寝 ねぶくろ かわいい 3kg キャンプ用品 車中泊 グッズ 防寒 おうちキャンプ 収納 防災グッズ 臨時 布団 新生活 ベランピング ad083	寝袋	AD083	4380	-									
kids-sleeping-bag	5	kids-sb-rank-5	1	none			寝袋 インナーシュラフ 軽量 夏 薄手 インナーシーツ 封筒型 丸洗い可能 コンパクト 収納 シーツ 洗える 防災 緊急時 ボックスシーツ 防災 トラベルシーツ 緊急時 防災グッズ キャンプ用品 車中泊 山小屋泊 収納袋付き 送料無料	寝袋		1298	-									
lantern-stand	1	yamazaki-tower	0	amazonAsin	B0C9G1W2K6	https://www.amazon.co.jp/dp/B0C9G1W2K6	山崎実業 tower ランタンスタンド 伸縮 高さ調節 ランタンハンガー LEDランタン 北欧 おしゃれ モノトーン	山崎実業		4950	OK									
lantern-stand	2	vastland-stand	0	amazonAsin	B07PD2CGMH	https://www.amazon.co.jp/dp/B07PD2CGMH	VASTLAND ランタンスタンド ランタンハンガー 高さ75cm〜215cm アルミ製 収納バッグ付き	VASTLAND		3780	OK									
lantern-stand	3	futurefox-stand	0	amazonAsin	B0CP8VLCGX	https://www.amazon.co.jp/dp/B0CP8VLCGX	FUTURE FOX ランタンスタンド ランタンハンガー ランタンポール 南信州発アウトドアブランド	FUTURE		7980	OK									
lantern-stand	4	multitool-stand	0	none			ランタンスタンド ランタンハンガー付き マルチツールスタンド テーブル ペグ キャンプ アウトドア	ランタンスタンド		2480	-									
lantern-stand	5	tabletop-2way	0	none			ランタンスタンド 卓上 ペグ付き 折りたたみ 2WAY ランタンハンガー 4段階高さ調節 クランプ式/打ち込み式 収納ケース付き	ランタンスタンド	2WAY	2250	-									
large-tarp-recommend	1	tansu-tarp-3x6	0	amazonAsin	B071GY95MQ	https://www.amazon.co.jp/dp/B071GY95MQ	タンスのゲン 特大3×6m ワンタッチタープテント サイドシート付 大型 収納ケース付 アウトドア イベント 運動会 日よけ・日除け	タンスのゲン		25999	shared_asin									
large-tarp-recommend	2	fielddoor-onetouch-3x3	0	amazonAsin	B00I0Q8VVG	https://www.amazon.co.jp/dp/B00I0Q8VVG	FIELDOOR ワンタッチタープテント 3m×3m 頑丈スチールフレーム UVカット 撥水 日よけ 1年保証	FIELDOOR		8800	shared_asin									
large-tarp-recommend	3	coleman-13x13-shelter	0	amazonAsin	B0D6C3W7C6	https://www.amazon.co.jp/dp/B0D6C3W7C6	Coleman コールマン 13x13 シェルター キャノピー 大型 日除け テント ガゼボ	Coleman		27800	OK									
large-tarp-recommend	4	fielddoor-hexa-l	0	none			FIELDOOR ヘキサタープ 大型 Lサイズ 530cm×570cm UVカット 高耐水 6〜8人用 ヘキサゴンタープ	FIELDOOR		5940	-									
large-tarp-recommend	5	moderndeco-onetouch-3m	0	amazonAsin	B088R3B8YF	https://www.amazon.co.jp/dp/B088R3B8YF	モダンデコ ワンタッチタープテント 3m ベーシック テラコッタ テント本体のみ 遮熱 遮光 UV99.9%カット 防水 軽量 アウトドア	モダンデコ		10499	OK									
large-tent-guide	1	tent-endlessbase	0	amazonUrl		https://amzn.to/4vusmoG	タンスのゲン ENDLESS BASE 特大 ワンタッチタープテント 3×6m オリーブ 本体のみ 大型 大人数 6人用 UVカット 耐水 収納バッグ付き	タンスのゲン		24999	short_url									
large-tent-guide	2	tent-tansu	0	amazonUrl		https://amzn.to/4uNCPu7	タンスのゲン ワンタッチタープテント 2m×2m オリーブ 本体のみ UV 耐水 ベンチレーション 収納バッグ付 日よけ 運動会	タンスのゲン		8999	short_url									
large-tent-guide	3	tent-fieldoor-dome	0	amazonUrl		https://amzn.to/44onMMD	【楽天1位】テント 4人用 ドームテント 大型 5人用 6人用 キャンプテント UVカット キャノピー ポール 付 耐水圧 1,500mm以上 キャノピーテント フルクローズテント テント メッシュ 日よけ 組み立て式 FIELDOOR 1年保証 ■[送料無料]	テント		17600	short_url									
large-tent-guide	4	tent-fieldoor-hexa	0	amazonUrl		https://amzn.to/4afN2YY	FIELDOOR ヘキサタープ Lサイズ 530x570cm T/C ポリコットン カーキ タープ本体のみ/ポールなし 6〜8人用 大型 収納バッグ付き 撥水 防カビ	FIELDOOR	530X570CM	19800	short_url									
large-tent-guide	5	tent-pykespeak	0	amazonUrl		https://amzn.to/4vteGKE	PYKES PEAK パイクスピーク 大型テント 6人用 ドーム型 P0029PARTYDOME-OLIVE オリーブ キャノピーテント UVカット UPF50+ 耐水圧2000mm 軽量	PYKES	P0029PARTYDOME-OLIVE	21582	short_url									
lightweight-mountain-tent	1	ul-tent-rank-1	0	amazonUrl		https://amzn.to/4xOrhK4	OneTigris Hillridge 軽量テント 登山用テント 2人用 通気性 防水防風 簡単設営 前室あり 結露対策 アップグレード版 3シーズン ULテント 自転車 バイク旅行 ハイキング キャンプ用	OneTigris		19500	short_url									
lightweight-mountain-tent	2	ul-tent-rank-2	0	amazonUrl		https://amzn.to/4eFtPRK	3f ul gear Lanshan1 r3f-lanshan1s タン 超軽量760g ソロ用テント ULテント 登山テント 15Dナイロン 片面シリコンコーティング 耐水圧5000mm 1人用	3f	LANSHAN1 R3F-LANSHAN1S	3680	short_url									
lightweight-mountain-tent	3	ul-tent-rank-3	0	amazonUrl		https://amzn.to/4eX3DDs	Teci 超軽量500g ソロ用テント 本体オリーブ rteci500gs ULテント 登山テント 山岳テント 15Dナイロン 片面シリコンコーティング 耐水圧3000mm 1人用	Teci	RTECI500GS	6980	short_url									
lightweight-mountain-tent	4	ul-tent-rank-4	0	amazonUrl		https://amzn.to/4oLJALI	★【山岳軽量テント】アライテント RIPENライペン1人用テント エアライズ1 山岳テント 軽量 グリーン テント泊登山	★		50600	short_url									
lightweight-mountain-tent	5	ul-tent-rank-5	0	amazonUrl		https://amzn.to/4v1UrCU	TENPLAY 2人用登山テント TS-2DS グリーン ワンポールテント 超軽量1.35kg 耐水圧5000mm 3シーズン 防風 防雨 ピラミッド式 トレッキングポール対応	TENPLAY	TS-2DS	15490	short_url									
log-carrier	1	canvas-log-tote	0	none			薪バッグ ログキャリー 帆布 大容量 焚き火 トート	薪バッグ		2980	-									
log-carrier	2	bundok-bd904	0	amazonAsin	B083KL3X2N	https://www.amazon.co.jp/dp/B083KL3X2N	BUNDOK（バンドック）薪キャリースタンド BD-904 ログキャリー	BUNDOK	BD-904	3300	OK									
log-carrier	3	value-log-tote	0	none			薪 トートバッグ ログキャリー 大容量 薪運び	薪		2000	-									
log-carrier	4	yoler-waterproof	0	none			YOLER 薪バッグ 防水帆布 大容量 薪ケース	YOLER		3390	-									
log-carrier	5	zukk-leather	0	amazonAsin	B0D8VHYH1K	https://www.amazon.co.jp/dp/B0D8VHYH1K	ZUKK ズック 薪バッグ ZKPB-FOB2 オリーブブラウン 本革×極厚帆布 ログキャリー 容量50L	ZUKK	ZKPB-FOB2	5800	OK									
logos-bonfire	1	logos-takibi-l-fire	0	amazonUrl	B0792FP76X	https://amzn.to/3QgrZil	ロゴス the ピラミッドTAKIBI L 焚き火台 81064162	ロゴス	81064162	9900	short_url,both_forms									
logos-bonfire	2	logos-takibi-m-bbq	0	amazonUrl	B0792GT2DB	https://amzn.to/4eAooDz	ロゴス バーベキューコンロ the ピラミッドTAKIBI M 焚き火台 コンパクト	ロゴス		9900	shared_asin,short_url,both_forms									
logos-bonfire	3	logos-takibi-l-bbq	0	amazonUrl		https://amzn.to/3QVjqtm	ロゴス バーベキューコンロ the ピラミッドTAKIBI L 焚き火 BBQ	ロゴス		12870	short_url									
logos-sleeping-bag	1	logos-rosy-fleece	0	amazonAsin	B0CYSWQZVN	https://www.amazon.co.jp/dp/B0CYSWQZVN	LOGOS ロゴス ROSY フリースシュラフ（ライトグリーン）連結可能	LOGOS		2500	OK									
logos-sleeping-bag	2	logos-kids-slumber	0	amazonAsin	B0GHG3CKWR	https://www.amazon.co.jp/dp/B0GHG3CKWR	LOGOS ロゴス 丸洗いキッズスランバー・10（子供用）収納袋付き	LOGOS		4900	shared_asin									
logos-sleeping-bag	3	logos-deep-sleeper-sc	0	amazonAsin	B0GX89HTT6	https://www.amazon.co.jp/dp/B0GX89HTT6	LOGOS ロゴス 抗菌防臭 丸洗いディープスリーパーSC 封筒型	LOGOS		4980	OK									
logos-sleeping-bag	4	logos-slumber-72602010	0	amazonAsin	B079572465	https://www.amazon.co.jp/dp/B079572465	LOGOS ロゴス 丸洗いスランバーシュラフ・2 No.72602010 冬用 封筒型 連結可能	LOGOS	72602010	6930	OK									
logos-sleeping-bag	5	logos-soft-warm	0	amazonAsin	B08BX78S1J	https://www.amazon.co.jp/dp/B08BX78S1J	LOGOS ロゴス 丸洗いやわらか あったかシュラフ 夏用 冬用 オールシーズン 封筒型 連結可能	LOGOS		9300	OK									
logos-tent	1	logos-touring-double-bj-duo	0	amazonAsin	B083X9HCJC	https://www.amazon.co.jp/dp/B083X9HCJC	ロゴス ツーリングドゥーブル-BJ DUO 単品	ロゴス		31965	OK									
logos-tent	2	logos-neos-acorn-living-dome-m	0	amazonAsin	B0DP9J9C28	https://www.amazon.co.jp/dp/B0DP9J9C28	ロゴス neosエーコンリビングドーム M(3~4人用)	ロゴス		29500	OK									
logos-tent	3	logos-rosy-awning-dome-mplus	0	amazonAsin	B09SGXMJ7P	https://www.amazon.co.jp/dp/B09SGXMJ7P	ロゴス ROSY オーニングドーム Mプラス	ロゴス		12500	OK									
logos-tent	4	logos-tradcanvas-revival-solo-dome	0	amazonAsin	B094MWXPL2	https://www.amazon.co.jp/dp/B094MWXPL2	ロゴス Tradcanvas Q-TOP リバイバルSOLO DOME-BA 71805587	ロゴス	71805587	10970	OK									
logos-tent	5	logos-rosy-double-xl-gray	0	amazonAsin	B09QPZKT94	https://www.amazon.co.jp/dp/B09QPZKT94	ロゴス ROSY ドゥーブルXL グレー	ロゴス		17900	OK									
low-style-bonfire	1	coleman-fire-disc	0	amazonAsin	B01LT5ES1Q	https://www.amazon.co.jp/dp/B01LT5ES1Q	Coleman(コールマン) 焚き火台 ファイアーディスク	Coleman		6880	shared_asin									
low-style-bonfire	2	luhana-hachien-low	0	amazonAsin	B0HJ27QN3K	https://www.amazon.co.jp/dp/B0HJ27QN3K	LUHANA 焚き火台 八炎 ロースタイルver.	LUHANA		6390	OK									
low-style-bonfire	3	uniflame-fire-grill	0	amazonAsin	B000AR5Y90	https://www.amazon.co.jp/dp/B000AR5Y90	ユニフレーム(UNIFLAME) ファイアグリル	ユニフレーム		7920	shared_asin									
low-style-bonfire	4	waq-yagura-low	0	amazonAsin	B0C9QRZRZN	https://www.amazon.co.jp/dp/B0C9QRZRZN	WAQ 焚き火台-YAGURA- 鉄製アイアン	WAQ		16800	OK									
low-style-bonfire	5	snowpeak-takibidai-s	0	amazonAsin	B00FXFFST0	https://www.amazon.co.jp/dp/B00FXFFST0	スノーピーク(snow peak) 焚火台 S	スノーピーク		11880	shared_asin									
low-style-chair	1	lc-waq-rlc1	0	amazonAsin	B0FDGBVQ8N	https://www.amazon.co.jp/dp/B0FDGBVQ8N	WAQ Reclining Low Chair リクライニングローチェア WAQ-RLC1 CHARCOAL(チャコール)	WAQ	WAQ-RLC1	8980	OK									
low-style-chair	2	lc-yocabito-wood	0	none			クイックキャンプ YOCABITO ウッドローチェア QC-WLCR サンドベージュ 1脚 テーブル付(難燃加工)	クイックキャンプ		9980	-									
low-style-chair	3	lc-snowpeak-lv091	0	amazonAsin	B018XJXPHE	https://www.amazon.co.jp/dp/B018XJXPHE	スノーピーク ローチェア30 LV-091 ブラウン	スノーピーク	LV-091	17600	OK									
low-style-chair	4	lc-bundok-bd111	0	amazonAsin	B08Z6WVTL8	https://www.amazon.co.jp/dp/B08Z6WVTL8	BUNDOK 焚き火チェア BD-111	BUNDOK	BD-111	5480	shared_asin									
low-style-chair	5	lc-campingmoon-f1003c	0	amazonAsin	B06Y3WWX2S	https://www.amazon.co.jp/dp/B06Y3WWX2S	キャンピングムーン 焚き火チェア ローチェア(帆布生地) F-1003C ブラック	キャンピングムーン	F-1003C	8680	OK									
low-style-table	1	quickcamp-3fold	1	amazonAsin	B0F3P4MZCN	https://www.amazon.co.jp/dp/B0F3P4MZCN	クイックキャンプ ミニ三つ折りテーブル 木目調 QC-3FT90 折りたたみ ローテーブル メッシュ 耐熱耐水	クイックキャンプ	QC-3FT90	4990	OK									
low-style-table	2	ladweather-alu-table	1	none			LAD WEATHER 折りたたみテーブル 超軽量 アルミ製 ローテーブル コンパクト 収納袋付き	LAD		1780	-									
low-style-table	3	fielddoor-wood-roll	1	amazonAsin	B0832CJ39Z	https://www.amazon.co.jp/dp/B0832CJ39Z	FIELDOOR レジャーテーブル ロールテーブル 90cm×60cm 木製 ウッド ローテーブル	FIELDOOR		6930	OK									
low-style-table	4	fielddoor-bamboo-roll	1	none			FIELDOOR レジャーテーブル バンブー 竹製 60×100cm ロールテーブル 天然木	FIELDOOR		7260	-									
low-style-table	5	alu-roll-60	1	none			アウトドアテーブル 幅60cm アルミ製 折りたたみ ローテーブル ロールテーブル 1年保証	アウトドアテーブル		2860	-									
mestin-recommend	1	campingmoon-mestin-large	0	amazonAsin	B0CQ7GX2RM	https://www.amazon.co.jp/dp/B0CQ7GX2RM	キャンピングムーン メスティン ラージ 3合 S-2013 シルバー アルミ 直火 ふた・ハンドルカバー付 飯盒	キャンピングムーン	S-2013	2052	OK									
mestin-recommend	2	laughmarket-teflon-mestin	0	none			AWESOME'S ラフマーケット 純正テフロン加工 ラージメスティン 3合 ブラック 単品 la-tef-mes 軽量コンパクト	AWESOME'S		3280	-									
mestin-recommend	3	fieldtosummit-ofcarc2	0	amazonAsin	B085DQGQZV	https://www.amazon.co.jp/dp/B085DQGQZV	Field to Summit ライスクッカー 3合 OFCARC2 アルミ アルマイト 目盛付 ハンドル付	Field	OFCARC2	1680	OK									
mestin-recommend	4	titanmania-mestin	0	amazonAsin	B0C3KZPDD5	https://www.amazon.co.jp/dp/B0C3KZPDD5	TITAN MANIA(チタンマニア) メスティン 2合 チタン製 超軽量 800ml 蒸し網セット 目盛り付き 収納袋付き	TITAN		7158	OK									
mestin-recommend	5	mr250-mestin-set	0	amazonAsin	B08QHTSXG8	https://www.amazon.co.jp/dp/B08QHTSXG8	MR-250 Pro+ メスティン All in1セット レギュラー バリ取り済 湯切り穴 目盛付 5点セット シルバー	MR-250	MR-250 IN1	2880	OK									
mobile-battery-camp	1	furumiya-23600	0	amazonAsin	B0FQMRXK8H	https://www.amazon.co.jp/dp/B0FQMRXK8H	FleekFit モバイルバッテリー P60 大容量 23600mAh ホワイト PD22.5W Type-C出入力 4本ケーブル内蔵 残量表示 LEDライト PSE認証済	FleekFit	P60 PD22	2680	OK									
mobile-battery-camp	2	hiyori-40000	0	none			hiyori モバイルバッテリー N7 大容量 40000mAh ブラック 22.5W急速充電 3台同時充電 LCD残量表示 PSE認証	hiyori		2380	-									
mobile-battery-camp	3	breakthrough-22000	0	none			SHRATCH モバイルバッテリー B20 大容量 22000mAh パープル（ロゴあり） 3台同時充電 LCD残量表示 薄型 ケーブル内蔵 PSE認証	SHRATCH	B20	2380	-									
mobile-battery-camp	4	livelylife-40000	0	none			モバイルバッテリー 大容量 40000mAh 22.5W ケーブル内蔵 4台同時充電 Type-C出入力 PD対応 PSE認証済	モバイルバッテリー		3180	-									
mobile-battery-camp	5	casebycase-10000	0	amazonAsin	B0DRL7JSZQ	https://www.amazon.co.jp/dp/B0DRL7JSZQ	モバイルバッテリー 5000mAh/10000mAh 小型 軽量 ケーブル内蔵 マット加工 PSE認証	モバイルバッテリー		1760	OK									
montbell-sleeping-bag	1	montbell-seamless-downhugger800-3	0	amazonAsin	B09DBDH7VB	https://www.amazon.co.jp/dp/B09DBDH7VB	モンベル シームレスダウンハガー800 #3 R/ZIP #1121401	モンベル	1121401	26631	asin_in_affiliate_url	モンベル シームレスダウンハガー800#3 R/ZIP バルサム（BASM）#1121401 1人用 ダウン マミー スリーピングバッグ 寝袋 摂氏16〜30度（°C） 冬 ナイロン/タフタ 個人旅行者 個人利用者 無性別	10891	no_buybox	out_of_stock		unknown	2026-09-21T21:53:30Z	campkit-20260921-36	タイトル「シームレスダウンハガー800#3 R/ZIP #1121401」で同一商品だが購入ボックスなし（新品出品なし・表示価格¥10,891は参考）。旧形式カード（source=amazon）でこのカードの購入導線は Amazon のみ＝キュー#17 で優先
montbell-sleeping-bag	2	montbell-downhugger650-3	0	amazonAsin	B089G8VTD7	https://www.amazon.co.jp/dp/B089G8VTD7	モンベル ダウンハガー650 #3 R/ZIP #1121382	モンベル	1121382	29502	OK									
montbell-sleeping-bag	3	montbell-seamless-burrow-3	0	amazonAsin	B0H2PW3NTC	https://www.amazon.co.jp/dp/B0H2PW3NTC	モンベル シームレスバロウバッグ #3 1121426 ブルーグリーン (BASM) 右ジッパー	モンベル	1121426	19800	OK									
montbell-sleeping-bag	4	montbell-seamless-burrow-0	0	amazonAsin	B0BMTP38T5	https://www.amazon.co.jp/dp/B0BMTP38T5	モンベル シームレスバロウバッグ #0 R/ZIP #1121423	モンベル	1121423	24948	OK									
moraknife	1	companion-stainless	0	amazonAsin	B004ZAIXSC	https://www.amazon.co.jp/dp/B004ZAIXSC	Morakniv モーラナイフ コンパニオン ステンレス 12215 ミリタリーグリーン	Morakniv		2310	OK									
moraknife	2	companion-hd-stainless	0	amazonAsin	B07M7LQFZR	https://www.amazon.co.jp/dp/B07M7LQFZR	Morakniv モーラナイフ コンパニオン ヘビーデューティー ステンレス 13158 ブラック	Morakniv		3190	OK									
moraknife	3	companion-carbon	0	amazonAsin	B004TNWD40	https://www.amazon.co.jp/dp/B004TNWD40	モーラナイフ コンパニオン カーボン	モーラナイフ		2200	OK									
moraknife	4	companion-spark	0	amazonAsin	B07RP4C84N	https://www.amazon.co.jp/dp/B07RP4C84N	Morakniv モーラナイフ コンパニオン スパーク ステンレス 1535 ブルー	Morakniv		4290	OK									
moraknife	5	eldris-stainless	0	amazonAsin	B0GVSZYL4W	https://www.amazon.co.jp/dp/B0GVSZYL4W	Morakniv モーラナイフ エルドリス ステンレス 12647 ブラック	Morakniv		4620	OK									
mountain-backpack-30l	1	bp-rank-1	0	amazonAsin	B08XHRXQ1Y	https://www.amazon.co.jp/dp/B08XHRXQ1Y	NORDKAMM 登山バックパック 30L NORDKAMM30LNV ネイビー レインカバー ヘルメットホルダー付き 防水 耐水圧2000mm 軽量	NORDKAMM	NORDKAMM30LNV	17999	OK									
mountain-backpack-30l	2	bp-rank-2	0	amazonAsin	B0D6MC92SJ	https://www.amazon.co.jp/dp/B0D6MC92SJ	SUPERIOR バックパック 30L SP-BG001-BL ブルー 登山 リュックサック レインカバー付き 軽量 背面通気 機内持ち込み	SUPERIOR	SP-BG001-BL	6780	OK									
mountain-backpack-30l	3	bp-rank-3	0	amazonAsin	B09M7DHJ1P	https://www.amazon.co.jp/dp/B09M7DHJ1P	登山リュック ザック 30L 軽量 コンパクト 背負いやすい 日帰り ハイキング トレッキング 低山 富士山 初心者OK 女性にも タウンユース 旅行 機内持ち込み Mendoza 30 アコンカグア	登山リュック		13800	OK									
mountain-backpack-30l	4	bp-rank-4	0	amazonAsin	B09YCQ6WBK	https://www.amazon.co.jp/dp/B09YCQ6WBK	MAMMUT マムート Lithium 30 2530-03152 30L 40294(dk marsh-bk) バックパック ザック 登山 ユニセックス	MAMMUT		19500	OK									
mountain-backpack-30l	5	bp-rank-5	0	none			MARLE TOKYO 登山リュック 登山バッグ 30L spr01 ブラック 大容量 初心者向け 防水 防雨 軽量 背面通気 機内持ち込み レインカバー付き	MARLE	SPR01	6590	-									
mountain-camp-lantern	1	lantern-carry-medium	1	amazonUrl		https://amzn.to/4vrl2dv	キャリーザサン ミディアム LEDランタン 充電式 ライト 太陽光 ソーラーパネル 軽量 防水 防塵 キャンプ 登山 Mサイズ 旧ソーラーパフ おしゃれ 人気 災害 防災グッズ 間接照明 折りたたみ 携帯用 持ち運び メール便	キャリーザサン		4400	short_url									
mountain-camp-lantern	1	lantern-goalzero	1	amazonAsin	B01IQXDTGY	https://www.amazon.co.jp/dp/B01IQXDTGY	【楽天10冠！1位常連！】【安心保証付き】Goal Zero ゴールゼロ ライトハウス マイクロ フラッシュ LEDランタン USB充電式 LEDライト ミニランタン ミニライト USBコネクタ Goal Zero Lighthouse micro Flash 送料無料	Goal		7480	OK									
mountain-camp-lantern	2	lantern-carry-small	1	amazonUrl		https://amzn.to/4oDDehf	キャリー・ザ・サン スモール CARRY THE SUN SMALL 折り畳み LED ランタン 太陽光パネル ソーラー充電 軽量 防水 防災グッズ 非常用 インテリア雑貨 シンプル かわいい ギフト プレゼント 登山 フェス おしゃれ キャンプ アウトドア	キャリー・ザ・サン		3800	short_url									
mountain-camp-lantern	3	lantern-bruno	1	amazonUrl		https://amzn.to/3QzEIMU	ランタン led レトロ P10倍Bruno ブルーノ LEDランタン BOL001ランプ アウトドア 電池式 スタンド アンティーク ランタンハンガー 明るい 照明器具 照明 ピクニックシリーズ 省エネ◇夜 屋外 おしゃれ アウトドア 登山 結婚祝い オシャレ	ランタン	P10 BOL001	2750	short_url									
mountain-camp-lantern	4	lantern-solar-fold	1	amazonUrl		https://amzn.to/4uPWvxG	【ランキング受賞！】 ランタン led 充電式 ソーラー 折り畳み キャンプランタン ソーラーランタン 防水防滴 3Way仕様 2色 災害用 懐中電灯 アウトドア キャンプライト 登山 夜釣り 防災グッズ SOS 停電対策 緊急 非常用 おしゃれ 人気	ランタン	3WAY	1980	short_url									
mountain-camp-lantern	5	lantern-lepro-4set	1	amazonUrl		https://amzn.to/4oMCzdK	【1年保証】Lepro LEDランタン 4個入り キャンプ ライト 高輝度 3色切替 クリップフック付 吊り下げ使用可能 ポータブル 小型 キャンプランプ アウトドア 登山 夜釣り 防災 停電 緊急 非常用 ledランタン ハロウィン 飾り ライト父の日	Lepro		1614	short_url									
mountain-camp-mat	1	mat-rank-1	0	none			Groovy インフレーターマット x26972 56×177cm タン 車中泊マット コット対応 連結可能 スエード 自動膨張 1枚	Groovy	X26972	5922	-									
mountain-camp-mat	2	mat-rank-2	0	amazonAsin	B0F3NZ4K64	https://www.amazon.co.jp/dp/B0F3NZ4K64	LAD WEATHER ラドウェザー キャンプマット ladsheet006 01.グレー アルミコーティング リバーシブル 凹凸で体圧を分散 レジャーマット	LAD	LADSHEET006	2280	OK									
mountain-camp-mat	3	mat-rank-3	0	amazonAsin	B09F2ZNC93	https://www.amazon.co.jp/dp/B09F2ZNC93	VASTLAND インフレーターマット 厚さ 8cm VL-IM-SGL-8-BLK ブラック	VASTLAND	VL-IM-SGL-8-BLK	6780	OK									
mountain-camp-mat	4	mat-rank-4	0	amazonAsin	B0BWX6DWMK	https://www.amazon.co.jp/dp/B0BWX6DWMK	LAD WEATHER ラドウェザー キャンプマット 車中泊 ladsheet005 01.ブラック 極厚（10cm） マット単品 撥水 自動膨張 22mm大型バルブ 補修キット付き	LAD	LADSHEET005	5980	shared_asin									
mountain-camp-mat	5	mat-rank-5	0	amazonAsin	B0GWPWG823	https://www.amazon.co.jp/dp/B0GWPWG823	CAMDOOR エアーマット 3sp03 マミー型 ブルー 高R値6.8 厚さ10cm -20°C対応 超軽量 連結可能 コンパクト 耐水加工	CAMDOOR	3SP03	9980	OK									
mountain-camp-tent	1	mountain-tent-rank-1	0	amazonAsin	B0CYPVC91K	https://www.amazon.co.jp/dp/B0CYPVC91K	Tenplay 登山テント TS-DS ブルー ワンポールテント ソロテント 1人用 20Dナイロン 超軽量1kg 4シーズン 防水 耐水圧5000mm 前室付き ピラミッド式	Tenplay		11990	OK									
mountain-camp-tent	2	mountain-tent-rank-2	0	none			【TOMOUNT公式】 TOMOUNT ソロテント 超軽量テント 1人用 20Dナイロン ドームテント 2ルームテント インナーテント付き バックパックテント 耐水圧3000mm 自立式 登山テント 自転車旅行 キャンプ アウトドア【Pagonlin Tent】	TOMOUNT		23900	-									
mountain-camp-tent	3	mountain-tent-rank-3	0	none			【TOMOUNT公式】 TOMOUNT ソロテント 超軽量テント 1人用 2人用 ドームテント 20Dナイロン バックパックテント 二重層 耐水圧4000mm インナー付き 前室付き 日よけ 虫よけ 自立式 登山テント 自転車旅行 キャンプ アウトドアテント 2サイズあり【NY TENT】	TOMOUNT		19999	-									
mountain-camp-tent	4	mountain-tent-rank-4	0	none			【送料無料】TRIWONDER 二重層 テント 1 2 3人用 アウトドア 防災用 キャンプ用品 3シーズン 登山テント 撥水加工 軽量 設営簡単 4色選択可能 (オレンジ - 1人用)	TRIWONDER		11928	-									
mountain-camp-tent	5	mountain-tent-rank-5	0	none			カイラス ZENITH テント KT203201 2〜3人用 吊下げ式 登山テント 軽量2kg ダブルエントランス コンパクト アウターのみで使用可能 リペアキット付き	カイラス	KT203201	26400	-									
mountain-tent-cheap	1	fieldoor-dome100	0	none			【楽天1位】テント ソロテント フィールドキャンプドーム 100 1人用 210x105cm 軽量 コンパクト収納 36x16cm 前室 メッシュ フライシート インナーテント ダブルウォール キャノピー ツーリング ドームテント アウトドア FIELDOOR 1年保証 ■[送料無料]	テント	210X105CM 36X16CM	8250	-									
mountain-tent-cheap	2	geertop-tent	0	amazonAsin	B07X38Y39Y	https://www.amazon.co.jp/dp/B07X38Y39Y	GEERTOP テント 2人用 グリーン 軽量 防水 キャンプ サイクリング 登山用 4シーズンに適用 簡単設営 140cm×210cm	GEERTOP		11780	OK									
mountain-tent-cheap	3	naturehike-solo-tent	0	none			【SS先行セール！いち早くゲット！】 Naturehike テント ハイキング 1人用 20D ソロキャンプ 耐水圧3000/4000mm 超軽量 二重層 ダブルウォール 前室 プロフェッショナルテント コンパクト 自立式 アウトドア 登山 キャンピング 防災 設営簡単	Naturehike		16990	-									
mountain-tent-cheap	4	onetigris-hillridge	0	amazonAsin	B0CDWXN38R	https://www.amazon.co.jp/dp/B0CDWXN38R	★20％オフクーポンあり→15,600円★完売次第廃盤★送料無料 OneTigris Hillridge 軽量テント 登山用テント 2人用 通気性 防水防風 簡単設営 前室あり 結露対策 アップグレード版 3シーズン ULテント 自転車 バイク旅行 ハイキング キャンプ用	★20％オフクーポンあり→15,600円★完売次第廃盤★送料無料		19500	OK									
mountain-tent-cheap	5	onetigris-tetra	0	amazonAsin	B0BJ63G2SJ	https://www.amazon.co.jp/dp/B0BJ63G2SJ	OneTigris TETRA ピラミッドテント CE-YZP12-CB-A ブラウン 160cm インナー付き ポール付き 軽量 ワンポールテント ソロテント 1〜2人用	OneTigris	CE-YZP12-CB-A	26290	OK									
mummy-sleeping-bag	1	bearsrock-15	0	amazonAsin	B098RKVH74	https://www.amazon.co.jp/dp/B098RKVH74	Bears Rock -15度 マミー型 洗える寝袋 FX-451G シルキーブラウン 丸洗い センタージッパー 4シーズン対応 冬用	Bears	FX-451G	10350	OK									
mummy-sleeping-bag	2	hawkgear-3852	0	none			HAWK GEAR(ホークギア) 寝袋 シュラフ マミー型 schlafsack01 ブラック -15度耐寒 簡易防水 オールシーズン コンパクト	HAWK	SCHLAFSACK01	3852	-									
mummy-sleeping-bag	3	hawkgear-2500	0	none			HAWK GEAR(ホークギア) 寝袋 シュラフ 耐寒温度-15℃ マミー型 ブラック 洗える オールシーズン コンパクト	HAWK		2500	-									
mummy-sleeping-bag	4	hawkgear-4280	0	none			HAWK GEAR(ホークギア) 寝袋 毛布 シュラフ マミー型 schlafsack01 ブラック 洗える -15度耐寒 簡易防水 オールシーズン	HAWK	SCHLAFSACK01	4280	-									
mummy-sleeping-bag	5	onetigris-3season	0	amazonAsin	B0CLP6NWD3	https://www.amazon.co.jp/dp/B0CLP6NWD3	OneTigris シュラフ マミー型 CE-YSD08-OD グリーン 寝袋 コンパクト 撥水 圧縮可能 快適温度8〜15℃ 軽量 洗える 3シーズン	OneTigris	CE-YSD08-OD	9658	OK									
mysteryranch-backpack	1	mr-catalyst-22	1	amazonAsin	B0C5VJRVGX	https://www.amazon.co.jp/dp/B0C5VJRVGX	ミステリーランチ カタリスト22 CATALYST 22 ブラック 21L 19761572	ミステリーランチ	19761572	25300	OK									
mysteryranch-backpack	2	mr-gallagator	1	amazonAsin	B0CQ75SFDT	https://www.amazon.co.jp/dp/B0CQ75SFDT	ミステリーランチ ギャラゲーター S/M 20L	ミステリーランチ		11970	OK									
mysteryranch-backpack	3	mr-radix-47	1	none			ミステリーランチ レイディックス47 RADIX 47 ブラック／ハンター Lサイズ 45L 19761592	ミステリーランチ	19761592	38500	-									
mysteryranch-backpack	4	mr-scree-33	1	none			ミステリーランチ スクリー33 SCREE 33 ブラック 33L 19761596	ミステリーランチ	19761596	42900	-									
nanga-down-jacket	1	nanga-hinoc-limhood	0	none			NANGA（ナンガ） 別注 HINOC ヒノック リムフード ダウンジャケット カーキ XXS 日本製	NANGA		64900	-									
nanga-down-jacket	2	nanga-aurora-mens	0	amazonAsin	B0CK9NHXYZ	https://www.amazon.co.jp/dp/B0CK9NHXYZ	NANGA（ナンガ） オーロラ ダウンジャケット メンズ モカグレー Lサイズ AURORA DOWN JACKET	NANGA		49500	OK									
nanga-down-jacket	3	nanga-whitelabel-cardigan	0	none			NANGA WHITE LABEL（ナンガ ホワイトレーベル） ダウンカーディガン NWL2615 JET BLACK XS 別注 900FP グースダウン	NANGA	NWL2615	47300	-									
nanga-down-jacket	4	nanga-whitelabel-type1	0	none			NANGA WHITE LABEL（ナンガ ホワイトレーベル） 最強ダウンジャケット タイプ1 NWL2601 JET BLACK XS 別注	NANGA	NWL2601	137500	-									
nanga-down-jacket	5	nanga-aurora-ladies	0	amazonAsin	B0DJNTY9WD	https://www.amazon.co.jp/dp/B0DJNTY9WD	NANGA（ナンガ） オーロラ ダウンジャケット レディース ブラック WS AURORA DOWN JACKET	NANGA		46200	OK									
nanga-sleeping-bag	1	ns-aurora-light-450dx	0	amazonUrl	B07W4Z8V2Z	https://amzn.to/4eHvGpm	ナンガ オーロラライト 450DX AL450DX GLD/NVY(ゴールド/ネイビー) レギュラー さかいや別注モデル 寝袋 ダウンシュラフ 保管袋付き	ナンガ	AL450DX	41800	short_url,both_forms									
nanga-sleeping-bag	2	ns-auroratex-750dx	0	amazonUrl	B0FPQLDYKR	https://amzn.to/4eyeen6	ナンガ オーロラテックス 750DX オールブラック レギュラー ニッチエディション NANGA キャンプ シュラフ 寝袋 マミー型 ダウン 日本製 冬キャンプ 車中泊対応 快適使用温度-8℃	ナンガ		43800	short_url,both_forms									
nanga-sleeping-bag	3	ns-aurora-light-800dx-sq	0	amazonUrl	B0C92PT2DD	https://amzn.to/4eqnqLp	ナンガ シュラフ オリジナル オーロラライト 800DX スクウェア NANGA H-AURORA800SQ ブラック 寝袋 アウトドア 封筒型 キャンプ スクエア ダウン ダウンシュラフ 別注モデル	ナンガ	H-AURORA800SQ	59400	short_url,both_forms									
nanga-sleeping-bag	4	ns-auroratex-600dx	0	amazonUrl	B0FPQKVRPJ	https://amzn.to/4ac8AWy	ナンガ オーロラテックス 600DX オールブラック レギュラー ニッチエディション NANGA キャンプ シュラフ 寝袋 マミー型 ダウン 日本製 冬キャンプ 快適使用温度-6℃	ナンガ		41900	short_url,both_forms									
nanga-sleeping-bag	5	ns-original-schlaf-460	0	amazonUrl	B0FTF56XDR	https://amzn.to/4uRN9l2	NANGA ナンガ Original Schlaf 460 オリジナルシュラフ レギュラー BEIGE 別注 アウトドア キャンプ 登山 コンパクト ダウン 軽量 マミー型 寝袋 スリーピングバッグ	NANGA		32500	short_url,both_forms									
naturehike-mat	1	naturehike-highr-air	0	none			Naturehike 高R値 エアーマット CNK2450WS014 R4.6（厚さ8CM） グリーン レクタ型M（186x58cm） 超軽量 連接可能 インフレーターマット	Naturehike	CNK2450WS014 186X58CM	12490	-									
naturehike-mat	2	naturehike-inflatable	0	amazonAsin	B09K4ZPQJ3	https://www.amazon.co.jp/dp/B09K4ZPQJ3	Naturehike キャンプマット 厚手5cm ベージュ nh20dz03 自動膨張 インフレーターマット 無限連結可能 4シーズン	Naturehike	NH20DZ03	5990	OK									
naturehike-mat	3	naturehike-r65	0	amazonAsin	B0DLW8WQRH	https://www.amazon.co.jp/dp/B0DLW8WQRH	Naturehike 高R値 エアーマット R6.5 サイドウォール 厚手10cm -25℃使用可能 空気入れ袋付き	Naturehike		19990	OK									
naturehike-mat	4	naturehike-airbed-electric	0	amazonAsin	B0F24F4T3Q	https://www.amazon.co.jp/dp/B0F24F4T3Q	Naturehike 電動エアーベッド エアーマット 自動膨張 1/2/3人用 電動ポンプ USB充電式 折り畳み	Naturehike		7990	OK									
naturehike-mat	5	naturehike-airbed-25cm	0	amazonAsin	B0DLSR2KDN	https://www.amazon.co.jp/dp/B0DLSR2KDN	Naturehike エアーベッド 枕付き 厚さ25cm 1/2/3人用 耐荷重150kg 電動ポンプ USB充電式 高反発	Naturehike		10990	OK									
naturehike-sleeping-bag	1	naturehike-3season	0	amazonUrl	B08CVB4FF6	https://amzn.to/4voG2kW	Naturehike 3.5シーズン 封筒型寝袋 nh21msd09 ブラウン Mサイズ 洗える コンパクト 軽量 1人用 撥水 連結可能	Naturehike	NH21MSD09	3990	short_url,both_forms									
naturehike-sleeping-bag	2	naturehike-winter-2way	0	amazonUrl		https://amzn.to/43Lg8Mj	Naturehike 封筒型寝袋 冬用 CNK2550WS028 ブルー 快適-1.3〜8.5℃ 極限温度-17℃ 2way 連結可能 2人用可能 洗える	Naturehike	CNK2550WS028 2WAY	6480	short_url									
naturehike-sleeping-bag	3	naturehike-225	0	amazonUrl		https://amzn.to/4eohFOs	Naturehike 封筒型寝袋 225×75cm cnk2300sd016 ホワイト 最大限界温度-12℃ 連結可能 1人用 丸洗い可能	Naturehike	CNK2300SD016	5990	short_url									
naturehike-sleeping-bag	4	naturehike-family	0	amazonUrl		https://amzn.to/4aegC12	Naturehike ファミリー封筒型寝袋 cnk2300019 ブラウン 1〜4人使用可能 200×115cm 幅広 ワイド 連結可能 丸洗い	Naturehike	CNK2300019	7990	short_url									
naturehike-sleeping-bag	5	naturehike-layer	0	amazonUrl	B0BL9ZT874	https://amzn.to/4aOQdXN	Naturehike 三層構造 レイヤー封筒型寝袋 快適0℃〜-13℃ オールシーズン 防水加工 軽量 丸洗い	Naturehike		13990	short_url,both_forms									
naturehike-tent	1	nh-cloudup2-pro	0	amazonAsin	B0D478VBQC	https://www.amazon.co.jp/dp/B0D478VBQC	Naturehike Cloud up2 Pro UL ドームテント CNK2350WS020 2人用 ベージュ 超軽量 20D/15D 二重層 耐水圧4000mm 3シーズン 前室あり 自立式	Naturehike	UP2 CNK2350WS020	16793	OK	Naturehike公式ショップ テント 軽量 ソロキャンプ 登山 自立式 前室付きダブルウォール アウトドア 専用グランドシート付き 防風 収納袋付き コンパクト 3シーズン 防災用 キャンピング Clould up	23990	in_stock(cart) 残り5点 ご注文はお早めに 在庫状況 について	ok	+43%	official	2026-09-21T22:35:47Z	campkit-20260921-37	B0D478VBQC は Cloud up2 Pro ファミリー（parent B0DR5DD86Z）の「20Dダークベージュ／PRO2人用（270*160*110CM）」変種・型番 Clouldup2-Pro・1530g・グランドシート付属。カードは 2人用 ベージュ 20D（ベージュは PRO 20D にしか無い＝UL は 15Dグレーのみ）で一致。¥23,990（カード¥16,793・+43%）だが楽天 nh18t030-t-3 の現在価格も ¥23,990＝カード価格が古いだけ。Amazon 記載の耐水圧は PU3000（カード 4000）で公式ページ間の表記差
naturehike-tent	2	nh-light-1-2p	0	none			Naturehike 軽量テント 1〜2人用 20D ナイロン 耐水圧4000mm 前室あり 専用グランドシート付 アルミポール	Naturehike		11992	-									
naturehike-tent	3	nh-dune76	0	amazonAsin	B0CP3FSK4B	https://www.amazon.co.jp/dp/B0CP3FSK4B	Naturehike Dune7.6 2ルーム ドーム型テント アップグレード 煙突口付き 自立式 二重構造 前室 UVカット UPF50+ 耐水圧2000mm 2人用	Naturehike	DUNE7	49990	OK	Naturehike公式ショップ Dune7.6/10.9 ドームテント ツールーム 自立式 二重層 設営簡単 高さ180/200cm UVカット UPF50+ 防水防風 耐水圧3000mmインナーテント取り外し可能 前室 1～3人用 軽量 コンパクト 収納袋付き アウトドア キャンプ 防災 スカートつき	5990	in_stock(cart) 在庫あり。 在庫状況 について	different_product	-88%	official	2026-09-21T22:35:51Z	campkit-20260921-37	B0CP3FSK4B（Dune7.6 本体）はファミリー（parent B0CY1GDFF4）の変種一覧に無く、dp は landingAsin=B0CP3FSK4B のまま currentAsin=B0CQ2DDXJN「TPUドア（Dune7.6 アップグレード版専用）」¥5,990 へ着地する（読者はテント本体ではなく ¥5,990 の TPU ドアを見る）。一覧に残る本体は B0GKF5P4W1「テント（Dune10.9 アップグレード版）」のみ＝別サイズなので候補にならない。カードは Dune7.6 2ルーム ¥49,990（楽天 cnh22zp028-1 は ¥49,990 在庫あり）→ Amazon 側に Dune7.6 本体の候補 ASIN なし
naturehike-tent	4	nh-lodge-13	0	amazonAsin	B0DYF5RNY2	https://www.amazon.co.jp/dp/B0DYF5RNY2	Naturehike ワンタッチテント Ti black ロッジ型テント 13平米 大型 ツールーム 2つ前室 3〜4人用 チタンブラックコーティング 二重層 自立式 耐水圧2000mm	Naturehike		56993	OK	Naturehike公式ショップ ワンタッチ テント Ti Black新型素材 UPF12500+ 拡張キャノピー キャンプ ロッジ型 設営簡単 uvカット 自立式 ２重層 防水 耐水圧PU2000 初心者向け 前室ポール二本付き 大型 キャンピング アウトドア ファミリー お花見 おしゃれ 収納袋付き 2人用 3人用 4人用	66990	in_stock(cart) 在庫あり。 在庫状況 について	ok	+18%	official	2026-09-21T22:35:54Z	campkit-20260921-37	B0DYF5RNY2 は village13 ファミリー（parent B0C9XHRN81）の「village13-Ti Black素材」変種・型番 CNH22ZP004TB・床 475×270cm≒13㎡・ロッジ型ツールーム。カード「Ti black ロッジ型 13平米 3〜4人用 チタンブラックコーティング」と一致（Amazon の占有率 6人用 は 36 の village6.0 と同値で判別材料にならず、床寸法で判定）。¥66,990（カード¥56,993・+18%）。※同変種は #5 nh-village13 のカード（前幕付き）にも当たる＝§0-5 参照
naturehike-tent	5	nh-village13	0	amazonAsin	B0DR43CC43	https://www.amazon.co.jp/dp/B0DR43CC43	Naturehike ワンタッチテント ビレッジ13 Ti blackコーティング 前幕付き ロッジ型 ツールーム 2つ前室 3〜4人用 二重層 自立式 耐水圧2000mm	Naturehike		52990	OK	Naturehike公式ショップ ワンタッチ テント Ti Black新型素材 UPF12500+ 拡張キャノピー キャンプ ロッジ型 設営簡単 uvカット 自立式 ２重層 防水 耐水圧PU2000 初心者向け 前室ポール二本付き 大型 キャンピング アウトドア ファミリー お花見 おしゃれ 収納袋付き 2人用 3人用 4人用	52990	in_stock(cart) 在庫あり。 在庫状況 について	different_product	0%	official	2026-09-21T21:53:19Z	campkit-20260921-36	B0DR43CC43 は同ファミリー内の「village6.0 Plus」変種（床幅230×床長260cm≒6㎡・占有率6人用・型番CNH22ZP004-1）。カード/記事はビレッジ13（13㎡・3〜4人用・楽天 Village13.0）。価格¥52,990 がカードと一致していたため reconcile で拾われたと推定。同ページの候補: B0DYF5RNY2「village13-Ti Black素材」／B0DYF6W1C5「village13-Plus」（未照合）｜Amazon在庫あり(cart)
northface-backpack	1	nf-fusebox	0	amazonAsin	B09MY9XS7F	https://www.amazon.co.jp/dp/B09MY9XS7F	ザ・ノース・フェイス BCヒューズボックス2 30L NM82255	ザ・ノース・フェイス	NM82255	16210	OK									
northface-backpack	2	nf-vault	0	none			ザ・ノース・フェイス VAULT リュック TNFBLACK-NPF	ザ・ノース・フェイス		9300	-									
northface-backpack	3	nf-bigshot	0	amazonAsin	B0B3JGXSJH	https://www.amazon.co.jp/dp/B0B3JGXSJH	ザ・ノース・フェイス ビッグショット 33L NM72301	ザ・ノース・フェイス	NM72301	16990	OK									
northface-backpack	4	nf-hotshot	0	amazonAsin	B0B3JD2FM2	https://www.amazon.co.jp/dp/B0B3JD2FM2	ザ・ノース・フェイス ホットショット 27L NM72302	ザ・ノース・フェイス	NM72302	15900	OK									
northface-backpack	5	nf-borealis	0	none			ザ・ノース・フェイス ボレアリス BOREALIS II BLACK (NM2DS52A) 32L	ザ・ノース・フェイス	NM2DS52A	14750	-									
ogawa-tent	1	ogawa-vigas2	0	amazonAsin	B09QZ3VJ1M	https://www.amazon.co.jp/dp/B09QZ3VJ1M	ogawa ヴィガス2 3人用 2653 サンドベージュ×ダークブラウン	ogawa		78573	OK									
ogawa-tent	2	ogawa-tasso	0	amazonAsin	B08SJF98TR	https://www.amazon.co.jp/dp/B08SJF98TR	ogawa タッソ 1〜2人用 T/C サンドベージュ 2727	ogawa		36333	OK									
ogawa-tent	3	ogawa-twincresta	0	amazonAsin	B0843NLZF8	https://www.amazon.co.jp/dp/B0843NLZF8	ogawa ツインクレスタ 3347	ogawa		39200	OK									
ogawa-tent	4	ogawa-apollon-s	0	amazonAsin	B09QZ3P8B8	https://www.amazon.co.jp/dp/B09QZ3P8B8	ogawa アポロンS 3人用 2777 サンドベージュ×ダークブラウン	ogawa		70950	OK									
ogawa-tent	5	ogawa-tierra5ex2	0	amazonAsin	B0843M38FP	https://www.amazon.co.jp/dp/B0843M38FP	ogawa ティエラ5-EX 2 5人用 2776 ダークブラウン×サンドベージュ	ogawa	5-EX	124260	asin_in_affiliate_url	ogawa(オガワ) アウトドア キャンプ テント ロッジドーム型 ティエラ 5-EX 2 【5人用】 2776 ダークブラウン×サンドベージュ	154000	in_stock(cart) 残り1点 ご注文はお早めに 在庫状況 について	ok	+24%	marketplace	2026-09-21T21:53:34Z	campkit-20260921-36	型番2776・5人用・ダークブラウン×サンドベージュ一致。価格¥154,000（カード¥124,260・+24%）・seller 上河商会（公式店ではない）・残り1点。商品同一性は型番で確定、価格乖離は note のみ
oil-lantern	1	vastland-oil	0	amazonAsin	B09SH943YZ	https://www.amazon.co.jp/dp/B09SH943YZ	VASTLAND オイルランタン Sサイズ オリーブ	VASTLAND		1780	OK									
oil-lantern	2	feuerhand-276	0	amazonAsin	B01B8F0MTY	https://www.amazon.co.jp/dp/B01B8F0MTY	FEUERHAND フュアーハンド ランタン 276 ベイビースペシャル	FEUERHAND		3480	OK									
oil-lantern	3	thouswinds-twilight	0	amazonAsin	B0C2PQSPZG	https://www.amazon.co.jp/dp/B0C2PQSPZG	ThousWinds Twilight オイルランタン	ThousWinds		7980	OK									
oil-lantern	4	dietz-30	0	amazonAsin	B07W18J2D8	https://www.amazon.co.jp/dp/B07W18J2D8	DIETZ デイツ30 ブラック	DIETZ		4500	OK									
oil-lantern	5	captainstag-uk506	0	amazonAsin	B0B3J1KNXB	https://www.amazon.co.jp/dp/B0B3J1KNXB	キャプテンスタッグ CSオイルランタン UK-506（オイル＆ケース付き）	キャプテンスタッグ	UK-506	4880	OK									
one-pole-tent	1	tentmark-circus-tcdx	0	amazonAsin	B09ZH9W52Z	https://www.amazon.co.jp/dp/B09ZH9W52Z	テンマクデザイン サーカスTC DX+ ワンポールテント 2〜4人用 ポール付き 防水 防風 遮光	テンマクデザイン		32450	shared_asin									
one-pole-tent	2	onetigris-conifer	0	amazonAsin	B0BGN77RT8	https://www.amazon.co.jp/dp/B0BGN77RT8	OneTigris CONIFER ポリコットンT/C 煙突テント CE-YZP13-RG-A アーミーグリーン ワンポールテント 二股ポール 1〜2人用 焚火可 撥水	OneTigris	CE-YZP13-RG-A	24800	OK									
one-pole-tent	3	waq-alpha-tc	0	amazonAsin	B0922R7GGY	https://www.amazon.co.jp/dp/B0922R7GGY	WAQ Alpha TC アルファ TC ソロテント TAN(タン) ティピテント シェルター	WAQ		17980	OK									
one-pole-tent	4	dod-onepole-s	0	amazonAsin	B084QLFL81	https://www.amazon.co.jp/dp/B084QLFL81	DOD ワンポールテントS T3-44-TN 6角形 ポリエステル 3人用 耐水圧2,000mm コンパクト	DOD	T3-44-TN	7700	OK									
one-pole-tent	5	onepole-family-4p	0	none			ワンポールテント 軽量 UVカット メッシュ インナーシート 4人用 ポリエステル 耐水圧2,000mm 大型	ワンポールテント		7980	-									
one-touch-tarp	1	tarp-fieldoor3	0	amazonAsin	B00I0Q8VVG	https://www.amazon.co.jp/dp/B00I0Q8VVG	FIELDOOR ワンタッチタープテント 3m×3m	FIELDOOR		8800	shared_asin									
one-touch-tarp	2	tarp-fieldoor25	0	amazonAsin	B00I0Q9XRW	https://www.amazon.co.jp/dp/B00I0Q9XRW	FIELDOOR ワンタッチタープテント 2.5m×2.5m	FIELDOOR		8800	OK									
one-touch-tarp	3	tarp-modeco3	0	amazonAsin	B08YNB5WZJ	https://www.amazon.co.jp/dp/B08YNB5WZJ	モダンデコ ワンタッチタープテント 3m ベーシック テラコッタ テント本体のみ	モダンデコ		10499	OK									
one-touch-tarp	4	tarp-quickcamp	0	amazonAsin	B07P5HZTH5	https://www.amazon.co.jp/dp/B07P5HZTH5	クイックキャンプ ワンタッチタープ 2.5m QC-TPI250 サンド ブラックコーティング インフレーム	クイックキャンプ	QC-TPI250	10780	OK									
one-touch-tarp	5	tarp-modeco25	0	amazonAsin	B088R5SQRG	https://www.amazon.co.jp/dp/B088R5SQRG	モダンデコ ワンタッチタープテント 2.5m ベーシック グレージュ テント本体のみ	モダンデコ		9999	OK									
one-touch-tent	1	fielddoor-onetouch-200	0	amazonAsin	B0DNQ11CMZ	https://www.amazon.co.jp/dp/B0DNQ11CMZ	FIELDOOR ワンタッチテント 200cm 2〜4人用 遮光・遮熱UVカット スクエア型 グレー	FIELDOOR		7920	OK									
one-touch-tent	2	moderndeco-onetouch-fullclose	0	none			モダンデコ ワンタッチテント 完全遮光ブラックコーティング フルクローズ 3〜4人用	モダンデコ		6998	-									
one-touch-tent	3	fielddoor-onetouch-hexagon	0	amazonAsin	B0CS2BWK7G	https://www.amazon.co.jp/dp/B0CS2BWK7G	FIELDOOR ワンタッチテント ヘキサゴン型 3m×2.5m 4〜5人用 完全遮光	FIELDOOR		11990	OK									
one-touch-tent	4	dod-onetouch-t2629tn	0	amazonAsin	B07QS8DRHK	https://www.amazon.co.jp/dp/B07QS8DRHK	DOD ワンタッチテント T2-629-TN タン 2人用	DOD	T2-629-TN	11029	shared_asin									
one-touch-tent	5	bearsrock-hayabusa-ts201h	0	amazonAsin	B0CZCXDYG7	https://www.amazon.co.jp/dp/B0CZCXDYG7	Bears Rock ハヤブサテント TS-201H カーキ 1〜2人用 ツーリング向けドームテント	Bears	TS-201H	14250	OK									
osprey-backpack	1	osprey-daylite-plus	1	amazonAsin	B08LP1WWPT	https://www.amazon.co.jp/dp/B08LP1WWPT	OSPREY デイライトプラス DAYLITE PLUS OS57176 バックパック	OSPREY	OS57176	11484	shared_asin									
osprey-backpack	2	osprey-stratos-36	1	amazonAsin	B09JXK4YSD	https://www.amazon.co.jp/dp/B09JXK4YSD	OSPREY ストラトス 36 Stratos 36L バックパック	OSPREY		22999	shared_asin									
osprey-backpack	3	osprey-sirrus-24	1	amazonAsin	B09JY35BHR	https://www.amazon.co.jp/dp/B09JY35BHR	OSPREY シラス 24 SIRRUS 24 レディース バックパック	OSPREY		30800	OK									
osprey-backpack	4	osprey-fairview-40	1	amazonAsin	B09KQ1TH49	https://www.amazon.co.jp/dp/B09KQ1TH49	OSPREY フェアビュー40 トラベルパック FAIRVIEW 40 レディース バックパック	OSPREY		31900	OK									
osprey-daily-backpack	1	osprey-daylite-plus	0	amazonAsin	B08LP1WWPT	https://www.amazon.co.jp/dp/B08LP1WWPT	OSPREY（オスプレー）デイライトプラス DAYLITE PLUS 20L OS57176 ブラック	OSPREY	OS57176	12760	shared_asin									
osprey-daily-backpack	2	osprey-daylite	0	amazonAsin	B08LP148YT	https://www.amazon.co.jp/dp/B08LP148YT	OSPREY（オスプレー）デイライト DAYLITE 13L OS57177 ブラック	OSPREY	OS57177	9999	OK									
osprey-daily-backpack	3	osprey-arcane-largeday	0	amazonAsin	B07Z9X4CB5	https://www.amazon.co.jp/dp/B07Z9X4CB5	OSPREY（オスプレー）アーケイン ラージデイ ARCANE LARGE DAY OS53161 ブラック	OSPREY	OS53161	19835	OK									
osprey-daily-backpack	4	osprey-hikelite-26	0	amazonAsin	B0FGXZ57PD	https://www.amazon.co.jp/dp/B0FGXZ57PD	OSPREY（オスプレー）ハイクライト HIKELITE 26L OS57222 カスケードブルー	OSPREY	OS57222	17820	OK									
osprey-daily-backpack	5	osprey-ul-stuffpack	0	amazonAsin	B0BKQH39BJ	https://www.amazon.co.jp/dp/B0BKQH39BJ	OSPREY（オスプレー）ULスタッフパック UL STUFF PACK 18L OS58830 タンドラグリーン	OSPREY	OS58830	6930	OK									
outdoor-coffee-mill	1	mill-porlex	0	amazonAsin	B082L26FLX	https://www.amazon.co.jp/dp/B082L26FLX	ポーレックス コーヒーミル II ミニ	ポーレックス		9130	OK									
outdoor-coffee-mill	2	mill-captainstag	0	amazonAsin	B01KWSX8BW	https://www.amazon.co.jp/dp/B01KWSX8BW	キャプテンスタッグ ハンディーコーヒーミルS UW-3501	キャプテンスタッグ	UW-3501	3600	OK									
outdoor-coffee-mill	3	mill-campingmoon	0	amazonAsin	B0CBFGBGSV	https://www.amazon.co.jp/dp/B0CBFGBGSV	キャンピングムーン 手挽きコーヒーミル CC-115 S／ブラック（ステンレス刃）	キャンピングムーン	CC-115	7780	OK									
outdoor-coffee-mill	4	mill-sukizuki	0	none			ミニ手挽きコーヒーミル ステンレス×ブラウン（掃除ブラシ付き）	ミニ手挽きコーヒーミル		2980	-									
outdoor-coffee-mill	5	mill-atlas	0	amazonAsin	B0DJVCV1N8	https://www.amazon.co.jp/dp/B0DJVCV1N8	アトラス コーヒーミル セラミック臼式 ACG ブラック	アトラス		1998	OK									
outdoor-kitchen-table	1	kt-coleman	1	amazonAsin	B01N9SLIIE	https://www.amazon.co.jp/dp/B01N9SLIIE	コールマン オールインワンキッチンテーブル 2000031294	コールマン	2000031294	19690	OK									
outdoor-kitchen-table	2	kt-dod	1	amazonAsin	B07R5T6VV1	https://www.amazon.co.jp/dp/B07R5T6VV1	DOD マルチキッチンテーブル TB1-38-BK	DOD	TB1-38-BK	14150	shared_asin									
outdoor-kitchen-table	3	kt-visionpeaks	1	none			ビジョンピークス アカシアキッチンラック＋オプションテーブル	ビジョンピークス		13980	-									
outdoor-kitchen-table	4	kt-fieldoor-wood	1	none			FIELDOOR バーナースタンド 天然木 幅約150cm	FIELDOOR		13200	-									
outdoor-kitchen-table	5	kt-fieldoor-alu	1	none			FIELDOOR アルミ調理台 折りたたみテーブル 幅75cm	FIELDOOR		7920	-									
outdoor-wagon	1	coleman-wagon	0	amazonAsin	B07V7Y9CFG	https://www.amazon.co.jp/dp/B07V7Y9CFG	コールマン アウトドアワゴン 2000034673	コールマン	2000034673	13429	OK									
outdoor-wagon	2	waq-wagon-w1	0	amazonAsin	B07PGCZPK6	https://www.amazon.co.jp/dp/B07PGCZPK6	WAQ アウトドアワゴン waq-w1 オリーブ×タン 容量106L 耐荷重150kg ワイドタイヤ 折りたたみ 4輪	WAQ	WAQ-W1	11800	OK									
outdoor-wagon	3	lysin-wagon-e230	0	none			ライシン Lysin アウトドアワゴン Eシリーズ LS-YX-Z02B-BK ブラック 最大230L 拡張機能 キャリーワゴン 折りたたみ	ライシン	LS-YX-Z02B-BK	13800	-									
outdoor-wagon	4	fieldoor-wagon	0	amazonAsin	B07YV2PMT2	https://www.amazon.co.jp/dp/B07YV2PMT2	FIELDOOR アウトドアワゴン ワイルドマルチキャリー スマートタフ キャリー本体のみ ダークブラウン 126L 耐荷重150kg 極太タイヤ 折りたたみ	FIELDOOR		8910	OK									
outdoor-wagon	5	tansu-renew-wagon	0	none			タンスのゲン RENEW ノーパンクワイドタイヤ キャリーワゴン	タンスのゲン		7999	-									
peg-hammer	1	ellisse-ultimate-hammer	0	amazonAsin	B014CLRHD0	https://www.amazon.co.jp/dp/B014CLRHD0	村の鍛冶屋 エリッゼステーク アルティメットハンマー カチオン黒塗装×真鍮ヘッド 焼入れ鍛造 ペグハンマー	村の鍛冶屋		6600	OK									
peg-hammer	2	snowpeak-pro-s-n002	0	amazonAsin	B000AR2OBQ	https://www.amazon.co.jp/dp/B000AR2OBQ	スノーピーク ペグハンマー PRO.S N-002	スノーピーク	N-002	5280	OK									
peg-hammer	3	reiden-peg-hammer	0	none			REIDEN ペグハンマー LBW-11002 オレンジ ペグ抜き付き テント設営用	REIDEN	LBW-11002	1690	-									
peg-hammer	4	freell-peg-hammer	0	amazonAsin	B07V7XLC2L	https://www.amazon.co.jp/dp/B07V7XLC2L	Freell フリール ペグハンマー	Freell		1980	OK									
peg-hammer	5	dfresh-peg-hammer-360g	0	none			ペグハンマー 軽量360g 炭素鋼ヘッド ペグ抜き付き レッド 収納袋付き	ペグハンマー		1680	-									
petzl-headlight	1	petzl-actik	0	amazonAsin	B0FHKTNR6T	https://www.amazon.co.jp/dp/B0FHKTNR6T	ペツル アクティックコア E065AB(ブラック)	ペツル	E065AB	12177	OK									
petzl-headlight	2	petzl-tikka	0	amazonAsin	B0FDLSGR92	https://www.amazon.co.jp/dp/B0FDLSGR92	ペツル ティカ E061AB(ブラック)	ペツル	E061AB	5247	OK									
petzl-headlight	3	petzl-tikkacore	0	amazonAsin	B09ZN6T83N	https://www.amazon.co.jp/dp/B09ZN6T83N	ペツル ティカコア E067AA00(グレー)	ペツル	E067AA00	10340	OK									
petzl-headlight	4	petzl-elite	0	amazonAsin	B07STZRFWL	https://www.amazon.co.jp/dp/B07STZRFWL	ペツル イーライト E02 P4	ペツル	E02	4418	OK									
petzl-headlight	5	petzl-pixa3	0	amazonAsin	B00Q78WQF6	https://www.amazon.co.jp/dp/B00Q78WQF6	ペツル ピクサ3	ペツル		12060	OK									
portable-cooler-aircon	1	irisohyama-spot-cooler	0	amazonAsin	B0GZZGLCGB	https://www.amazon.co.jp/dp/B0GZZGLCGB	アイリスオーヤマ ポータブルクーラー スポットクーラー airwill IPP-2226U-H グレー 工事不要 窓パネル付き	アイリスオーヤマ	IPP-2226U-H	29800	OK									
portable-cooler-aircon	2	tansu-spot-cooler	0	none			タンスのゲン スポットクーラー 断熱ダクトカバー・窓パネル付	タンスのゲン		29999	-									
portable-cooler-aircon	3	eenour-spot-cooler	0	none			EENOUR スポットクーラー（アウトドア対応モデル）	EENOUR		69990	-									
portable-cooler-aircon	4	threeup-spot-cooler	0	amazonAsin	B0GWMN5Z7Z	https://www.amazon.co.jp/dp/B0GWMN5Z7Z	THREEUP スポットクーラー EC-S0814 グレージュウッド 木目調 ダクト付き ノンドレン 工事不要	THREEUP	EC-S0814	25800	OK									
portable-cooler-aircon	5	quads-spot-cooler	0	none			QUADS 自動ルーバー スポットクーラー 2.3kw ダークグレー 工事不要 窓用パネル付き	QUADS		24800	-									
portable-electric-kettle	1	dc12v-car-kettle-450	0	none			車載電気ケトル DC12V/24V 450ml（30〜100℃・保温対応）	車載電気ケトル		4280	-									
portable-electric-kettle	2	silicone-folding-kettle-600	0	none			SHIMC 折りたたみ電気ケトル bw5116 600ml シリコン製 ホワイト 日本対応110v 空焚き防止 軽量 コンパクト	SHIMC	BW5116	2280	-									
portable-electric-kettle	3	portable-travel-kettle-300w	0	amazonAsin	B0FGPHZVR7	https://www.amazon.co.jp/dp/B0FGPHZVR7	ALILIY ポータブル電気ケトル 24008 400ml ベージュ 100V 300W 低消費電力 空焚き防止 ステンレス二重構造	ALILIY		3680	OK									
portable-electric-kettle	4	ac100-240v-kettle-400	0	amazonAsin	B0DXFBSMPG	https://www.amazon.co.jp/dp/B0DXFBSMPG	RAKINO ポータブル電気ケトル 24264 400ml ベージュ AC100-240V海外対応 温度調節 保温 空焚き防止	RAKINO	AC100-240V	4380	OK									
portable-electric-kettle	5	car-kettle-keepwarm-450	0	amazonAsin	B0BBC21QBM	https://www.amazon.co.jp/dp/B0BBC21QBM	車載電気ケトル cc625 保温機能付き 450ml DC12V/24V ブラック 40〜100℃ LCDディスプレイ	車載電気ケトル	CC625	5980	OK									
portable-fridge	1	eenour-db01	1	none			EENOUR ポータブル冷蔵庫 DB01 10L/18L/23L バッテリータイプ 車載 セカンド冷凍庫	EENOUR	DB01	19800	-									
portable-fridge	2	bougerv-crpro-20	1	amazonAsin	B0B9GP5LMQ	https://www.amazon.co.jp/dp/B0B9GP5LMQ	BougeRV ポータブル冷蔵庫 CR Pro 20 20L ブラック	BougeRV		24980	OK									
portable-fridge	3	thn-compressor-fridge	1	none			ポータブル冷凍庫 18L/22L/25L/30L コンプレッサー式 -22℃〜10℃ USB給電 12V/24V AC/DC対応 PSE認証	ポータブル冷凍庫		17480	-									
portable-fridge	4	powerarq-iceberg	1	none			PowerArQ ICEBERG ポータブル冷蔵庫 29L/12L コンプレッサー式 -22℃ 2室	PowerArQ		27500	-									
portable-fridge	5	regear-9l	1	none			Re:Gear 車載冷蔵庫 9L/12L -20℃ AC100V/DC12V/24V シガーソケット対応	Re:Gear		13980	-									
portable-power-guide	1	pg-jackery-500-new	0	amazonAsin	B0FBRK8GSP	https://www.amazon.co.jp/dp/B0FBRK8GSP	Jackery ポータブル電源 500 New 512Wh リン酸鉄 長寿命 定格500W コンパクト 軽量 急速充電 家庭用 アウトドア用 防災 車中泊 UPS機能 純正弦波 ジャクリ	Jackery		59800	shared_asin									
portable-power-guide	2	pg-jackery-1000-new	0	amazonAsin	B0D3HJM175	https://www.amazon.co.jp/dp/B0D3HJM175	Jackery ポータブル電源 1000 New 1070Wh リン酸鉄 定格1500W 最速1時間満充電 UPS機能	Jackery		119800	shared_asin									
portable-power-guide	3	pg-ecoflow-delta3-max	0	amazonAsin	B0FPCD866Z	https://www.amazon.co.jp/dp/B0FPCD866Z	EcoFlow DELTA 3 Max 2048Wh AC出力2200W 急速充電 5年保証 リン酸鉄	EcoFlow		209980	shared_asin									
portable-power-large	1	jackery-2000-new	1	amazonAsin	B0DBHS1S3V	https://www.amazon.co.jp/dp/B0DBHS1S3V	Jackery ポータブル電源 2000 New 2042Wh リン酸鉄 定格2200W UPS機能 アプリ遠隔操作 純正弦波	Jackery		209800	shared_asin									
portable-power-large	2	ecoflow-delta3-max	1	amazonAsin	B0FPCD866Z	https://www.amazon.co.jp/dp/B0FPCD866Z	EcoFlow DELTA 3 Max 2048Wh AC出力2200W 急速充電 5年保証 リン酸鉄	EcoFlow		209980	shared_asin									
portable-power-large	3	dabbsson-2000l	1	amazonAsin	B0F3JMHLGG	https://www.amazon.co.jp/dp/B0F3JMHLGG	Dabbsson 2000L 2048Wh 半固体リン酸鉄 2200W出力 大容量 軽量	Dabbsson		87000	OK									
portable-power-large	4	eenour-p2001plus	1	amazonAsin	B0D1TYQ7XH	https://www.amazon.co.jp/dp/B0D1TYQ7XH	EENOUR P2001PLUS 2048Wh 2400W リン酸鉄 UPS機能 急速充電 アプリ対応	EENOUR	P2001PLUS	89990	OK									
portable-power-large	5	solar-panel-set	1	none			ポータブル電源 2048Wh 2400W リン酸鉄 ソーラーパネル200W 3点セット UPS	ポータブル電源		127990	-									
portable-power-vehicle-camp	1	power-rank-1	1	amazonAsin	B0DS1ZYPB2	https://www.amazon.co.jp/dp/B0DS1ZYPB2	EcoFlow ポータブル電源 リン酸鉄 長寿命 1hフル充電 大容量 RIVER 2 Max 512Wh 5年保証 小型 蓄電池 発電機 ポータブルバッテリー 急速充電 車中泊 アウトドア キャンプ 停電対策 防災グッズ エコフロー	EcoFlow		64900	OK									
portable-power-vehicle-camp	2	power-rank-2	1	amazonAsin	B0FBRK8GSP	https://www.amazon.co.jp/dp/B0FBRK8GSP	Jackery ポータブル電源 500 New 512Wh リン酸鉄 長寿命 定格500W コンパクト 軽量 急速充電 家庭用 アウトドア用 防災 車中泊 UPS機能 純正弦波 ジャクリ	Jackery		59800	shared_asin									
portable-power-vehicle-camp	3	power-rank-3	1	none			EcoFlow RIVER 2 Pro 768Wh + 160W ポータブル電源 ソーラーパネル セット 蓄電池 発電機 ポータブルバッテリー 急速充電 アプリ対応 車中泊 非常用電源 停電 台風 防災グッズ アウトドア キャンプ エコフロー	EcoFlow		130900	-									
portable-power-vehicle-camp	4	power-rank-4	1	amazonAsin	B0CHHKHHY4	https://www.amazon.co.jp/dp/B0CHHKHHY4	KYOCERA(京セラ) ポータブル電源 1601.5Wh 純正弦波インバーター搭載 DPS1800	KYOCERA	DPS1800	231000	OK									
portable-power-vehicle-camp	5	power-rank-5	1	amazonAsin	B0DB5Y5JZR	https://www.amazon.co.jp/dp/B0DB5Y5JZR	EcoFlow ポータブル電源 RIVER 3 230Wh リン酸鉄 長寿命 1hフル充電 2年保証 小型 静音 蓄電池 発電機 ポータブル バッテリー 急速充電 アプリ対応 車中泊 AC出力300W アウトドア 台風 停電 防災グッズ キャンプ	EcoFlow		30900	OK									
pup-tent	1	onetigris-solo-homestead	0	amazonAsin	B0CRH9L939	https://www.amazon.co.jp/dp/B0CRH9L939	OneTigris SOLO HOMESTEAD ポリコットンTC パップテント CE-BHS06-TC-A ブラウン 軍幕 煙突口あり ポール付き TCグランドシート付き 1〜2人用 焚き火可	OneTigris	CE-BHS06-TC-A	33600	OK									
pup-tent	2	tomount-pup-tc	0	none			TOMOUNT パップテント TC クールブラック 2人用 軍幕 ポリコットン サイドウォール付き インナー付き 煙突穴付 4シーズン	TOMOUNT		18999	-									
pup-tent	3	soomloom-pup-tc	0	none			SoomLoom パップテント ノーマル/ビッグサイズ 軍幕 TC素材 ポリコットン ソロテント 防風防雨	SoomLoom		8400	-									
pup-tent	4	onetigris-roc-shield	0	amazonAsin	B0B2W946JV	https://www.amazon.co.jp/dp/B0B2W946JV	OneTigris ROC SHIELD ポリコットンTC 炎幕 パップテント 軍幕 煙突口 全面フルクローズ可 ポール付属 焚き火可	OneTigris		24800	OK									
pup-tent	5	goglamping-gg-pup	0	none			GOGlamping G・G PUP 2.0 パップテント TC NMT1-341 サンドベージュ 1人用 軍幕 メッシュ/耐熱シート三角窓 焚き火可 薪ストーブ対応	GOGlamping	NMT1-341	17982	-									
rectangle-sleeping-bag	1	bearsrock-mx604	0	amazonAsin	B0CPLRCPRH	https://www.amazon.co.jp/dp/B0CPLRCPRH	Bears Rock 封筒型 寝袋 -6度 3.5シーズン 洗える ふわ暖 MX-604 モカライン	Bears	MX-604	4580	OK									
rectangle-sleeping-bag	2	nuuca-sleep	0	none			Nuuca ヌーカスリープ 封筒型 寝袋 ISO国際基準 -10℃ 北欧デザイン 丸洗い	Nuuca		3000	-									
rectangle-sleeping-bag	3	nebukuron	0	none			Zaida ねぶくろん 封筒型 寝袋 SD01 タイプC（1.8kg） ブラック 最大限界温度-15度 230T 撥水 洗える	Zaida	SD01	2230	-									
rectangle-sleeping-bag	4	aiflycy-2nin	0	none			AIFLYCY 封筒型 寝袋 オールシーズン 2人用 幅広 洗える 防水 3.5シーズン	AIFLYCY		3780	-									
rectangle-sleeping-bag	5	erabu-4type	0	none			MERMONT 封筒型 寝袋 選べる4タイプ 限界温度-5℃/1.35kg(190T生地) ブラック 連結可能 撥水 洗える	MERMONT		1750	-									
screen-tarp	1	st-fieldoor-285	0	amazonAsin	B07SNQ6C1Y	https://www.amazon.co.jp/dp/B07SNQ6C1Y	FIELDOOR スクリーンテント スクリーンタープ 幅285×奥行285cm ダークブラウン：標準タイプ テント本体のみ キャノピー ポール2本付き 四方メッシュ	FIELDOOR		9460	OK									
screen-tarp	2	st-fieldoor-ot	0	none			【楽天1位】FIELDOOR テント スクリーンタープ スクリーンテント ワンタッチ 幅285×奥行285cm 日よけ ドームテント タープテント タープ キャノピー ポール2本付き 日よけテント 虫よけ 蚊帳 メッシュ 大型 サンシェード 組み立て 簡単 1年保証 ★[送料無料]	FIELDOOR		13860	-									
screen-tarp	3	st-yoca-3m	0	none			スクリーンタープ ワンタッチテント タープテント 3m×3m 遮光 遮熱 断熱 日よけ 日陰 ブラックコーティング シルバーコーティング UVカットク ール 涼しい 簡単設営 90秒設営 運動会 ファミリー 広々空間 フルメッシュ フルクローズ 虫対策 [180日間製品保証］	スクリーンタープ		25980	-									
screen-tarp	4	st-yoca-wide	0	none			ワイドスクリーンタープ ワンタッチテント タープテント 4m×2.8m 遮光 遮熱 断熱 日除け 日陰 シルバーコーティング ブラックコーティング UVカットク ール COOL 涼しい 簡単設営 90秒設営 運動会 ファミリー 広々空間 フルメッシュ フルクローズ 虫対策[180日間製品保証］	ワイドスクリーンタープ		19980	-									
screen-tarp	5	st-yoca-25	0	none			ワンタッチタープ 2.5m ワンタッチテント 遮光 遮熱 UVカット タープテント プール テント サイドシート ブラックコーティング シルバーコーティング 日よけ 設営60秒 簡単設営 3〜4人用 軽量 ファミリー 運動会 庭遊び サンシェード イベント バーベキュー ビーチ 日陰	ワンタッチタープ		10780	-									
secondary-combustion-bonfire	1	ftos-flamestove-max	1	amazonAsin	B08W8YCNQW	https://www.amazon.co.jp/dp/B08W8YCNQW	Field to Summit フレイムストーブMAX OFBMAX 二次燃焼 焚き火台 ステンレス304 キャリーバッグ付	Field		14780	OK									
secondary-combustion-bonfire	2	ftos-flamestove-mini	1	amazonAsin	B09RYSH3J2	https://www.amazon.co.jp/dp/B09RYSH3J2	Field to Summit フレイムストーブMAX MINI OFBMAXMI 二次燃焼 焚き火台 ステンレス キャリーバッグ付	Field		11000	OK									
secondary-combustion-bonfire	3	glass-window-stove	1	none			二次燃焼型 焚き火台 ガラス窓 二層壁構造 五徳・収納袋付き 30×14×23.5cm	二次燃焼型		11699	-									
secondary-combustion-bonfire	4	soomloom-sparkjarr	1	amazonAsin	B0CS9ZQ2BJ	https://www.amazon.co.jp/dp/B0CS9ZQ2BJ	Soomloom ハーフユニット焚き火台 SparkJarr 卓上 二次燃焼 折りたたみ IGTテーブル対応	Soomloom		8200	OK									
secondary-combustion-bonfire	5	octagon-black	1	amazonAsin	B0CWGWPPVK	https://www.amazon.co.jp/dp/B0CWGWPPVK	オクタゴンブラック 二次燃焼 無煙 焚き火台 高火力 ファイアピット	オクタゴンブラック		15800	OK									
sierra-cup	1	snowpeak-titanium-e104	0	amazonAsin	B000AR2P1A	https://www.amazon.co.jp/dp/B000AR2P1A	スノーピーク チタンシェラカップ E-104	スノーピーク	E-104	2508	shared_asin									
sierra-cup	1	campingmoon-lid	0	amazonAsin	B0F2T1PC2C	https://www.amazon.co.jp/dp/B0F2T1PC2C	キャンピングムーン シリコンリッド シェラカップ用 蓋 注ぎ口付き	キャンピングムーン		749	OK									
sierra-cup	2	sierra-3set	0	none			シェラカップ 3個セット フック付き 計量メモリ付き アウトドア食器	シェラカップ		1029	-									
sierra-cup	2	uniflame-coffee-bannet	0	amazonAsin	B007FFSVAO	https://www.amazon.co.jp/dp/B007FFSVAO	ユニフレーム コーヒーバネット sierra 667767 コーヒードリッパー 軽量 コンパクト	ユニフレーム		1980	OK									
sierra-cup	3	campingmoon-seiro	0	amazonAsin	B0CG4GLZKB	https://www.amazon.co.jp/dp/B0CG4GLZKB	キャンピングムーン シェラせいろ S362-MG シルバー 1段＋蓋 深型シェラカップ用 ステンレス 蒸し器 木製蓋付き	キャンピングムーン	S362-MG	3380	OK									
sleeping-bag-cover	1	nanga-waterproof-cover	0	amazonAsin	B09RZMF2J8	https://www.amazon.co.jp/dp/B09RZMF2J8	ナンガ NANGA ウォータープルーフ スリーピングバッグカバー NS2244-2Z303 カーキ	ナンガ	NS2244-2Z303	5750	OK									
sleeping-bag-cover	2	isuka-weathertec-superlight	0	amazonAsin	B00IT4F9C8	https://www.amazon.co.jp/dp/B00IT4F9C8	イスカ ISUKA ウェザーテック シュラフカバー スーパーライト ネイビーブルー 201621	イスカ		10424	OK									
sleeping-bag-cover	3	outbear-ul-bivy	0	amazonAsin	B0FPFLL6RG	https://www.amazon.co.jp/dp/B0FPFLL6RG	OUTBEAR シュラフカバー ウルトラライトビビィ 180g チャコールグレー	OUTBEAR		4482	OK	【超軽量180g】 シュラフカバー ウルトラライトビビィ 登山 キャンプ UL 透湿 防水 保温 体熱保持70% [タイベック素材xアルミ蒸着加工]	4980	in_stock(cart) 在庫あり。 在庫状況 について	ok	+11%	official	2026-09-21T21:53:37Z	campkit-20260921-36	OUTBEAR公式ストア・チャコールグレー変種・203×76cm・180g 一致。¥4,980（カード¥4,482・+11%）
sleeping-bag-cover	4	miltec-sleeping-bag-cover	0	amazonAsin	B005MYCLHE	https://www.amazon.co.jp/dp/B005MYCLHE	MIL-TEC スリーピングバッグカバー 防水・透湿 3層式 オリーブグリーン	MIL-TEC		12800	asin_in_affiliate_url	MIL-TEC スリーピングバッグ カバー 防水・透湿 3層式 - OLIVE GREEN	12300	in_stock(cart) 残り7点 ご注文はお早めに 在庫状況 について	ok	-4%	marketplace	2026-09-21T21:53:41Z	campkit-20260921-36	MIL-TEC 3層式 OLIVE GREEN・225×85cm・型番14115001（カードに型番なし＝例外(4)）。¥12,300（カード¥12,800・-4%）
sleeping-bag-cover	5	isuka-gore-infinium-ul-wide	0	amazonAsin	B08M3ZKMW3	https://www.amazon.co.jp/dp/B08M3ZKMW3	イスカ ISUKA ゴアテックスインフィニアム シュラフカバーUL ワイド ネイビーブルー	イスカ		20102	OK									
sleeping-bag-liner	1	liner-rank-1	0	amazonAsin	B0845XGKYX	https://www.amazon.co.jp/dp/B0845XGKYX	Bears Rock くるむん IF-201K チョコブラウン インナーシュラフ フリース 毛布 ブランケット ひざ掛け	Bears	IF-201K	1980	OK									
sleeping-bag-liner	2	liner-rank-2	0	amazonAsin	B0DFW2BH1Y	https://www.amazon.co.jp/dp/B0DFW2BH1Y	ブリッジカントリー インナーシュラフ 軽量 薄手 インナーシーツ 封筒型 ライトピンク 丸洗い可能 コンパクト 収納袋付き	ブリッジカントリー		1298	OK									
sleeping-bag-liner	3	liner-rank-3	0	none			インナーシュラフ 防災士監修 封筒型 フリース ワインレッド ブランケット シーツ ひざかけ 洗える	インナーシュラフ		1599	-									
sleeping-bag-liner	4	liner-rank-4	0	amazonAsin	B0845RPYDM	https://www.amazon.co.jp/dp/B0845RPYDM	Bears Rock くるむん ボアロング グレー ボアフリース ロングタイプ 毛布 インナーシュラフ 頭まわりまで暖かい	Bears		3850	OK									
sleeping-bag-liner	5	liner-rank-5	0	none			MERMONT インナーシュラフ ODSBFLBK ブラック フリース 毛布 ブランケット 洗える 収納袋付き	MERMONT		1880	-									
sleeping-bag-summer-cospa	1	washable-envelope-allseason	0	amazonUrl		https://amzn.to/3RfnEwa	MERMONT 封筒型 寝袋 選べる4タイプ 限界温度5℃/650g(230T生地) ブラック 連結可能 撥水 洗える 軽量 コンパクト	MERMONT		2080	short_url									
sleeping-bag-summer-cospa	2	bearsrock-mx604	0	amazonUrl		https://amzn.to/44oAjjp	Bears Rock ふわ暖 封筒型 寝袋 MX-604 モカライン -6度 3.5シーズン 洗える 丸洗い 軽量 コンパクト	Bears	MX-604	4580	short_url									
sleeping-bag-summer-cospa	3	inner-sheet-envelope	0	amazonUrl		https://amzn.to/3R9l3E2	ブリッジカントリー インナーシュラフ 軽量 薄手 インナーシーツ 封筒型 ライトピンク 丸洗い可能 コンパクト 収納袋付き	ブリッジカントリー		1298	short_url									
sleeping-bag-summer-cospa	4	naturehike-washable-3-5season	0	amazonUrl		https://amzn.to/450Akdr	Naturehike 洗える 3.5シーズン 封筒型寝袋 nh21msd09 ブラウン Mサイズ コンパクト 軽量 1人用 撥水 保温 連結可能 収納袋付き	Naturehike	NH21MSD09	3990	short_url									
sleeping-bag-summer-cospa	5	nebukuron-envelope	0	amazonUrl		https://amzn.to/4prUFly	Zaida ねぶくろん 封筒型 寝袋 SD01 タイプC（1.8kg） ブラック オールシーズン 最大限界温度-15度 230T 撥水 軽量 洗える	Zaida	SD01	2780	short_url									
sleeping-bag-temperature-guide	1	camdoor-winter-25	1	amazonUrl		https://amzn.to/3QCs7sj	Camdoor 寝袋 冬用 -25℃ 封筒型 シュラフ 防寒 洗える 軽量 キャンプ アウトドア 車中泊 防災	Camdoor		3980	short_url									
sleeping-bag-temperature-guide	2	nebukulon-230t	1	amazonUrl		https://amzn.to/4v1Ub6U	ねぶくろん 230T 寝袋 封筒型 厚手 シュラフ キャンプ 冬用 防寒 洗える アウトドア 車中泊	ねぶくろん		2780	short_url									
sleeping-bag-temperature-guide	3	mthappy-down-mummy-25	1	none			Mt.happy 寝袋 マミー型 ダウン -25度 シュラフ 軽量 コンパクト 冬用 キャンプ 登山 アウトドア	Mt.happy		6980	-									
sleeping-bag-temperature-guide	4	hawkgear-mummy-15	1	amazonUrl		https://amzn.to/43MGsWi	HAWK GEAR ホークギア 寝袋 マミー型 -15℃ 化繊 シュラフ 防寒 キャンプ アウトドア 洗える	HAWK		2780	short_url									
sleeping-bag-temperature-guide	5	soomloom-down-650fp	1	amazonUrl		https://amzn.to/4eFiykD	Soomloom ダウン 寝袋 マミー型 650FP 0〜-20℃対応 軽量 コンパクト シュラフ キャンプ 登山 アウトドア	Soomloom		15980	short_url									
sleeping-bag-winter-beginner	1	bearsrock-wide-30	0	amazonUrl		https://amzn.to/4uNCrvF	Bears Rock -30度 封筒型 ワイド 洗える寝袋 FX-503W チョコブラウン 布団のような寝心地 丸洗い 冬用 車中泊	Bears	FX-503W	17250	short_url									
sleeping-bag-winter-beginner	2	camdoor-fuutou-allseason	0	amazonUrl		https://amzn.to/4aZ0Mrd	CAMDOOR 封筒型 寝袋 オールシーズン 3sd05 2200g(25℃～0℃～-25℃) ベージュ 最低適応温度-25℃ 丸洗い コンパクト 軽量 車中泊 防災	CAMDOOR	3SD05	3980	short_url									
sleeping-bag-winter-beginner	3	bearsrock-mummy-34	0	amazonUrl		https://amzn.to/4afjMSf	Bears Rock -34度 マミー型 洗える寝袋 FX-453G シルキーブラウン センタージップ 丸洗い 冬用 4シーズン	Bears	FX-453G	17250	short_url									
sleeping-bag-winter-beginner	4	bearsrock-fuutou-15	0	amazonUrl		https://amzn.to/43S2zun	Bears Rock -15度 封筒型 洗える寝袋 FX-403 モカライン 布団のような寝心地 オールシーズン 丸洗い 車中泊	Bears	FX-403	8900	short_url									
sleeping-bag-winter-beginner	5	aiflycy-fuutou-wide	0	amazonUrl		https://amzn.to/4gGlorU	【クーポンで3824円〜】寝袋 冬用【最大幅90cm追加！】寝袋 オールシーズン シュラフ 封筒型 防災 来客用 AIFLYCY 洗える 布団 暖か1.1kg/1.4kg/1.8kg/2.2kg/3.0kg/3.5kg 軽量 ファミリー キャンプ 車中泊 防水 3.5シーズン 2人用 幅広 《3sd01》	寝袋	3SD01	4780	short_url									
snowpeak-bonfire	1	snowpeak-m	0	amazonAsin	B00FXFFST0	https://www.amazon.co.jp/dp/B00FXFFST0	スノーピーク 焚火台 M ST-033R	スノーピーク	ST-033R	14692	shared_asin									
snowpeak-bonfire	2	snowpeak-s	0	amazonAsin	B00FR6CFIM	https://www.amazon.co.jp/dp/B00FR6CFIM	スノーピーク 焚火台 S ST-031R	スノーピーク	ST-031R	11880	OK									
snowpeak-bonfire	3	snowpeak-l	0	amazonAsin	B08HMPH45X	https://www.amazon.co.jp/dp/B08HMPH45X	スノーピーク 焚火台 L ST-032RS	スノーピーク	ST-032RS	21120	OK									
snowpeak-bonfire	4	snowpeak-set111	0	amazonAsin	B00JYCRZ80	https://www.amazon.co.jp/dp/B00JYCRZ80	スノーピーク 焚火台Mスターターセット SET-111	スノーピーク	SET-111	21780	OK									
snowpeak-bonfire	5	snowpeak-set112	0	amazonAsin	B08HMPC73K	https://www.amazon.co.jp/dp/B08HMPC73K	スノーピーク 焚火台Lスターターセット SET-112S	スノーピーク	SET-112S	27280	OK									
snowpeak-lantern	1	snowpeak-gl140	0	amazonAsin	B018XJXP7O	https://www.amazon.co.jp/dp/B018XJXP7O	スノーピーク ガスランタン リトルランプ ノクターン GL-140	スノーピーク	GL-140	6380	shared_asin									
snowpeak-lantern	2	snowpeak-es101	0	amazonAsin	B0D3HRP3L9	https://www.amazon.co.jp/dp/B0D3HRP3L9	スノーピーク セレス ES-101	スノーピーク	ES-101	14410	OK									
snowpeak-lantern	3	snowpeak-gl100ar	0	amazonAsin	B01N6FXJHC	https://www.amazon.co.jp/dp/B01N6FXJHC	スノーピーク ギガパワーランタン 天 オート GL-100AR	スノーピーク	GL-100AR	7756	OK									
snowpeak-lantern	4	snowpeak-es141	0	amazonAsin	B0CWGV8CQP	https://www.amazon.co.jp/dp/B0CWGV8CQP	スノーピーク RBたねほおずき ES-141(ひぐれ)	スノーピーク	ES-141	9680	OK									
snowpeak-lantern	5	snowpeak-es080	0	amazonAsin	B08XZ42CQV	https://www.amazon.co.jp/dp/B08XZ42CQV	スノーピーク HOME&CAMPランタン ES-080(ブラック)	スノーピーク	ES-080	7535	OK									
snowpeak-tent	1	snowpeak-entrypack-tt	1	amazonAsin	B095K1TYDQ	https://www.amazon.co.jp/dp/B095K1TYDQ	スノーピーク エントリーパックTT SET-250RH（テント＋タープ 4人用）	スノーピーク	SET-250RH	29999	OK									
snowpeak-tent	2	snowpeak-landnest-dome-s	1	amazonAsin	B0BXSTCF5T	https://www.amazon.co.jp/dp/B0BXSTCF5T	スノーピーク ランドネストドーム S SDE-259（2人用ドーム）	スノーピーク	SDE-259	24800	OK									
snowpeak-tent	3	snowpeak-landnest-m-set	1	amazonAsin	B0BXSTPB59	https://www.amazon.co.jp/dp/B0BXSTPB59	スノーピーク ランドネスト M テントタープセット SET-260	スノーピーク	SET-260	49800	shared_asin									
snowpeak-tent	4	snowpeak-amenity-dome-m-set	1	none			スノーピーク アメニティドームM スターターセット（マット・シート付）	スノーピーク		75240	-									
snowpeak-tent	5	snowpeak-landnest-shelter	1	amazonAsin	B0DQWPNB3Q	https://www.amazon.co.jp/dp/B0DQWPNB3Q	スノーピーク ランドネストシェルター TP-259（2ルーム 4人用）	スノーピーク	TP-259	87780	OK									
solar-lantern	1	aideall-solar-1800	0	none			aideall 折りたたみソーラーランタン 1800ルーメン 5000mAh（ブラック）	aideall		2610	-									
solar-lantern	2	solar-lantern-6000mah	0	none			2WAY充電ソーラーランタン 6000mAh（無段階調光・スマホ給電対応）	2WAY充電ソーラーランタン	2WAY	5280	-									
solar-lantern	3	carry-the-sun-small	0	amazonAsin	B00005OHH3	https://www.amazon.co.jp/dp/B00005OHH3	ランドポート キャリー・ザ・サン SMALL ウォームホワイト	ランドポート		3800	OK									
solar-lantern	4	solar-lantern-12led	0	none			LED ソーラーランタン 12灯（手回し充電・スタンドライト兼用）	LED		2829	-									
solar-lantern	5	sonnenglas-1000	0	amazonAsin	B00BDPTNB8	https://www.amazon.co.jp/dp/B00BDPTNB8	ソネングラス 1000ml ソーラーLEDランタン	ソネングラス		6180	OK									
solar-panel-folding	1	jackery-solarsaga100	0	amazonAsin	B07WDMXLHM	https://www.amazon.co.jp/dp/B07WDMXLHM	Jackery SolarSaga 100 ソーラーパネル 100W 折りたたみ式 単結晶 IP65防水	Jackery		34800	OK									
solar-panel-folding	2	powerarq-solar120	0	amazonAsin	B0BSN6GHFJ	https://www.amazon.co.jp/dp/B0BSN6GHFJ	PowerArQ Solar 120W ソーラーパネル 折りたたみ 防水IP65 防塵 耐熱 ETFE	PowerArQ		30515	OK									
solar-panel-folding	3	togopower-120	0	none			TogoPower ソーラーパネル 120W 折りたたみ式 単結晶 ETFE 急速充電 スタンド付き	TogoPower		16800	-									
solar-panel-folding	4	lacita-81w	0	amazonAsin	B08Q7JTHTF	https://www.amazon.co.jp/dp/B08Q7JTHTF	LACITA 81W ソーラーパネル ソーラーチャージャー 折りたたみ式	LACITA		15480	OK									
solar-panel-folding	5	motteru-24w	0	none			MOTTERU ソーラーパネル 24W USB2ポート 合計20W出力 スタンド付き 2年保証	MOTTERU		8980	-									
solar-portable-power	1	sp-jackery-2000	0	amazonUrl		https://amzn.to/4w3IuNE	Jackery Solar Generator 2000 New 2042Wh 200W ポータブル電源 ソーラーパネル セット 大容量 定格2200W 急速充電 防災 アウトドア UPS機能 太陽光発電 ジャクリ	Jackery		296400	short_url									
solar-portable-power	2	sp-jackery-1000	0	amazonUrl		https://amzn.to/3QXgkoI	Jackery Solar Generator 1000 New 1070Wh 100W ポータブル電源 ソーラーパネル セット リン酸鉄 定格1500W 急速充電 アウトドア 防災 車中泊 UPS機能 太陽光発電 ジャクリ	Jackery		154600	short_url									
solar-portable-power	3	sp-ecoflow-delta3plus	0	amazonUrl		https://amzn.to/4vx2vfY	EcoFlow ポータブル電源 ソーラーパネル セット DELTA 3 Plus 1024Wh+220W 軽量両面ソーラーパネル 大容量 長寿命 太陽光発電 急速充電 キャンプ 停電 防災 エコフロー	EcoFlow		232100	short_url									
solar-portable-power	4	sp-fossibot-f2400	0	amazonUrl		https://amzn.to/4afMF0w	FOSSiBOT F2400 ポータブル電源 3点セット ブラック リン酸鉄 2048Wh 定格2400W UPS ソーラーパネル200W×2枚 3500サイクル 正弦波	FOSSiBOT	F2400	127990	short_url									
solar-portable-power	5	sp-ecoflow-delta3classic	0	amazonUrl		https://amzn.to/4eYjmSN	EcoFlow ポータブル電源 ソーラーパネル セット DELTA 3 Classic（グレー）+160W 1024Wh 軽量両面ソーラーパネル 大容量 家庭用 蓄電池	EcoFlow		143700	short_url									
solo-camp-beginners-guide	1	solo-camp-tent	0	amazonAsin	B08P5811G7	https://www.amazon.co.jp/dp/B08P5811G7	コールマン ツーリングドーム/ST オリーブ 2000038141 1〜2人用	コールマン	2000038141	17424	shared_asin									
solo-camp-beginners-guide	2	solo-camp-sleeping-bag	0	amazonAsin	B07HRQMV4M	https://www.amazon.co.jp/dp/B07HRQMV4M	コールマン パフォーマーIII/C5 オレンジ 2000034774 封筒型シュラフ	コールマン	2000034774	5350	shared_asin									
solo-camp-beginners-guide	3	solo-camp-mat	0	amazonAsin	B0CZKS8RVR	https://www.amazon.co.jp/dp/B0CZKS8RVR	Bears Rock 自動膨張式 キャンプマット 5cm シングル 枕付き MT-105F チャコールブラウン	Bears	MT-105F	4980	OK									
solo-camp-beginners-guide	4	solo-camp-burner	0	amazonAsin	B001ADSR56	https://www.amazon.co.jp/dp/B001ADSR56	SOTO レギュレーターストーブ ST-310 シングルバーナー	SOTO	ST-310	7480	OK									
solo-camp-beginners-guide	5	solo-camp-cooker	0	amazonAsin	B09KX7GW39	https://www.amazon.co.jp/dp/B09KX7GW39	スノーピーク アルミパーソナルクッカーセット SCS-020R	スノーピーク	SCS-020R	5544	OK									
solo-camp-cot	1	cot-rank-1	0	amazonAsin	B07NBHCBHT	https://www.amazon.co.jp/dp/B07NBHCBHT	LOGOS/ロゴス Tradcanvas コンフォートベッド 73173089 フォールディングコット ソロキャンプ 折り畳みベッド/コット キャンプ アウトドア 車中泊 軽量 コンパクト収納	LOGOS/ロゴス	73173089	13365	OK									
solo-camp-cot	2	cot-rank-2	0	amazonAsin	B00363PS3W	https://www.amazon.co.jp/dp/B00363PS3W	Coleman コンバータコット2 ラウンジャー 折り畳みベッド Converta Cot 折り畳みチェア 椅子 キャンプ バーベキュー リクライニング アウトドアベッド オーバーサイズ	Coleman		10990	shared_asin									
solo-camp-cot	3	cot-rank-3	0	amazonAsin	B0791VGXB1	https://www.amazon.co.jp/dp/B0791VGXB1	DOD ワイドキャンピングベッド コット ブラック CB1-100-BK 折りたたみ レジャー アウトドア キャンプ BBQ	DOD	CB1-100-BK	7898	OK									
solo-tent-beginner	1	bundok-solo-tipi-bdk75	1	amazonUrl		https://amzn.to/4fcOsFn	【在庫処分】【訳あり】【特価品】【送料無料】ソロティピー/BUNDOK(バンドック)/BDK-75/テント ソロ モノポールテント ワンポール ティピー型 ティピーテント ソロ 一人用 キャンプ アウトドア	ソロティピー/BUNDOK	BDK-75	4980	short_url									
solo-tent-beginner	2	bearsrock-hayabusa-ts201h	1	amazonUrl		https://amzn.to/4fd2yGx	【Bears Rock】ハヤブサテント スカート付もあり 登山 1〜2人用 コンパクト ツーリング 幅 長さ 45cm ドームテント ワンタッチテント テント 自立式 自立型 山登り ソロキャンプ 1人用 2人用 一人用 二人用 ツーリングテント ソロテント 自立 防災 キャンプ テント TS-201H	ハヤブサテント	TS-201H	14250	short_url									
solo-tent-beginner	3	bundok-solo-base-tc-bdk79	1	amazonUrl		https://amzn.to/4vzu3QV	【在庫処分】【訳あり】【特価品】【送料無料】ソロベース TC/BUNDOK(バンドック)/BDK-79/テント パップ型 パップテント ソロテント ソロキャンプ ミリタリー 軍幕 焚火 焚き火 ハーフシェルター	ソロベース	BDK-79	6980	short_url									
solo-tent-beginner	4	bundok-solo-dome-bdk08o	1	amazonUrl		https://amzn.to/4aQTx4M	【送料無料】ソロドーム/BUNDOK(バンドック)/BDK-08O/テント ソロドーム ソロテント 1人用 コンパクト ソロキャンプ フェス 防災 バイク ツーリング ドーム型 ミリタリー 軽量 コンパクト 耐風 耐水圧 撥水	ソロドーム/BUNDOK	BDK-08O	14800	short_url									
solo-tent-beginner	5	tomount-ny-tent	1	amazonUrl		https://amzn.to/4vVbnMq	【TOMOUNT公式】 TOMOUNT ソロテント 超軽量テント 1人用 2人用 ドームテント 20Dナイロン バックパックテント 二重層 耐水圧4000mm インナー付き 前室付き 日よけ 虫よけ 自立式 登山テント 自転車旅行 キャンプ テント アウトドアテント 2サイズあり【NY TENT】	TOMOUNT		19999	short_url									
solo-tent-lightweight	1	tomount-ny-tent	1	amazonUrl		https://amzn.to/4w3IOfk	TOMOUNT NY TENT 20D（NY TENT 1／1人用）	TOMOUNT		16999	short_url									
solo-tent-lightweight	2	pykes-peak-solo	1	amazonUrl		https://amzn.to/4b3Hcdo	PYKES PEAK ソロドーム（1人用）	PYKES		8980	short_url									
solo-tent-lightweight	3	bears-rock-hayabusa	1	amazonUrl		https://amzn.to/3SG9fcC	Bears Rock ハヤブサテント TS-201H	Bears	TS-201H	17650	short_url									
solo-tent-lightweight	4	fieldoor-onetouch100	1	amazonUrl		https://amzn.to/3QXHax1	FIELDOOR ワンタッチテント100	FIELDOOR		7150	short_url									
solo-tent-lightweight	5	bundok-solo-dome	1	amazonUrl		https://amzn.to/43S2xTh	BUNDOK ソロドーム BDK-08O	BUNDOK	BDK-08O	9800	short_url									
solo-tent-overall	1	solo-tent-rank-1	1	amazonUrl		https://amzn.to/4uWmXFV	【楽天1位】テント 一人用 ドームテント UVカット ソロテント ドーム型 耐水圧 1,500mm以上 シルバーコーティング メッシュ フルクローズテント キャノピー キャノピーテント インナーテント テントポール 簡易テント 軽量 FIELDOOR 1年保証 ★[送料無料]	テント		6930	short_url									
solo-tent-overall	2	solo-tent-rank-2	1	amazonUrl		https://amzn.to/4xJPIbi	OneTigris ポリコットンTC SOLO HOMESTEAD 煙突口あり キャンプテント ポール付き TCグランドシートあり 軍幕 ソロキャンプ 焚き火 1-2人用 グリーン ブラウン ブラック	OneTigris		42000	short_url									
solo-tent-overall	3	solo-tent-rank-3	1	amazonUrl		https://amzn.to/4uWmZh1	ソロベース TC/BUNDOK(バンドック)/BDK-79/テント パップ型 パップテント ソロテント ソロキャンプ ミリタリー 軍幕 焚火 焚き火 ハーフシェルター	ソロベース	BDK-79	6980	short_url									
solo-tent-overall	4	solo-tent-rank-4	1	amazonUrl		https://amzn.to/4uXr6JD	【在庫処分77%OFF】テント 2人用 1人用テント 前室後室あり 4000mm耐水圧 広い空間 コンパクト ソロテント キャンプテント ツーリングテント オールシーズン 簡単設営 軽量 UVカット 通気防風 アウトドア/登山/山岳/釣り/ピクニック/防災用 送料無料	テント		5680	short_url									
solo-tent-overall	5	solo-tent-rank-5	1	amazonUrl		https://amzn.to/4vZOlDD	【Bears Rock】ハヤブサテント 登山 1〜2人用 コンパクト ツーリング 幅 長さ 45cm ドームテント ワンタッチテント テント 自立式 自立型 山登り ソロキャンプ 1人用 2人用 一人用 二人用 ツーリングテント ソロテント 自立 防災 キャンプ テント TS-201H	ハヤブサテント	TS-201H	14250	short_url									
soto-burner	1	soto-windmaster	1	amazonUrl	B00K712YII	https://amzn.to/4xJAdAd	SOTO マイクロレギュレーターストーブ ウインドマスター SOD-310 4本ゴトクセット	SOTO	SOD-310	10620	short_url,both_forms									
soto-burner	2	soto-st310	1	amazonUrl	B077Q99XBS	https://amzn.to/4g0sYNV	SOTO レギュレーターストーブ ST-310	SOTO	ST-310	7480	short_url,both_forms									
soto-burner	3	soto-microtorch	1	amazonUrl		https://amzn.to/4oDDRHD	SOTO マイクロトーチ ACTIVE ST-486 充てん式 ガストーチ	SOTO	ST-486	2475	short_url									
soto-burner	4	soto-slidetorch	1	amazonUrl	B0C2C5NNCH	https://amzn.to/4uLKGZ5	SOTO スライドガストーチ ST-487 充てん式	SOTO	ST-487	2750	shared_asin,short_url,both_forms									
soto-burner	5	soto-fieldchucker	1	amazonUrl	B0FPVPKLBQ	https://amzn.to/4uLKHw7	SOTO フィールドチャッカー ST-Y451 パワートーチ	SOTO	ST-Y451	2990	short_url,both_forms									
soup-jar-camp	1	sj-iris-sfj300	0	amazonAsin	B07RLCX6JS	https://www.amazon.co.jp/dp/B07RLCX6JS	アイリスオーヤマ 真空断熱スープジャー SFJ-300 ネイビー(300ml)	アイリスオーヤマ	SFJ-300	1980	OK									
soup-jar-camp	2	sj-zojirushi-swla40	0	amazonAsin	B0FJXMKF34	https://www.amazon.co.jp/dp/B0FJXMKF34	象印 スープジャー SW-LA40 クラウドグレー(400ml)	象印	SW-LA40	3480	OK									
soup-jar-camp	3	sj-thermos-jed400	0	amazonAsin	B0D9XSW2FB	https://www.amazon.co.jp/dp/B0D9XSW2FB	サーモス 真空断熱スープジャー JED-400 0.4L グレーグリーン 食洗機対応	サーモス	JED-400	3188	OK									
soup-jar-camp	4	sj-atlas-afp301	0	amazonAsin	B0CDL2G2DZ	https://www.amazon.co.jp/dp/B0CDL2G2DZ	アトラス フードポット AFP-301 マットブラック(310ml)	アトラス	AFP-301	1380	OK									
soup-jar-camp	5	sj-deandeluca-300	0	none			DEAN&DELUCA スープポット 300ml ホワイト 保温 保冷 スープジャー	DEAN&DELUCA		2970	-									
spice-box	1	oregonian-pepperbox	0	amazonAsin	B07MX6K5Q2	https://www.amazon.co.jp/dp/B07MX6K5Q2	オレゴニアンキャンパー ペッパーボックス OCB-828 マルチカモ 調味料ケース 収納ポーチ	オレゴニアンキャンパー	OCB-828	3200	OK									
spice-box	2	coleman-spicebox	0	amazonAsin	B0BJP6SBQ2	https://www.amazon.co.jp/dp/B0BJP6SBQ2	Coleman(コールマン) 調味料入れ スパイスボックス	Coleman		2174	OK									
spice-box	3	yajin-mini	0	amazonAsin	B0C1PBZVYJ	https://www.amazon.co.jp/dp/B0C1PBZVYJ	YAJIN CRAFT スパイスボックス 超ミニ 5本収納タイプ	YAJIN		2980	asin_in_affiliate_url	YAJIN CRAFT スパイスボックス 調味料入れ キャンプ ソロキャンプ 超ミニ 収納ポーチ 調理器具 BBQ 5本容器 ULギア カーキ	2980	in_stock(cart) 残り17点 ご注文はお早めに 在庫状況 について	ok	0%	official	2026-09-21T21:53:45Z	campkit-20260921-36	YAJIN CRAFT 公式・超ミニ 5本容器（10ml×4+40ml×1）・型番SP-012・¥2,980=カード・レビュー186件≒カード185。Amazon の変種ラベルは Brown/mini（別変種に Ultra Mini あり）だがタイトル・本数・価格が一致
spice-box	4	yoshiki-bamboo	0	amazonAsin	B086PTNDMW	https://www.amazon.co.jp/dp/B086PTNDMW	良木工房(YOSHIKI) 竹製 スパイスボックス キッチンペーパーホルダー付き	良木工房		3280	OK									
spice-box	5	yogoto-gen3-black	0	amazonAsin	B099NJ82YB	https://www.amazon.co.jp/dp/B099NJ82YB	YOGOTO スパイスボックス 第三世代-黒 調味料ケース ランチボックス兼用	YOGOTO		1978	asin_in_affiliate_url	【YOGOTO】 スパイスボックス 調味料ケース ランチボックス キャンプ アウトドア BBQ (第三世代-黒)	2198	in_stock(cart) 在庫あり。 {"isInternal":false,"showInsightsH	ok	+11%	official	2026-09-21T21:53:49Z	campkit-20260921-36	YOGOTO 公式ストア・第三世代-黒 変種・25×18×13cm。¥2,198（カード¥1,978・+11%）
stove-fan	1	fieldoor-normal-4blade	0	amazonAsin	B09JNP1QC3	https://www.amazon.co.jp/dp/B09JNP1QC3	FIELDOOR ストーブファン ノーマルタイプ 4枚羽根 直径約18cm ブラック 本体のみ 加熱保護プレート付き 電源不要	FIELDOOR		2970	OK									
stove-fan	2	fieldoor-5blade-16cm	0	amazonAsin	B0HJC8TTP2	https://www.amazon.co.jp/dp/B0HJC8TTP2	FIELDOOR ストーブファン 5枚羽根 直径約16cm	FIELDOOR		4510	OK									
stove-fan	3	fieldoor-swing-19cm	0	amazonAsin	B0FN3GLN2K	https://www.amazon.co.jp/dp/B0FN3GLN2K	FIELDOOR ストーブファン 首振りタイプ 5枚羽根 直径約19cm	FIELDOOR		6490	OK									
stove-fan	4	fieldoor-mini-11cm	0	amazonAsin	B0F9D6KLMC	https://www.amazon.co.jp/dp/B0F9D6KLMC	FIELDOOR ストーブファン 6枚羽根 直径約11cm ミニサイズ	FIELDOOR		3300	OK									
stove-fan	5	regear-heatwavy2	0	amazonAsin	B0BPPBKQWK	https://www.amazon.co.jp/dp/B0BPPBKQWK	Re:Gear 首振りストーブファン HEAT WAVY 2.0（6枚羽 ブラック）	Re:Gear		9980	OK									
stove-guard	1	iris-fte-580n	0	amazonAsin	B0045EPJW6	https://www.amazon.co.jp/dp/B0045EPJW6	アイリスオーヤマ ファンヒーターガード 四方式 FTE-580N シルバー 幅48×奥行37cm	アイリスオーヤマ	FTE-580N	5480	OK									
stove-guard	2	iris-fdg-350fl	0	amazonAsin	B008ZX5KGI	https://www.amazon.co.jp/dp/B008ZX5KGI	アイリスオーヤマ ファンヒーター吹出し口ガード FDG-350FL シルバー 幅30〜46cm対応	アイリスオーヤマ	FDG-350FL	3980	OK									
stove-guard	3	iris-stg-580n	0	amazonAsin	B00426MLUA	https://www.amazon.co.jp/dp/B00426MLUA	アイリスオーヤマ ストーブガード 四方式 STG-580N シルバー 幅48×奥行38cm	アイリスオーヤマ	STG-580N	4980	OK									
stove-guard	4	iris-stg-750n	0	amazonAsin	B00426FAFI	https://www.amazon.co.jp/dp/B00426FAFI	アイリスオーヤマ ストーブガード 四方式 STG-750N シルバー 幅65×奥行45cm（大型）	アイリスオーヤマ	STG-750N	6480	OK									
stove-guard	5	iris-ss-850n	0	amazonAsin	B00FXHJHLI	https://www.amazon.co.jp/dp/B00FXHJHLI	アイリスオーヤマ ストーブガード 3方式 SS-850N シルバー FF式・煙突式対応 幅75×奥行40cm	アイリスオーヤマ	SS-850N	5980	OK									
stylish-camp-tent	1	tent-s-rank-1	0	none			5/6まで延長63%0FF！＼アレンジ自由自在の秘密基地／ GIMMICK (ギミック) パップテント m8 GM-TT3000 テント キャンプ アウトドア	5/6まで延長63%0FF！	GM-TT3000	20000	-									
stylish-camp-tent	2	tent-s-rank-2	0	amazonAsin	B088NSN12G	https://www.amazon.co.jp/dp/B088NSN12G	テント ワンタッチテント 完全遮光 ブラックコーティング フルクローズ 4人用 3人用 ワンタッチ おしゃれ ドームテント 折りたたみ 簡易テント 軽量 防水 キャンプ アウトドア ベランピング ソロキャンプ 公園	テント		6998	OK									
stylish-camp-tent	3	tent-s-rank-3	0	amazonAsin	B0BS5FL3XN	https://www.amazon.co.jp/dp/B0BS5FL3XN	ポップアップテント ワンタッチテント テント ポップアップ サンシェード おうちキャンプ 遮光 遮熱 海 海水浴 川 庭 公園 ベランピング ベランダ 室内 大人 子供 フルクローズ ピクニック 4人用 UVカット 持ち運び便利	ポップアップテント		6990	OK									
stylish-camp-tent	4	tent-s-rank-4	0	amazonAsin	B0CDGTQ9FW	https://www.amazon.co.jp/dp/B0CDGTQ9FW	Naturehike Village 6.0 ワンタッチテント ロッジ型 Ti BLACK 前室付き 2-4人用 UPF11000+ ポール付き 二重層 自立式 耐水圧2000mm	Naturehike		39990	OK									
stylish-camp-tent	5	tent-s-rank-5	0	none			ワンタッチテント フルクローズ 4人用 3人用 テント ワンタッチ ファミリー 公園 ドームテント おしゃれ ビーチテント 折りたたみ 簡易テント 簡単 軽量 uvカット キャンプ アウトドア レジャー バーベキュー ベランピング	ワンタッチテント		7999	-									
takibi-table	1	uniflame-682104	0	amazonAsin	B000B5WLVU	https://www.amazon.co.jp/dp/B000B5WLVU	ユニフレーム 焚き火テーブル 682104	ユニフレーム		8800	OK									
takibi-table	2	pykespeak-rack	0	amazonAsin	B0F48HBYBQ	https://www.amazon.co.jp/dp/B0F48HBYBQ	PYKES PEAK キャンプラック 3セット P0078CRCK3-BLK-3SET ブラック キャンプラックのみ 焚き火テーブル 折りたたみ	PYKES	P0078CRCK3-BLK-3SET	5680	OK									
takibi-table	3	campingmoon-table	0	amazonAsin	B019IGM2DO	https://www.amazon.co.jp/dp/B019IGM2DO	キャンピングムーン 耐熱 焚き火テーブル	キャンピングムーン		2180	OK									
takibi-table	4	yoler-mesh	0	none			YOLER 焚き火テーブル マルチスタンド メッシュ	YOLER		3890	-									
takibi-table	5	bundok-bd274	0	amazonAsin	B0DR2VHZZL	https://www.amazon.co.jp/dp/B0DR2VHZZL	BUNDOK マルチ焚き火テーブル II BD-274	BUNDOK	BD-274	11000	OK									
tarp-pole	1	vastland-pole-33	0	none			VASTLAND タープポール テントポール アルミ 2本セット 280cm 直径33mm 8段階調節 収納バッグ付き	VASTLAND		6480	-									
tarp-pole	2	fielddoor-pole-28	0	amazonAsin	B08QHWM6HB	https://www.amazon.co.jp/dp/B08QHWM6HB	FIELDOOR 伸縮式アルミテントポール 直径28mm 2本セット ブラック 高さ89〜230cm スライド伸縮式 無段階調整 タープポール	FIELDOOR		3300	OK									
tarp-pole	3	soomloom-pole-28	0	amazonAsin	B083SDHHFX	https://www.amazon.co.jp/dp/B083SDHHFX	Soomloom タープポール テントポール アルミ製 2本セット 直径28mm 高さ60〜240cm 4段階調整 レッド ビッグタープ対応	Soomloom		4464	OK									
tarp-pole	4	fielddoor-pole-32	0	amazonAsin	B097T1MC2P	https://www.amazon.co.jp/dp/B097T1MC2P	FIELDOOR 伸縮式アルミテントポール 直径32mm 2本セット ブラック 高さ80〜250cm スライド伸縮式 無段階調整 タープポール	FIELDOOR		3960	OK									
tarp-pole	5	futurefox-pole	0	amazonAsin	B0F59BPR3C	https://www.amazon.co.jp/dp/B0F59BPR3C	FUTURE FOX 伸縮ポール 2本セット 【ミニ】170cm-220cm φ26.5 ブラック アルミ製 プッシュボタン式 目盛付き 収納袋付き タープポール	FUTURE	170CM-220CM	7980	OK									
tc-tarp-takibi	1	soomloom-adranus-recta	0	amazonAsin	B08GC7FVT4	https://www.amazon.co.jp/dp/B08GC7FVT4	Soomloom Adranus レクタタープ TCポリコットン 3.0m×3.85m	Soomloom		14500	OK									
tc-tarp-takibi	2	vastland-tc-recta-l	0	amazonAsin	B0BHHNYGHR	https://www.amazon.co.jp/dp/B0BHHNYGHR	VASTLAND TCレクタタープ スクエア型 Lサイズ 500cm×500cm VL-TRT-L-TAN タン ポリコットン 難燃素材 ペグ 自在ロープ 収納袋付き	VASTLAND		19980	OK									
tc-tarp-takibi	3	dod-okura-tarp-tn	0	amazonAsin	B07NNSF1D7	https://www.amazon.co.jp/dp/B07NNSF1D7	DOD オクラタープ TT8-583-TN（タン）ポリコットン 5.1×5.1m	DOD	TT8-583-TN	17600	shared_asin									
tc-tarp-takibi	4	goglamping-hengen-tc	0	none			GOGlamping HENGEN+ スクエアタープTC 2.95m アーミーグリーン 正方形タープ ポリコットン 19箇所ループ 焚き火可	GOGlamping		8082	-									
tc-tarp-takibi	5	unigear-hexa-tc	0	none			unigear ヘキサタープ TCポリコットン rk0042 320*290cm グリーン 5m延長ベルト付き 焚火タープ 防水 軽量	unigear	RK0042	6880	-									
tent-size-beginner-guide	1	ts-bundok-solo-dome	1	amazonUrl		https://amzn.to/43S2xTh	BUNDOK ソロドーム BDK-08O	BUNDOK	BDK-08O	9800	short_url									
tent-size-beginner-guide	2	ts-coleman-touring-dome-lx	1	amazonAsin	B08P589XPT	https://www.amazon.co.jp/dp/B08P589XPT	コールマン ツーリングドームLX	コールマン		19799	shared_asin									
tent-size-beginner-guide	3	ts-coleman-bc-crossdome-270	1	amazonAsin	B08QS2P24F	https://www.amazon.co.jp/dp/B08QS2P24F	コールマン BCクロスドーム/270 ファミリーテント ドームテント 4人用 5人用 2000038429	コールマン	2000038429	19980	shared_asin									
tent-waterproof-spray	1	saphir-super-water-repellent	0	none			SAPHIR 超撥水スプレー 300ml 撥水効果3ヶ月 衣類 靴 バッグ アウトドア テント キャンプ用品	SAPHIR		2970	-									
tent-waterproof-spray	2	logos-power-waterproof-spray	0	amazonAsin	B0CNX4HCPX	https://www.amazon.co.jp/dp/B0CNX4HCPX	LOGOS（ロゴス） 強力防水スプレー 420ml 84960001 テント タープ 撥水剤	LOGOS	84960001	1375	OK									
tent-waterproof-spray	3	yazawa-waterproof-spray	0	amazonAsin	B00KBNUSI0	https://www.amazon.co.jp/dp/B00KBNUSI0	YAZAWA 防水スプレー 420ml 1本 大容量 テント バッグ 革製品兼用	YAZAWA		2200	OK									
tent-waterproof-spray	4	evoon-neotect	0	amazonAsin	B0B38QLNP1	https://www.amazon.co.jp/dp/B0B38QLNP1	Evoon 防水スプレー NEOTECT 300ml 合皮 スウェード テント キャンプ対応	Evoon		2200	OK									
tent-waterproof-spray	5	kaminaga-waterproof-spray-2set	0	none			カミナガ 防水スプレー 420ml×2本セット 撥水 テント スキー スノボ 皮革製品対応	カミナガ		2530	-									
tent-wood-stove	1	honma-rs41-cooking	0	amazonAsin	B001GLYE6I	https://www.amazon.co.jp/dp/B001GLYE6I	ホンマ製作所 クッキングストーブ 釜戸時計型 RS-41	ホンマ製作所	RS-41	13006	shared_asin									
tent-wood-stove	2	honma-clock1-glass	0	none			ホンマ製作所 時計1型 薪ストーブ ガラス窓付き	ホンマ製作所		8980	-									
tent-wood-stove	3	honma-stainless-clock1-set	0	amazonAsin	B0012OP8IW	https://www.amazon.co.jp/dp/B0012OP8IW	ホンマ製作所 ステンレス時計1型薪ストーブセット	ホンマ製作所		17238	OK									
tent-wood-stove	4	honma-arata-ar360	0	amazonAsin	B0049E1T2Q	https://www.amazon.co.jp/dp/B0049E1T2Q	ホンマ製作所 燃焼工房 煙突付き AR-360	ホンマ製作所	AR-360	17800	OK									
tent-wood-stove	5	honma-rm410-leisure	0	amazonAsin	B001GLWMSU	https://www.amazon.co.jp/dp/B001GLWMSU	ホンマ製作所 レジャーカマド 薪ストーブ RM-410	ホンマ製作所	RM-410	10800	OK									
thermal-bottle	1	tb-thermos-2way	0	amazonAsin	B0DTYDK7JM	https://www.amazon.co.jp/dp/B0DTYDK7JM	サーモス 水筒 2wayコップ付き 600ml パープルピンク FJJ-602WF	サーモス	2WAY FJJ-602WF	4700	OK									
thermal-bottle	2	tb-tiger-sahara	0	amazonAsin	B013OKS0M2	https://www.amazon.co.jp/dp/B013OKS0M2	タイガー 真空断熱ボトル SAHARA MMJ-S048 480mL パールホワイト（WJ） 軽量 ワンプッシュ 直飲み	タイガー	MMJ-S048	2280	OK									
thermal-bottle	3	tb-zojirushi-seamless	0	amazonAsin	B0CQTMQS61	https://www.amazon.co.jp/dp/B0CQTMQS61	象印 シームレス ステンレスボトル SM-VB60-BM 600ml ソフトブラック 直飲み ワンタッチ	象印	SM-VB60-BM	3220	OK									
thermal-bottle	4	tb-atlas-tempeak	0	amazonAsin	B09QM4DSPP	https://www.amazon.co.jp/dp/B09QM4DSPP	アトラス 超保温ボトル TEMPEAK ATPB-530BK 530ml ブラック コップ付き 真空断熱	アトラス	ATPB-530BK	2898	OK									
thermal-bottle	5	tb-stanley-classic	0	amazonAsin	B000FZX93U	https://www.amazon.co.jp/dp/B000FZX93U	スタンレー クラシック 真空ボトル 1.9L	スタンレー		6990	OK									
titanium-cooker	1	snowpeak-trek900	0	amazonAsin	B000AR2N3K	https://www.amazon.co.jp/dp/B000AR2N3K	スノーピーク チタントレック900 SCS-008T ソロ クッカー コッヘル	スノーピーク	SCS-008T	5940	OK									
titanium-cooker	2	snowpeak-personal-cooker-020t	0	amazonAsin	B000AR2N4O	https://www.amazon.co.jp/dp/B000AR2N4O	スノーピーク チタンパーソナルクッカーセット SCS-020T 永久保証	スノーピーク	SCS-020T	10428	OK									
titanium-cooker	3	titanmania-750-pot	0	amazonAsin	B08XMDC7RF	https://www.amazon.co.jp/dp/B08XMDC7RF	TITAN MANIA(チタンマニア) クッカー チタン製 750ml 蓋付き 折りたたみハンドル	TITAN		3401	OK									
titanium-cooker	4	evernew-solo-set-750	0	amazonAsin	B09VK4FXSK	https://www.amazon.co.jp/dp/B09VK4FXSK	EVERNEW(エバニュー) Ti U.L. Solo set 750 ECA540 ソロクッカーセット	EVERNEW	ECA540	7700	OK									
titanium-cooker	5	evernew-mugpot-900	0	amazonAsin	B09TNTZV8S	https://www.amazon.co.jp/dp/B09TNTZV8S	EVERNEW(エバニュー) Ti マグポット 900 ECA539	EVERNEW	ECA539	7260	OK									
titanium-mug	1	tm-waq-450	0	amazonAsin	B07L6H367Y	https://www.amazon.co.jp/dp/B07L6H367Y	WAQ チタンマグカップ 450ml	WAQ		3680	shared_asin									
titanium-mug	2	tm-snowpeak-450	0	amazonAsin	B06XX4G5XT	https://www.amazon.co.jp/dp/B06XX4G5XT	スノーピーク チタンシングルマグ 450	スノーピーク		3520	OK									
titanium-mug	3	tm-hikinglife-300	0	amazonAsin	B0D1GJ2Y7T	https://www.amazon.co.jp/dp/B0D1GJ2Y7T	Hiking Life チタンマグカップ 300ml	Hiking		2780	OK									
titanium-mug	4	tm-fielddoor-450	0	amazonAsin	B08C9SJY91	https://www.amazon.co.jp/dp/B08C9SJY91	FIELDOOR チタンマグカップ ふた付 450ml	FIELDOOR		2420	OK									
titanium-mug	5	tm-pykespeak-junchitan	0	none			PYKES PEAK 純チタンマグ P0227TM211 210ml マグのみ 1個セット 日本製 直火OK シングルウォール	PYKES	P0227TM211	1000	-									
torch-burner	1	soto-microtorch-active	1	none			SOTO（新富士バーナー）マイクロトーチ アクティブ ACTIVE RZ-522 横型	SOTO	RZ-522	2750	-									
torch-burner	2	iwatani-torch-2	1	none			イワタニ カセットガス アウトドア トーチバーナー II CB-TC-ODORP	イワタニ		2750	-									
torch-burner	3	soto-fieldchucker-760	1	none			SOTO（新富士バーナー）フィールドチャッカー ST-760 パワートーチ	SOTO	ST-760	3290	-									
torch-burner	4	soto-slidetorch-487	1	amazonAsin	B0C2C5NNCH	https://www.amazon.co.jp/dp/B0C2C5NNCH	SOTO スライドガストーチ ST-487 充てん式	SOTO	ST-487	2750	shared_asin									
torch-burner	5	iwatani-aburi-2	1	amazonAsin	B0F28JL356	https://www.amazon.co.jp/dp/B0F28JL356	イワタニ クッキングトーチバーナー 炙りの達人II CB-TC-CKWHP 料理用	イワタニ		3280	OK									
trekking-pole	1	dabada-carbon-pole	0	amazonAsin	B006DFKW9K	https://www.amazon.co.jp/dp/B006DFKW9K	DABADA カーボントレッキングポール 2本セット 175g シルバー	DABADA		6380	OK									
trekking-pole	2	hikinglife-carbon-pole	0	none			HikingLife カーボン折りたたみトレッキングポール 2本セット レギュラーサイズ	HikingLife		8980	-									
trekking-pole	3	dabada-folding-pole	0	amazonAsin	B0H6W6JDRF	https://www.amazon.co.jp/dp/B0H6W6JDRF	DABADA 3段折りたたみ式トレッキングポール カーキ 215g 2本セット	DABADA		5500	OK									
trekking-pole	4	thebestday-alumi-pole	0	none			TheBestDay A7075アルミ トレッキングポール 260g 2本セット	TheBestDay		4980	-									
trekking-pole	5	blackdiamond-trail	0	amazonAsin	B0DZCGHRNM	https://www.amazon.co.jp/dp/B0DZCGHRNM	Black Diamond トレイル BD82505 アルミ I字グリップ	Black	BD82505	17500	OK									
two-room-tent-guide	1	fielddoor-620	0	amazonUrl		https://amzn.to/4oJHjkj	FIELDOOR トンネルテント620 260cm×620cm 2ルームテント 4〜8人用 ダークブラウン：標準タイプ 基本セット/インナーテント×1 遮熱 UVカット 前室付き	FIELDOOR		28710	short_url									
two-room-tent-guide	2	quickcamp-kurve	0	amazonUrl		https://amzn.to/4w3gI3Y	クーヴァ KURVE 2ルーム トンネルテント 大型 5人用 サンド QC-KURVE SD ドームテント ドーム型テント 2ルームテント キャンプテント 家族 クイックキャンプ QUICKCAMP 春レジャー	クーヴァ		53480	short_url									
two-room-tent-guide	3	naturehike-the-hills-1ldk	0	amazonUrl		https://amzn.to/4aMfzFH	Naturehike The hills 1LDK CNK2300ZP017 2人用 ツールームテント 前室付き 耐水圧2000mm 煙突穴 スカート付き オールシーズン	Naturehike	1LDK CNK2300ZP017	39990	short_url									
two-room-tent-guide	4	tomount-triarc-v4	0	amazonUrl		https://amzn.to/4gBn71Z	【TOMOUNT公式】TOMOUNT テント 2ルーム トンネルテント 防水 シルバーコーティング ファミリーテント サイドウォール付き キャンプ テント 4人用 耐水圧2500mm ツールームテント 日よけ 通気 コンパクト 収納袋付き 500x310x195cm 【TriArc Tunnel Tent V4】	TOMOUNT	500X310X195CM	39999	short_url									
two-room-tent-guide	5	tansu-2room-340	0	amazonUrl		https://amzn.to/3QRpT8G	タンスのゲン ツールームテント 幅340cm 4〜6人用 アッシュグレー テント単品 サイドウォール キャノピーポール インナーテント	タンスのゲン		29999	short_url									
uniflame-burner	1	uniflame-us1900	0	amazonAsin	B017973NPK	https://www.amazon.co.jp/dp/B017973NPK	ユニフレーム ツインバーナー US-1900 610305	ユニフレーム	US-1900	24750	OK									
uniflame-burner	2	uniflame-usd2	0	amazonAsin	B085Y1CY5H	https://www.amazon.co.jp/dp/B085Y1CY5H	ユニフレーム テーブルトップバーナー US-D2 610107	ユニフレーム	US-D2	14300	OK									
uniflame-burner	3	uniflame-uss	0	amazonAsin	B01D58468K	https://www.amazon.co.jp/dp/B01D58468K	ユニフレーム セパレートバーナー US-S 610077	ユニフレーム		5270	OK									
uniflame-fire-grill	1	uniflame-firegrill	0	amazonAsin	B000AR5Y90	https://www.amazon.co.jp/dp/B000AR5Y90	ユニフレーム ファイアグリル 683040	ユニフレーム		7920	shared_asin									
uniflame-fire-grill	2	uniflame-solo	0	amazonAsin	B085Y1KHLC	https://www.amazon.co.jp/dp/B085Y1KHLC	ユニフレーム ファイアグリルsolo 683095	ユニフレーム		5940	OK									
uniflame-fire-grill	3	uniflame-set	0	amazonAsin	B00CXKVK0Y	https://www.amazon.co.jp/dp/B00CXKVK0Y	ユニフレーム ファイアグリル＋収納ケース 2点セット 683040+683187	ユニフレーム		9500	OK									
uniflame-fire-grill	4	uniflame-rostle	0	amazonAsin	B000SXPWL6	https://www.amazon.co.jp/dp/B000SXPWL6	ユニフレーム ファイアグリル ヘビーロストル 683118	ユニフレーム		4620	OK									
uniflame-fire-grill	5	uniflame-case	0	amazonAsin	B003DSUODY	https://www.amazon.co.jp/dp/B003DSUODY	ユニフレーム ファイアグリル収納ケース 683187	ユニフレーム		2640	OK									
vastland-tent	1	vastland-tunnel-m	0	amazonAsin	B0CCX96HHR	https://www.amazon.co.jp/dp/B0CCX96HHR	VASTLAND トンネルテント Mサイズ 5人用 VL-TTT-M-TAN タン ファミリーテント 前室 キャノピー メッシュドア スカート付き	VASTLAND		69800	OK									
vastland-tent	1	vastland-groundsheet	0	amazonAsin	B0CLJ9516Y	https://www.amazon.co.jp/dp/B0CLJ9516Y	VASTLAND グランドシート テントシート 耐水圧5,000mm 無段階調節コード	VASTLAND		2480	OK									
vastland-tent	2	vastland-2room-dome	0	amazonAsin	B0C9P7V9YX	https://www.amazon.co.jp/dp/B0C9P7V9YX	VASTLAND 2ルームドームテント Mサイズ 5人用 簡単設営 シェルター ファミリーテント	VASTLAND		39800	OK									
vastland-tent	3	vastland-tunnel-s	0	amazonAsin	B0CCXP96LS	https://www.amazon.co.jp/dp/B0CCXP96LS	VASTLAND トンネルテント Sサイズ 3人用 VL-TTT-S-TAN タン ファミリーテント 前室 キャノピー メッシュドア スカート付き	VASTLAND		54800	OK									
vastland-tent	4	vastland-tc-teepee	0	amazonAsin	B0CFX7DX48	https://www.amazon.co.jp/dp/B0CFX7DX48	VASTLAND TCティピーテント ソロ 1人用 VL-TTST-S-TAN タン ポリコットン ワンポールテント 二又化キャップ 前室 スカート ベンチレーション付き	VASTLAND		29800	OK									
waq-chair	1	waq-rlc1	0	amazonAsin	B0CGVN1DVG	https://www.amazon.co.jp/dp/B0CGVN1DVG	WAQ リクライニングローチェア WAQ-RLC1 BLACK(ブラック) 折りたたみチェア アウトドアチェア	WAQ	WAQ-RLC1	8980	OK									
waq-chair	2	waq-fwc1	0	amazonAsin	B0B6BK85DZ	https://www.amazon.co.jp/dp/B0B6BK85DZ	WAQ フォールディングウッドチェア WAQ-FWC1 TAN(タン) 木製チェア コンパクトチェア 折りたたみ	WAQ	WAQ-FWC1	11800	OK									
waq-chair	3	waq-rlc1hb	0	amazonAsin	B0GHVZVHQ3	https://www.amazon.co.jp/dp/B0GHVZVHQ3	WAQ リクライニングローチェア ハイバック WAQ-RLC1HB BLACK(ブラック) アイアン ドリンクホルダー付き	WAQ	WAQ-RLC1HB	9980	OK									
waq-chair	4	waq-rcc1	0	none			WAQ リラクシング コンフォートチェア リクライニングチェア 無段階調整 ハイタイプ ハイバック	WAQ		12800	-									
waq-chair	5	waq-rlc2	0	none			WAQ リクライニングローチェア 2脚セット WAQ-RLC2 BLACK 同色2個セット アイアン ドリンクホルダー付き	WAQ	WAQ-RLC2	17460	-									
washable-sleeping-bag	1	logos-slumber-washable	0	amazonAsin	B07956Y179	https://www.amazon.co.jp/dp/B07956Y179	ロゴス(LOGOS) 丸洗いスランバーシュラフ 寝袋	ロゴス		6930	OK									
washable-sleeping-bag	2	coleman-multilayer-washable	0	amazonAsin	B07M7D4Y5D	https://www.amazon.co.jp/dp/B07M7D4Y5D	Coleman(コールマン) マルチレイヤースリーピングバッグ/コットンバッグ	Coleman		14278	shared_asin									
washable-sleeping-bag	3	logos-fluffy-washable	0	amazonAsin	B08BX7K3HY	https://www.amazon.co.jp/dp/B08BX7K3HY	ロゴス(LOGOS) 丸洗いやわらかあったかシュラフ	ロゴス		9790	OK									
washable-sleeping-bag	4	snugpak-basecamp-washable	0	amazonAsin	B0DGBMK8M4	https://www.amazon.co.jp/dp/B0DGBMK8M4	Snugpak(スナグパック) ベースキャンプ スリープシステム SP11707DO デザートタン×オリーブ スクエア ライトジップ 寝袋 シュラフ	Snugpak	SP11707DO	18150	OK									
washable-sleeping-bag	5	nanga-zzz-bag-10	0	amazonAsin	B0FGCW43KW	https://www.amazon.co.jp/dp/B0FGCW43KW	[ナンガ] NANGA ZZZ BAG 10 寝袋	NANGA		11190	OK									
water-jug	1	wj-fieldoor-15l	0	amazonAsin	B08TQLQKHX	https://www.amazon.co.jp/dp/B08TQLQKHX	FIELDOOR 折りたたみ ウォータータンク 15L 蛇口コック付き 給水袋 ウォータージャグ	FIELDOOR		1650	OK									
water-jug	2	wj-allegia	0	none			ALLEGiA アレジア アイスコンテナ AR-VICB18 1.8L シルバー×ブラック 真空断熱 ステンレス ジャグ	ALLEGiA	AR-VICB18	5980	-									
water-jug	3	wj-vastland	0	amazonAsin	B0CTQ5JLJM	https://www.amazon.co.jp/dp/B0CTQ5JLJM	VASTLAND アイスコンテナ 1.9L シルバー キャンプ用 氷入れ 水筒 保冷 真空断熱	VASTLAND		3980	OK									
water-jug	4	wj-fieldoor-38	0	amazonAsin	B0C9BXFFMH	https://www.amazon.co.jp/dp/B0C9BXFFMH	FIELDOOR アイスコンテナ 3.8L マットブラック ステンレス 真空断熱 広口 ウォータージャグ	FIELDOOR		4950	OK									
water-jug	5	wj-livingut	0	none			ウォータータンク 10L コック付き ポリタンク 給水タンク 防災用	ウォータータンク		2180	-									
waterproof-backpack	1	zettai-nurenai	0	amazonAsin	B07PX8SH28	https://www.amazon.co.jp/dp/B07PX8SH28	ラドウェザー 絶対に濡れない 防水リュック ブラック×ホワイト 大容量 アウトドア対応 リフレクター付き	ラドウェザー		3980	OK									
waterproof-backpack	2	tousen-daiyouryou	0	none			tousen 登山リュック 40L ラークブルー 大容量 バックパック 防水 軽量 多機能 キャンプ用リュック	tousen		3852	-									
waterproof-backpack	3	taotech-drybag	0	amazonAsin	B07VV1JL9D	https://www.amazon.co.jp/dp/B07VV1JL9D	TaoTech 防水バッグ ドライバッグ 30L ブラック 2Way 多機能 完全防水	TaoTech	2WAY	4980	OK									
waterproof-backpack	4	coleman-shield30	0	amazonAsin	B08KH1J62F	https://www.amazon.co.jp/dp/B08KH1J62F	コールマン シールド30 リュック バックパック 30L 防水 撥水 2000037785	コールマン	2000037785	8049	OK									
waterproof-backpack	5	mthappy-25l	0	none			Mt.happy 防水リュック 25L ブラック ウォータープルーフバッグ PVC	Mt.happy		2290	-									
winter-camp-gloves	1	lad-weather-main	0	amazonAsin	B09MQ8PWMJ	https://www.amazon.co.jp/dp/B09MQ8PWMJ	ラドウェザー LAD WEATHER 防寒手袋 完全防水 3M高級中綿 スマートフォン対応 すべり止め	ラドウェザー		1480	shared_asin									
winter-camp-gloves	2	temres-01winter	0	amazonAsin	B07YM1MWFL	https://www.amazon.co.jp/dp/B07YM1MWFL	ショーワグローブ テムレス 01WINTER TEMRES01WIN 完全防水 防寒グローブ ブラック S	ショーワグローブ	01WINTER TEMRES01WIN	2229	OK									
winter-camp-gloves	3	boukan-uragebana	0	none			防寒手袋 スマホ対応 撥水 裏起毛 保温 防風 すべり止め 裏フリース ブラック	防寒手袋		2050	-									
winter-camp-gloves	4	silvabond-leather	0	none			SILVABOND 山羊革 耐熱手袋 ベージュ カラビナ付き キャンプ グローブ 本革 耐熱3層構造 焚き火 BBQ 防寒兼用	SILVABOND		2680	-									
winter-camp-gloves	5	lad-weather-alt	0	none			ラドウェザー LAD WEATHER 完全防水 3M高級中綿 手袋 スマートフォン対応 すべり止め	ラドウェザー		1480	-									
winter-camp-guide	1	wg-mat	0	amazonAsin	B005I6R0WC	https://www.amazon.co.jp/dp/B005I6R0WC	サーマレスト Zライトソル R シルバー/レモン 30670 51×183cm	サーマレスト		11550	shared_asin									
winter-camp-guide	2	wg-tent	0	amazonAsin	B0963BHF7M	https://www.amazon.co.jp/dp/B0963BHF7M	OneTigris SOLO HOMESTEAD ポリコットンTC ブラウン 1〜2人用（煙突口付き）	OneTigris		46200	shared_asin									
winter-camp-guide	3	wg-oil-stove	0	amazonAsin	B0G1YDBHCD	https://www.amazon.co.jp/dp/B0G1YDBHCD	ALPACA(アルパカ) プラス ストーブ TS-77NC	ALPACA	TS-77NC	29920	shared_asin									
winter-camp-guide	4	wg-gas-heater	0	amazonAsin	B0FN821Y16	https://www.amazon.co.jp/dp/B0FN821Y16	イワタニ カセットガスストーブ デカ暖3 CB-STV-DKD3	イワタニ	CB-STV-DKD3	21700	shared_asin									
winter-camp-guide	5	wg-wood-stove	0	amazonAsin	B001GLYE6I	https://www.amazon.co.jp/dp/B001GLYE6I	ホンマ製作所 クッキングストーブ 釜戸時計型 RS-41	ホンマ製作所	RS-41	13006	shared_asin									
winter-camp-guide	6	wg-elec-blanket	0	none			KLIFE 電気毛布 ひざ掛け D01-4GY グレー 30000mAhバッテリー付き 掛け着る両用 ヒーター7枚内蔵 3段階調温 USB/DC 丸洗い可	KLIFE	D01-4GY	5980	-									
winter-camp-guide	7	wg-hot-carpet	0	amazonAsin	B0FHVRNHCT	https://www.amazon.co.jp/dp/B0FHVRNHCT	山善 ホットカーペット SUT-102 1畳 170×85cm 本体	山善	SUT-102	6980	shared_asin									
winter-camp-guide	8	wg-sleeping-bag	0	amazonUrl		https://amzn.to/4uNCrvF	Bears Rock -30度 封筒型 ワイド 洗える寝袋 FX-503W チョコブラウン 布団のような寝心地 丸洗い 冬用 車中泊	Bears	FX-503W	17250	short_url									
winter-camp-guide	9	wg-hot-water	0	amazonAsin	B005SKARC8	https://www.amazon.co.jp/dp/B005SKARC8	マルカ 湯たんぽ Aエース 2.5L AF-25（直火・IH対応・袋付き）	マルカ	AF-25	2897	shared_asin									
winter-camp-guide	10	wg-gloves	0	amazonAsin	B09MQ8PWMJ	https://www.amazon.co.jp/dp/B09MQ8PWMJ	ラドウェザー LAD WEATHER 防寒手袋 完全防水 3M高級中綿 スマートフォン対応	ラドウェザー		1480	shared_asin									
winter-camp-guide	11	wg-blanket	0	amazonAsin	B093BJS888	https://www.amazon.co.jp/dp/B093BJS888	OneTigris ダウンブランケット 195×135cm グリーン	OneTigris		9559	shared_asin									
winter-camp-guide	12	wg-thermal-bottle	0	amazonAsin	B0DTY13ZCZ	https://www.amazon.co.jp/dp/B0DTY13ZCZ	サーモス 水筒 2wayコップ付き 600ml パープルピンク FJJ-602WF	サーモス	2WAY FJJ-602WF	4700	shared_asin									
winter-camp-guide	13	wg-co-checker	0	none			echlife 一酸化炭素チェッカー J108 ブラック キャンプ用 日本語音声 手動ON/OFF 乾電池式	echlife	J108	2384	-									
winter-camp-tent	1	onetigris-solo-homestead-tc	0	amazonAsin	B0963BHF7M	https://www.amazon.co.jp/dp/B0963BHF7M	OneTigris SOLO HOMESTEAD ポリコットンTC ブラウン 1〜2人用（煙突口付き）	OneTigris		46200	shared_asin									
winter-camp-tent	2	tentmark-circustc-dxplus	0	amazonAsin	B09ZH9W52Z	https://www.amazon.co.jp/dp/B09ZH9W52Z	テンマクデザイン サーカスTC DX+ ベージュ 2〜4人用	テンマクデザイン		36080	shared_asin									
winter-camp-tent	3	tomount-bell-tent-m	0	amazonAsin	B09GFK52HD	https://www.amazon.co.jp/dp/B09GFK52HD	TOMOUNT ベルテント TC Mサイズ(4×4×2.5m) ベージュ	TOMOUNT		56999	OK									
winter-camp-tent	4	onetigris-raven-nest	0	amazonAsin	B0FRFXL116	https://www.amazon.co.jp/dp/B0FRFXL116	OneTigris RAVEN NEST トンネルテント 2人用 ブラウン	OneTigris		40590	OK									
winter-camp-tent	5	goglamping-gg-pup2	0	none			GOGlamping G・G PUP 2.0 パップテント TC NMT1-341 サンドベージュ 1人用 軍幕 メッシュ/耐熱シート三角窓 焚き火可 薪ストーブ対応	GOGlamping	NMT1-341	17982	-									
wooden-tableware	1	fuji-acacia-lunch-plate-2	0	amazonAsin	B00ENSNSE0	https://www.amazon.co.jp/dp/B00ENSNSE0	不二貿易 アカシア 木製食器 ランチプレート 2つ仕切り 幅28×奥行21.5×高さ2.5cm	不二貿易		1110	OK	不二貿易 アカシア 木製食器 ランチプレート ワンプレート 仕切り皿 2つ仕切り 長方形 割れにくい 軽量 ハンドメイド 天然木 30149	1110	in_stock(cart) 在庫あり。 在庫状況 について	ok	0%	amazon	2026-09-21T21:53:53Z	campkit-20260921-36	不二貿易 30149・レクタングル/2つ仕切り・28×21.5×2.5cm 一致・¥1,110=カード・Amazon.co.jp 販売
wooden-tableware	2	fuji-acacia-salad-bowl-20	0	amazonAsin	B00ENA16HE	https://www.amazon.co.jp/dp/B00ENA16HE	不二貿易 アカシア 木製食器 サラダボウル 幅20×奥行20×高さ7.5cm	不二貿易		1554	OK									
wooden-tableware	3	captainstag-wood-curry-plate-17	0	amazonAsin	B09BJFL6B7	https://www.amazon.co.jp/dp/B09BJFL6B7	キャプテンスタッグ 木製食器 ハンドル付きカレー皿 17cm	キャプテンスタッグ		2220	OK									
wooden-tableware	4	kuning-wood-tray-small	0	amazonAsin	B07JHGW3HN	https://www.amazon.co.jp/dp/B07JHGW3HN	K-UNING 木製トレー小 長さ17.4cm ナチュラル	K-UNING		1700	OK									
wooden-tableware	5	fuji-acacia-7pcs-set	0	amazonAsin	B009SIX3HM	https://www.amazon.co.jp/dp/B009SIX3HM	不二貿易 アカシア 木製食器 7点セット ラウンドタイプ	不二貿易		2889	OK									
