platform	key	product_name	articles	article_count	ranks
amazon	B00005OHH3	ランドポート キャリー・ザ・サン SMALL ウォームホワイト	solar-lantern	1	3
amazon	B000231AXG	キャメロンズ ミニスモーカー Camerons	camp-smoker	1	3
amazon	B000AQXZME	イワタニプリムス P-153 ウルトラバーナー シングルバーナー	iwatani-stove	1	2
amazon	B000AR1KGQ	SOTO 燻家（スモークハウス）ST-114	camp-smoker	1	2
amazon	B000AR2N4O	スノーピーク チタンパーソナルクッカーセット SCS-020T 永久保証	titanium-cooker	1	2
amazon	B000AR2OBQ	スノーピーク ペグハンマー PRO.S N-002	peg-hammer	1	2
amazon	B000AR2P1A	スノーピーク チタンシェラカップ E-104	camp-gift;sierra-cup	2	1;1
amazon	B000AR4TJQ	キャプテンスタッグ アルミロールテーブル コンパクト M-3713 ローテーブル	captain-stag-table	1	1
amazon	B000AR5Y90	ユニフレーム(UNIFLAME) ファイアグリル	low-style-bonfire;uniflame-fire-grill	2	3;1
amazon	B000B5WLVU	ユニフレーム 焚き火テーブル 682104	takibi-table	1	1
amazon	B000BSCA5E	キャプテンスタッグ CAPTAIN STAG オーリック 小型 ガスバーナーコンロ・クッカーセット M-6400 ガスバーナー コンロ クッカー セット キャプテンスタッグクッカー キャプテンスタッグコンロ キャンプクッカーセット キャンプ クッカーセット ソロ キャンプ用品バーベキュー	camp-burner-beginner	1	3
amazon	B000FFL0X6	鉈 なたとのこ2丁組 NS-180 なたとのこぎりがセット（薪割り 道具 庭木 剪定 のこぎり 登山 なた ノコギリ セット アウトドア キャンプ）	camp-nata	1	5
amazon	B000FZX93U	スタンレー クラシック 真空ボトル 1.9L	thermal-bottle	1	5
amazon	B000G2KEGW	アウトドア用品 キャンピング折込包丁 ステンレス製 刃渡り11.5cm （ キャプテンスタッグ キャンプ用品 調理器具 CAPTAIN STAG 折りたたみ ナイフ キッチンツール グッズ バーベキュー BBQ ）	camp-knife-beginner	1	1
amazon	B000NIWG9W	【条件達成で最大10万ポイント獲得のチャンス！4/20〜4/30】コールマン シングルバーナー アウトランダーマイクロストーブ PZ 203535 coleman	camp-burner-beginner	1	5
amazon	B000NJK42C	キャプテンスタッグ ジュール ラウンジチェア ブラック キャンプチェア	captain-stag-chair	1	2
amazon	B000SXPWL6	ユニフレーム ファイアグリル ヘビーロストル 683118	uniflame-fire-grill	1	4
amazon	B0012OP8IW	ホンマ製作所 ステンレス時計1型薪ストーブセット	tent-wood-stove	1	3
amazon	B00131UMUI	キャプテンスタッグ EVAフォームマット 56×182cm M-3318 グリーン	closed-cell-mat	1	2
amazon	B0015XFQF0	イスカ パトロール ショート ロイヤルブルー 117212	isuka-sleeping-bag	1	1
amazon	B001ADSR56	SOTO レギュレーターストーブ ST-310 シングルバーナー	solo-camp-beginners-guide	1	4
amazon	B001ADUDIU	SOTO ( 新富士バーナー ) 虫の寄りにくいランタン ST-233 キャンプ 用品 オートキャンプ 用品 虫よけ 防災	gas-lantern	1	2
amazon	B001ADVZ0U	送料無料 LOGOS/ロゴス アクションクーラー25 ホワイト 81448033 81660642 クーラーボックス 冷蔵保存 キャンプ アウトドア フィッシング バーベキュー BBQ ハードケースクーラーボックス 倍速凍結・氷点下パックM 2個 あす楽対応	camp-cooler-box-beginner;camp-cooler-box-overall	2	5;3
amazon	B001D5O8HM	椙山紡織 ホットテーブルマット NA-171TM 60×110cm ブラウン 木目調	camp-hot-carpet	1	5
amazon	B001GLWMSU	ホンマ製作所 レジャーカマド 薪ストーブ RM-410	tent-wood-stove	1	5
amazon	B001GLYE6I	ホンマ製作所 クッキングストーブ 釜戸時計型 RS-41	tent-wood-stove;winter-camp-guide	2	1;5
amazon	B001P7CWZI	★【山岳軽量テント】アライテント　RIPENライペン1人用テント　エアライズ1　山岳テント　軽量　グリーン　テント泊登山	lightweight-mountain-tent	1	4
amazon	B001TPDMLE	ユニフレーム コーヒーバネット cute 664025	camp-coffee-dripper	1	1
amazon	B001UGID3E	スノーピーク(snow peak) マナイタセット M CS-207	folding-cutting-board	1	2
amazon	B001USYFWU	【ロゴス公式】倍速凍結 氷点下パック 単品 2点セット 3点セット 保冷剤 ロゴス 氷点下パック M / L / XL / ギャップバー / コンパクト 冷凍 保冷 冷却 抗菌仕様 強力保冷剤 アウトドア キャンプ バーベキュー BBQ LOGOS	cooler-ice-pack	1	3
amazon	B001VEJ3O8	キャプテンスタッグ ヘキサ ステンレス ファイアグリル L(3-4人用) M-6500	captain-stag-bonfire	1	1
amazon	B002NTQPEG	スノーピーク 火ばさみ N-020 トング ステンレス 木製ハンドル 永久保証	fire-tongs	1	1
amazon	B00363PS3W	コールマン コンバータコット2 ラウンジャー 折りたたみベッド/チェア 2WAY オーバーサイズ	family-camp-cot;solo-camp-cot	2	1;2
amazon	B003AKZ7BE	キャプテンスタッグ ヘキサ ステンレス ファイアグリル M(2-3人用) M-6498	captain-stag-bonfire	1	3
amazon	B003AKZ7FA	キャプテンスタッグ 火起こし器＆火消し壺セット（日本製）	charcoal-starter	1	4
amazon	B003DSUODY	ユニフレーム ファイアグリル収納ケース 683187	uniflame-fire-grill	1	5
amazon	B003KTSCQW	クーラーボックス 小型 部活 クーラーバッグ アイリスオーヤマ 7L 15L 20L 25L 32L 45L 保冷バッグ クーラーバッグ ミニ クーラーバスケット アウトドア レジャー BBQ 海水浴 運動会 行楽 キャンプ CL-7 CL-15 CL-20 CL-25 CL-32 CL-45	camp-cooler-box-overall	1	1
amazon	B003VUV3A2	千吉 日本製 鉈 小型石付き エビ鉈 枝打ち 薪割り 薪割りナタ なた ナタ 両刃 全鋼 キャンプ 道具 携帯用	camp-nata	1	4
amazon	B00426FAFI	アイリスオーヤマ ストーブガード 四方式 STG-750N シルバー 幅65×奥行45cm（大型）	stove-guard	1	4
amazon	B00426MLUA	アイリスオーヤマ ストーブガード 四方式 STG-580N シルバー 幅48×奥行38cm	stove-guard	1	3
amazon	B0045EPJW6	アイリスオーヤマ ファンヒーターガード 四方式 FTE-580N シルバー 幅48×奥行37cm	stove-guard	1	1
amazon	B0049E1T2Q	ホンマ製作所 燃焼工房 煙突付き AR-360	tent-wood-stove	1	4
amazon	B004IWR3Z6	Coleman(コールマン)パワーハウス LPツーバーナーストーブII	coleman-two-burner	1	5
amazon	B004IWR45A	コールマン ルミエールランタン 純正LPガス燃料セット 205588	coleman-lantern	1	3
amazon	B004MX6O5G	送料無料 LOGOS/ロゴス ハイパー氷点下クーラーM 12L 81670070 長時間冷蔵 大容量 クーラーボックス ソフトクーラー 保冷バッグ 折りたたみ コンパクト キャンプ アウトドア バーベキュー バイク好き ギフト あす楽対応	camp-cooler-box-beginner;camp-cooler-box-overall	2	2;2
amazon	B004TNWD40	モーラナイフ コンパニオン カーボン	moraknife	1	3
amazon	B004ZAIXSC	モーラナイフ コンパニオン ステンレス	moraknife	1	1
amazon	B0052SR9JK	オンリースタイル 車中泊専用マット 標準サイズ 1枚	car-camp-mat	1	2
amazon	B0053OCWU4	スノーピーク 和鉄ダッチオーブン26 CS-520	dutch-oven	1	2
amazon	B005I6R0WC	サーマレスト Zライトソル R シルバー/レモン 30670 51×183cm	closed-cell-mat;winter-camp-guide	2	1;1
amazon	B005MYCLHE	MIL-TEC スリーピングバッグカバー 防水・透湿 3層式 オリーブグリーン	sleeping-bag-cover	1	4
amazon	B005SKARC8	マルカ 湯たんぽ Aエース 2.5L AF-25（直火・IH対応・袋付き）	hot-water-bottle;winter-camp-guide	2	1;9
amazon	B0065UYDAW	キャプテンスタッグ アルスター火消しつぼ M 木炭 バーベキュー 消火	fire-extinguish-pot	1	3
amazon	B006DFKW9K	DABADA カーボントレッキングポール 2本セット 175g シルバー	trekking-pole	1	1
amazon	B006WBD0M6	コールマン (Coleman) パッカウェイクッカーセット キャンプ用品 ファミリークックウェア 2000010530	camp-cooker-beginner	1	4
amazon	B007FFSVAO	ユニフレーム コーヒーバネット sierra 667767 コーヒードリッパー 軽量 コンパクト	sierra-cup	1	2
amazon	B008ZX5KGI	アイリスオーヤマ ファンヒーター吹出し口ガード FDG-350FL シルバー 幅30〜46cm対応	stove-guard	1	2
amazon	B009SIX3HM	不二貿易 アカシア 木製食器 7点セット ラウンドタイプ	wooden-tableware	1	5
amazon	B00AQY332C	キャプテンスタッグ EVAフォームマット(ダブル) UB-3001 140×217cm	closed-cell-mat	1	4
amazon	B00BDPTNB8	ソネングラス 1000ml ソーラーLEDランタン	solar-lantern	1	5
amazon	B00BG57XOE	グリーンライフ 火おこし兼用火消しつぼ HOT-150 2WAY 火起こし器	fire-extinguish-pot	1	4
amazon	B00BMGCDNS	大進 哲寛 鋼付 ナタ片刃 180MM 鉈 なた ナタ 園芸 ガーデニング 農業 庭 農作業 家庭菜園 キャンプ アウトドア	camp-nata	1	2
amazon	B00CJ2Y4ZY	エリッゼステーク 28cm 5本セット 黒カチオン電着塗装 MK-280K×5 S55C 楕円棒	forged-peg	1	3
amazon	B00CXKVK0Y	ユニフレーム ファイアグリル＋収納ケース 2点セット 683040+683187	uniflame-fire-grill	1	3
amazon	B00CZ7499Y	キャプテンスタッグ ラフォーレ アルミツーウェイサイドテーブル アジャスター付 60×45cm UC-513	captain-stag-table	1	5
amazon	B00CZ749C6	キャプテンスタッグ ラフォーレ アルミツーウェイテーブル アジャスター付 M 60×120cm UC-510	captain-stag-table	1	2
amazon	B00D65QFZU	JPN公式 直流家 タケルくん DC12V専用 車載炊飯器 JPN-JR001 1.5合炊き	camp-rice-cooker	1	3
amazon	B00EE073O8	エリッゼステーク 28cm 8本セット 黒カチオン電着塗装 MK-280K×8 S55C 楕円棒	forged-peg	1	1
amazon	B00ENA16HE	不二貿易 アカシア 木製食器 サラダボウル 幅20×奥行20×高さ7.5cm	wooden-tableware	1	2
amazon	B00ENSNSE0	不二貿易 アカシア 木製食器 ランチプレート 2つ仕切り 幅28×奥行21.5×高さ2.5cm	wooden-tableware	1	1
amazon	B00FR6CFIM	スノーピーク 焚火台 S ST-031R	snowpeak-bonfire	1	2
amazon	B00FXFFST0	スノーピーク(snow peak) 焚火台 S	low-style-bonfire;snowpeak-bonfire	2	5;1
amazon	B00FXHJHLI	アイリスオーヤマ ストーブガード 3方式 SS-850N シルバー FF式・煙突式対応 幅75×奥行40cm	stove-guard	1	5
amazon	B00HC077GQ	ハスクバーナ 手斧 38cm 5769264-01 旧 5026402-01 アウトドア 薪割り斧 キャンプ 斧 薪 薪割り 焚き火 焚火 たき火 ハンドアックス ハンドメイド	hand-axe	1	2
amazon	B00I0Q8VVG	【楽天1位】遮光/遮熱モデル追加！FIELDOOR ワンタッチタープテント 3m×3m 頑丈 スチール テント タープ 300 3.0m ワンタッチテント ワンタッチタープ ワンタッチ 大型 簡単 UVカット 撥水 日よけ プール イベント アウトドア キャンプ BBQ 1年保証 ★[送料無料]	day-camp-tarp-cheap;fieldoor-tent;one-touch-tarp	3	1;2;1
amazon	B00I0Q9XRW	FIELDOOR ワンタッチタープテント 2.5m×2.5m スチール UVカット 撥水	fieldoor-tent;one-touch-tarp	2	4;2
amazon	B00IM50T1A	morso 薪ストーブ グローブ 右手用 左手用 革 手袋 片手 焚き火 焚火 薪 耐熱 アクセサリー 黒 暖炉 バーベキュー BBQ キャンプ アウトドア やけど 火傷 安全 モルソー	fireproof-gloves	1	4
amazon	B00IPNJ24Y	マルカ 湯たんぽ Aエース 3.5L A-35（大容量・直火/IH対応）	hot-water-bottle	1	3
amazon	B00IT4F9C8	イスカ ISUKA ウェザーテック シュラフカバー スーパーライト ネイビーブルー 201621	sleeping-bag-cover	1	2
amazon	B00JYCRZ80	スノーピーク 焚火台Mスターターセット SET-111	snowpeak-bonfire	1	4
amazon	B00K712YII	SOTO マイクロレギュレーターストーブ ウインドマスター SOD-310 4本ゴトクセット	soto-burner	1	1
amazon	B00KBNUSI0	YAZAWA 防水スプレー 420ml 1本 大容量 テント バッグ 革製品兼用	tent-waterproof-spray	1	3
amazon	B00KVTQDX8	村の鍛冶屋 ペグ収納マルチコンテナボックス	gear-storage-box	1	4
amazon	B00Q78WQF6	ペツル ピクサ3	petzl-headlight	1	5
amazon	B00SLOACVE	コールマン (Coleman) パワーハウスLPツーバーナーストーブII(レッド) キャンプ用品 ガスバーナー レッド 2000021950	coleman-two-burner	1	3
amazon	B00SOJJFZU	サイバトロン バックパック3Pタクティカル バックパック サイドポーチx2個 防水 軽量 ヒロシさん使用モデル ブッシュクラフト アウトドア キャンプ アサルト ミリタリー U.Sタイプ リュック デイパック	camp-backpack-beginner	1	1
amazon	B00T47R65W	M-STYLE ミリタリーバッグ 大容量90L 3WAY リュック/ショルダー/ボストン 防水生地	backpack-large	1	5
amazon	B00TEZOBXE	ランタン led レトロ P10倍Bruno ブルーノ LEDランタン BOL001ランプ アウトドア 電池式 スタンド アンティーク ランタンハンガー 明るい 照明器具 照明 ピクニックシリーズ 省エネ◇夜 屋外 おしゃれ アウトドア 登山 結婚祝い オシャレ	mountain-camp-lantern	1	3
amazon	B00TRQSURS	BRUNO(ブルーノ) コンパクトホットプレート BOE021 ホワイト たこ焼き・平面プレート2種付き	camp-electric-grill	1	1
amazon	B00WG5TSAK	【クーポンで5%OFF】【楽天1位】アウトドア テーブル キャンプテーブル 折りたたみ アルミテーブル 軽量 折りたたみテーブル キャンプ バーベキュー テーブル レジャーテーブル アウトドア 高さ調節 伸縮 コンパクト BBQ おしゃれ 車中泊 MERMONT 送料無料	camp-table-folding	1	1
amazon	B00WSHHWC2	チャムス ホットサンドウィッチクッカー CHUMS CH62-1039 シングル 直火	hot-sandwich-maker	1	2
amazon	B013OKS0M2	タイガー 真空断熱ボトル SAHARA 480/600ml	thermal-bottle	1	2
amazon	B0145YNPDA	山善 電気ストーブ DS-D086(W) ホワイト 800W/400W切替式	camp-electric-heater	1	1
amazon	B015VZVWUA	イスカ ダウンプラス ニルギリEX ネイビーブルー	isuka-sleeping-bag	1	5
amazon	B017973NPK	ユニフレーム ツインバーナー US-1900 610305	uniflame-burner	1	1
amazon	B018XJXP7O	スノーピーク リトルランプ ノクターン snow peak Little Lamp Nocturne GL-140	gas-lantern;snowpeak-lantern	2	3;1
amazon	B018XJXPHE	スノーピーク ローチェア30 LV-091 ブラウン	low-style-chair	1	3
amazon	B019IGM2DO	キャンピングムーン 耐熱 焚き火テーブル	takibi-table	1	3
amazon	B019U1OV6I	TRIWONDER タープ グランドシート 防水軽量 マルチシート	ground-sheet	1	2
amazon	B01ANFAAFG	OSOTO ゆらふわモック ノーマルタイプ 自立式ハンモック 折りたたみ スタンド付 収納	camp-hammock	1	3
amazon	B01AU4Z8F2	トヨトミ 対流形石油ストーブ KS-67H(B)	camp-oil-stove	1	3
amazon	B01B36TQGS	【4/24-27エントリーで全品5倍】 SOTO AMICUS(アミカス)+パワーガス250トリプルミックス【お得な2点セット】	camp-burner-beginner	1	2
amazon	B01B8F0MTY	FEUERHAND フュアーハンド ランタン 276 ベイビースペシャル	oil-lantern	1	2
amazon	B01CRVT43S	キャプテンスタッグ スキレット ミニ 鉄製 シーズニング不要 UG-3015	camp-skillet	1	4
amazon	B01D58468K	ユニフレーム セパレートバーナー US-S 610077	uniflame-burner	1	3
amazon	B01D8ER4EY	GEERTOP テントシート グランドシート 防水8000mm 両面防水加工	ground-sheet	1	1
amazon	B01DNDMSLY	Lepro ヘッドライト 充電式 USB-C 300ルーメン 実用点灯30時間 白＆赤点灯 防水 軽量 1年保証	headlight-rechargeable	1	5
amazon	B01FHMR0DA	DOD ライダーズバイクインテント T2-466	duo-tent	1	5
amazon	B01GCNW3LM	【SALE 20%OFF】スノーピーク アメニティタープ ヘキサLセット snow peak Amenity Tarp Hexa L Set TP-851SR オガワ張り 小川張り タープ テント 初心者 エントリーモデル おしゃれ キャンプ アウトドア	day-camp-starter-set	1	4
amazon	B01H4OPQ76	【在庫限り】スノーピーク アメニティドーム L マットシートセット SET-121H キャンプ用品 テント タープ 初心者 エントリー nocu 注目商品	day-camp-starter-set	1	3
amazon	B01IQXDTGY	【楽天10冠！1位常連！】【安心保証付き】Goal Zero ゴールゼロ ライトハウス マイクロ フラッシュ LEDランタン USB充電式 LEDライト ミニランタン ミニライト USBコネクタ Goal Zero Lighthouse micro Flash 送料無料	mountain-camp-lantern	1	1
amazon	B01J59SGCK	【公式】イワタニ Iwatani カセットガス バーナー ジュニアコンパクトバーナー CB-JCB アウトドア キャンプ ジュニアバーナー【送料無料】【bousai_d19】	camp-burner-beginner;iwatani-stove	2	1;1
amazon	B01J9LWQ7A	バックパック 55L リュックサック メンズ レディース キャンプ HAWK GEAR (ホークギア) 防水 大容量 海外旅行 レインカバー付き アウトドア 防災 災害 登山 旅行 レインカバー ザック 軽量 かわいい ミリタリー おすすめ ソロキャン 送料無料	camp-backpack-beginner	1	4
amazon	B01KWSX8BW	キャプテンスタッグ ハンディーコーヒーミルS UW-3501	outdoor-coffee-mill	1	2
amazon	B01LT5ES1Q	コールマン ファイアディスク 2000031235	coleman-bonfire;low-style-bonfire	2	1;1
amazon	B01M2BTDCD	Barebones Living スキレット 10インチ 鋳鉄 アウトドア クッカー	camp-skillet	1	5
amazon	B01MCQMZFG	ユニフレーム チャコスタ II 665435	charcoal-starter	1	2
amazon	B01MSZKB3O	スノーピーク（snow peak） 焚火台グリルブリッジ M Grill Bridge ST-033GBR キャンプ バーベキュー	camp-bbq-grill	1	5
amazon	B01N1RE1QO	スノーピーク(snow peak) ファル Pro.air 3	air-frame-tent	1	4
amazon	B01N6FXJHC	スノーピーク ギガパワーランタン 天 オート GL-100AR	snowpeak-lantern	1	3
amazon	B01N8XAGUC	DOD ビッグタープポール XP5-507 タープ ポール	dod-tarp	1	1
amazon	B01N9SLIIE	コールマン オールインワンキッチンテーブル 2000031294	outdoor-kitchen-table	1	1
amazon	B06W9FQF9L	ユニフレーム フィールドラック ブラック 611616	cooler-stand;field-rack	2	3;3
amazon	B06WLP7B8N	HAWK GEAR (ホークギア) 防水バックパック 大容量80L レインカバー付き 軽量 登山 防災	backpack-large;camp-backpack-beginner;camp-backpack-capacity-guide	3	3;3;3
amazon	B06XT1DT5V	キャプテンスタッグ CSクラシックス リラックスクッションチェア UC-1647	captain-stag-chair	1	4
amazon	B06XW4ZDCG	キャプテンスタッグ スキレット 25cm UG-3029	camp-skillet	1	2
amazon	B06XX4G5XT	スノーピーク チタンシングルマグ 450	titanium-mug	1	2
amazon	B06XXK1KYP	当店限定色あり《全8色》ブルーノLEDランタン BRUNO LED LANTERN ライト 電灯 電池式 無段階調光 持ち手付き 雑貨 アンティーク ギフト プレゼント 新生活 防災グッズ 災害 非常用 ベランピング ピクニック BBQ おしゃれ キャンプ アウトドア	family-camp-lantern	1	2
amazon	B06Y3WWX2S	キャンピングムーン 焚き火チェア ローチェア(帆布生地) F-1003C	low-style-chair	1	5
amazon	B071GY95MQ	【正午~クーポン10%引】 楽天1位 法人価格有 特大 3×6m 3×9m ワンタッチ タープテント 3m 6m 簡単 テント イベント 大型 大人数 キャンプ アウトドア 大型テント 運動会 レジャー おもり 6人 着替え 重り ワンタッチタープ	group-camp-tent	1	1
amazon	B071HW4LNR	【楽天1位】アウトドアテーブル 折りたたみ ベンチ 2脚 セット 幅 90cm アルミ 軽量 レジャーテーブル アウトドア テーブル セット イス チェア ベンチ 分離 分割 タイプ ローテーブル ロータイプ キャンプ アウトドア 運動会 FIELDOOR 1年保証 ■[送料無料]	camp-table-folding;camp-table-set	2	4;1
amazon	B071VH9BL7	キャンピングムーン 折りたたみ火起し器 FD	charcoal-starter	1	3
amazon	B072FMZZK6	OSOTO ゆらふわモック ロングタイプ 自立式ハンモック 高身長対応 折りたたみ スタンド	camp-hammock	1	5
amazon	B0756JFNN6	キャプテンスタッグ CSブラックラベル 背付きベンチ UC-1660	captain-stag-chair	1	5
amazon	B076B85VWP	Pin-Eagle 風防板 リフレクター（60×120cm・折りたたみ）	camp-windscreen	1	1
amazon	B077N2M27N	アウトドアチェア【ポンコタン】ウルトラライト ハイバックチェア 超軽量 折りたたみ コンパクト キャンプ椅子	camp-chair-highback;camp-chair-lightweight	2	1;3
amazon	B077Q99XBS	SOTO レギュレーターストーブ ST-310	soto-burner	1	2
amazon	B0784B94T2	送料込み ミズノ mizuno ベルグテックEXストームセイバーVI レインスーツ（メンズ） A2MG8A01レインウェア上下 雨具アウトドア 登山	camp-rainwear	1	2
amazon	B0787TR5VY	キャプテンスタッグ カマド スマートグリル B5型(3段調節) UG-42	captain-stag-bonfire	1	2
amazon	B0788F6Z6Z	「お買い物マラソン」Moon Lence アウトドアチェア キャンプ椅子 折りたたみ コンパクト 超軽量907g イス 収納バッグ付き ハイキング お釣り 登山 耐荷重150kg CH-7	camp-chair-lightweight	1	4
amazon	B0788RWCKD	キャプテンスタッグ カマド スマートグリル B6型3段調節 UG-43	captain-stag-bonfire	1	4
amazon	B078S61SMD	DOD グッドラックソファ CS2-500 2人掛け ワンタッチ 車載棚 耐荷重150kg（BK/TN/KH カラー展開）	dod-chair	1	1
amazon	B0791VGXB1	DOD ワイドキャンピングベッド コット ブラック CB1-100-BK 折りたたみ レジャー アウトドア キャンプ BBQ	solo-camp-cot	1	3
amazon	B0792FP76X	ロゴス the ピラミッドTAKIBI L 焚き火台 81064162	logos-bonfire	1	1
amazon	B0792GT2DB	ロゴス　アウトドア用品バーベキューグリル・コンロ たき火台 LOGOS The ピラミッドTAKIBI M　81064163	day-camp-grill;logos-bonfire	2	5;2
amazon	B07956Y179	ロゴス(LOGOS) 丸洗いスランバーシュラフ 寝袋	washable-sleeping-bag	1	1
amazon	B079572465	LOGOS ロゴス 丸洗いスランバーシュラフ・2 No.72602010 冬用 封筒型 連結可能	logos-sleeping-bag	1	4
amazon	B079C1K6DH	コールマン インフィニティチェア ベージュ 2000033139	coleman-chair;infinity-chair	2	1;1
amazon	B079LTXKW1	Helinox ヘリノックス チェアワン Chair One	helinox-chair	1	1
amazon	B079MC8SRP	Helinox ヘリノックス チェアツー Chair Two ハイバック	helinox-chair	1	4
amazon	B079YGPQYQ	【★激アツ価格＆600円クーポン 】 楽天1位 寝袋 防災 来客用 最大限界温度-15度 コンパクト オールシーズン ねぶくろん 230T 1.8kg 撥水 シュラフ 封筒型 軽量 洗える 収納 便利 トラック 車中泊 布団 ふとん 仮眠 地震 停電 キャンプ 夏用 シングル 送料無料	sleeping-bag-summer-cospa;sleeping-bag-temperature-guide	2	5;2
amazon	B07BRSY4X1	＼レビューで1000円クーポン!／ 組合せて使える 木製 ヘキサセンターテーブル 96 （大テーブル 2個組） 収納バッグ付 CSクラシックス ヘキサゴンテーブル CAPTAIN STAG キャンプ アウトドア バーベキュー ローテーブル cs classics	group-camp-table	1	5
amazon	B07BYHSY8D	Groovy 自立式ハンモック 3way 折りたたみ ハンモックチェア スタンド	camp-hammock	1	2
amazon	B07C2NRWX8	ガオバブ Gaobabu アルコールバーナー	alcohol-stove	1	2
amazon	B07C54NYT5	ジェントス フィラメントLEDランタン EX-400F 400ルーメン 暖色 ダイヤル式調光 乾電池式 防滴	gentos-light	1	5
amazon	B07D2JVK39	ベアボーンズ ビーコンライト LED 2.0 20230005	barebones-light	1	3
amazon	B07D5FM7MC	笑's コンパクト焚き火グリル 「B-GO」 3点セット （B-GO本体+専用グリルプレート+専用ハードロストル） バーベキューグリル コンパクト焚き火グリル 焚き火 BBQ キャンプ ソロキャンプ 料理 焚き火料理 ステンレス 持ち運び簡単 組立簡単 バーベキュー アウトドア 登山	camp-grill-plate	1	5
amazon	B07D6NTYKL	コールマン (Coleman) リゾートチェア(オリーブ) キャンプ用品 ファミリーチェア 2000033560	family-camp-chair	1	4
amazon	B07DL5L6R2	イスカ アルファライト700X インディゴ 111803	isuka-sleeping-bag	1	2
amazon	B07FPVTFYC	【40%OFFクーポンご利用で69,800円→41,880円 マラソン期間限定】ポータブル電源 大容量 車中泊 正弦波 エナーボックス 444Wh 120000mAh 400W |ポータブル バッテリー 蓄電器 発電機 小型 蓄電池 家庭 静音 ソーラー ソーラーパネル 電気毛布 キャンプ 防災 電源	camp-portable-power-beginner	1	2
amazon	B07H38HX1G	コールマン サイドテーブルデッキチェアST グレージュ 2190860	coleman-chair	1	3
amazon	B07HGPML44	EASY SMOKER イージースモーカー	camp-smoker	1	4
amazon	B07HH2BH27	イスカ アルファライト1300EX インディゴ 125809	isuka-sleeping-bag	1	3
amazon	B07HRKNWWT	コールマン（Coleman） シュラフ 寝袋 封筒型 コージー II C5 オレンジ 2000034772 快適温度5℃以上	coleman-sleeping-bag	1	3
amazon	B07HRQMV4M	コールマン 封筒型シュラフ パフォーマーIII/C5 オレンジ 2000034774 Coleman	coleman-sleeping-bag;solo-camp-beginners-guide	2	2;2
amazon	B07JHGW3HN	K-UNING 木製トレー小 長さ17.4cm ナチュラル	wooden-tableware	1	4
amazon	B07JMFSP1K	Soomloom ダウン 寝袋 マミー型 650FP 0〜-20℃対応 軽量 コンパクト シュラフ キャンプ 登山 アウトドア	sleeping-bag-temperature-guide	1	5
amazon	B07K6GXS5W	TSBBQ ライトステンレス ダッチオーブン 10インチ ミラー仕上げ TSBBQ-005 オール熱源対応 燕三条製	dutch-oven	1	1
amazon	B07KMB13KT	キャプテンスタッグ ダッチオーブンセット 25cm UG-3048 収納バッグ付き	dutch-oven	1	3
amazon	B07KY5D1KS	HAWK GEAR ホークギア 寝袋 マミー型 -15℃ 化繊 シュラフ 防寒 キャンプ アウトドア 洗える	sleeping-bag-temperature-guide	1	4
amazon	B07L6H367Y	WAQ チタンマグカップ 450ml	camp-gift;titanium-mug	2	3;1
amazon	B07LF5MH9R	【楽天1位】タープ テント 530 x 570cm タープテント ヘキサタープ T/C ポリコットン Lサイズ 6 - 8人用 大型 テントポール ヘキサゴンタープ 収納バッグ付き 日よけ 防カビ 撥水 6人 7人 8人 ヘキサ 簡易テント アウトドア TC FIELDOOR 1年保証 ■[送料無料]	large-tent-guide	1	4
amazon	B07M7D4Y5D	コールマン (Coleman) マルチレイヤースリーピングバッグ 寝袋 封筒型 2000034777	coleman-sleeping-bag;washable-sleeping-bag	2	1;2
amazon	B07M7LQFZR	モーラナイフ コンパニオン ヘビーデューティー ステンレス	moraknife	1	2
amazon	B07MRDHV4B	山善(YAMAZEN) ミニ炊飯器 YJE-M150(B) ブラック 0.5〜1.5合炊き マイコン式	camp-rice-cooker	1	1
amazon	B07MX6K5Q2	オレゴニアンキャンパー(Oregonian Camper) 調味料ケース ペッパーボックス	spice-box	1	1
amazon	B07N6PKRZJ	SOTO マイクロトーチ ACTIVE ST-486 充てん式 ガストーチ	soto-burner	1	3
amazon	B07NBHCBHT	LOGOS/ロゴス Tradcanvas コンフォートベッド 73173089 フォールディングコット ソロキャンプ 折り畳みベッド/コット キャンプ アウトドア 車中泊 軽量 コンパクト収納	solo-camp-cot	1	1
amazon	B07NNSF1D7	DOD オクラタープ TT8-583-TN ポリコットン 難燃 オクタタープ	dod-tarp;tc-tarp-takibi	2	1;3
amazon	B07P1732GM	FIELDOOR 防災ラジオ 1台5役 グリーン（3WAY充電・生活防水）	disaster-radio	1	2
amazon	B07P2L1DH2	笑's A-4君専用グリルプレート アウトドア キャンプ 焚き火	camp-grill-plate	1	3
amazon	B07P5HZTH5	クイックキャンプ ワンタッチタープ 2.5m	one-touch-tarp	1	4
amazon	B07PGCZPK6	WAQ アウトドアワゴン（容量106L・耐荷重150kg）	outdoor-wagon	1	2
amazon	B07PJTDL7N	LODGE(ロッジ) ロジック スキレット 6-1/2インチ L3SK3 正規輸入品	camp-skillet	1	3
amazon	B07PLS9KFF	キャリーザサン ミディアム LEDランタン 充電式 ライト 太陽光 ソーラーパネル 軽量 防水 防塵 キャンプ 登山 Mサイズ 旧ソーラーパフ おしゃれ 人気 災害 防災グッズ 間接照明 折りたたみ 携帯用 持ち運び メール便	mountain-camp-lantern	1	1
amazon	B07PLW2KNP	キャプテンスタッグ ダッチオーブン 鉄鋳物 22cm UG-3061	dutch-oven	1	4
amazon	B07QGJZF4R	手斧 600g AX946 | カーボンスチール ヒッコリー柄 保護ラバー付 斧 オノ 手斧 ハンドアックス 薪 薪割り アウトドア キャンプ BBQ DIY 伐採 小型 防災 アストロプロダクツ	hand-axe	1	4
amazon	B07QS8DRHK	DOD ワンタッチテント T2-629-TN 2人用 コンパクト 耐水圧1,500mm	dod-tent;duo-tent;one-touch-tent	3	5;2;4
amazon	B07R5T6VV1	DOD マルチキッチンテーブル TB1-38-BK	dod-table;outdoor-kitchen-table	2	3;2
amazon	B07RLCX6JS	アイリスオーヤマ 真空断熱スープジャー SFJ-300 ネイビー(300ml)	soup-jar-camp	1	1
amazon	B07RP4C84N	モーラナイフ コンパニオン スパーク ステンレス	moraknife	1	4
amazon	B07RW6ND2D	FIELDOOR ポータブルチェア ローバック T/C カーキ ノーマル 座面高25cm	fireproof-chair	1	2
amazon	B07RWFTJ37	キャンプ リュック バックパック リュックサック カバン 帆布 コットン キャンバス 綿 無骨 頑丈 丈夫 タフ ミリタリー アウトドア 大容量 ソロ バイク ツーリングバック ズック［ KIRIRU キリル ］ 30L 以上 オリーブ カーキ タン コヨーテ【サイドポケットモデル】	camp-backpack-beginner	1	5
amazon	B07SNQ6C1Y	【楽天1位】FIELDOOR テント スクリーンタープ スクリーンテント 幅285×奥行285cm 日よけ ドームテント タープテント タープ キャノピー ポール2本付き 日よけテント 虫除け 虫よけ 蚊帳 メッシュ 大型 サンシェード 組み立て 簡単 1年保証 ★[送料無料]	screen-tarp	1	1
amazon	B07STZRFWL	ペツル イーライト E02 P4	petzl-headlight	1	4
amazon	B07V7XLC2L	Freell フリール ペグハンマー	peg-hammer	1	4
amazon	B07V7Y9CFG	コールマン アウトドアワゴン 2000034673	outdoor-wagon	1	1
amazon	B07VF37G57	DOD タープ いつかのタープ TT5-631-TN dod アウトドア キャンプ ヘキサタープ ポリエステル ポール ペグ ロープ付属 初心者 簡単	camp-tarp-beginner;day-camp-tarp-cheap;dod-tarp;hexa-tarp	4	1;2;2;1
amazon	B07VK428JN	キャンピングムーン トライポッド L MS-105（最大耐重量15kg・4段折り・収納ケース付）	bonfire-tripod	1	2
amazon	B07VNNT9K4	onway オンウェー聖火焚火台モアキャンプ用品 焚き火台 折りたたみ式 コンパクト キャンプ デイキャンプ おしゃれ バーベキュー 携帯 BBQ 軽量 焚火 ソロ コンパクト 折り畳み ソロキャンプ ファミリーキャンプ キャンプギア キャンプグッズ たきび 五徳 オプション	family-camp-bbq	1	2
amazon	B07W18J2D8	DIETZ デイツ30 ブラック	oil-lantern	1	4
amazon	B07W4Z8V2Z	ナンガ・オーロラライト 450DX(さかいや別注モデル)(ナンガ純正ストリージバッグプレゼント) 寝袋 ダウンシュラフ 保管袋付き	nanga-sleeping-bag	1	1
amazon	B07WDMXLHM	Jackery SolarSaga 100 ソーラーパネル 100W 折りたたみ式 単結晶 IP65防水	solar-panel-folding	1	1
amazon	B07WHGJHBS	【在庫処分】【訳あり】【特価品】【送料無料】ソロベース TC/BUNDOK(バンドック)/BDK-79/テント パップ型 パップテント ソロテント ソロキャンプ ミリタリー 軍幕 焚火 焚き火 ハーフシェルター	solo-tent-beginner;solo-tent-overall	2	3;3
amazon	B07WTNTJSR	DOD(ディーオーディー) ワラビーテント コットン生地 吊り下げ式カンガルーテント T2-657-BR	inner-tent-kangaroo	1	2
amazon	B07WX7S936	Soomloom パラコード ガイロープ 全長50m（反射材付き・2〜6mmから選択）	guy-rope-recommend	1	2
amazon	B07XF31GNH	正規店 ランタン led アウトドア 屋外 充電式バルミューダ ザ・ランタン BALMUDA The Lantern L02A調光 間接照明 照明 キャンプ ブラック ホワイト べランピング キャンドル おすすめ 非常用 ランプ おしゃれ◇自動調化 無段階 送料無料 P5倍	camp-lighting-guide	1	3
amazon	B07YB46ZLK	DOD ビートルタープ TT5-655-TN ポリエステル 7角形	dod-tarp	1	3
amazon	B07YM1MWFL	ショーワグローブ テムレス 01WINTER 完全防水 防寒グローブ ブラック	winter-camp-gloves	1	2
amazon	B07YMSPXV7	FIELDOOR クーラースタンド 木製(耐荷重150kg)	cooler-stand	1	2
amazon	B07YWXNN8Z	コールマン キャンパーインフレーターマットハイピーク/ダブル (2000036154) キャンプ テント Coleman	camp-sleeping-mat	1	3
amazon	B07Z9X4CB5	OSPREY（オスプレー）アーケイン ラージデイ ARCANE LARGE DAY	osprey-daily-backpack	1	3
amazon	B07ZPY7JWD	GoodsLand トライポッド 焚き火三脚 ブラック（コンパクトスタンド）	bonfire-tripod	1	4
amazon	B07ZQWL272	FIELDOOR ワンタッチタープテント 2.5m×2.5m サイドシート1枚付 横幕セット スチール UVカット 撥水	fieldoor-tent	1	1
amazon	B07ZTDP7S6	DOD エイテント T5-668-TN ワンポールテント	dod-tent	1	3
amazon	B08119B656	HIBARI フィールドラック 2個セット 収納ケース付き	field-rack	1	1
amazon	B081DRHG3J	GREGORY キャンパスデイ M CAMPUS DAY M 22L クラシック	gregory-backpack	1	3
amazon	B081N3X8X1	大進 鉈 鋼付 両刃 165mm グリップ性能に優れた樹脂柄 DG-N001 アウトドア キャンプ サバイバル 枝打ち ナタ なた 園芸	camp-nata	1	3
amazon	B081V29MSV	キャプテンスタッグ CSブラックラベル アルミツーウェイロールテーブル type2 高さ70/40cm UC-551	captain-stag-table	1	4
amazon	B081ZPJP4T	【Bears Rock】 -30度 封筒型 ワイド 最強 ふんわり厚みのある布団のような寝心地 大きい サイズ 冬用 シュラフ ゆったり 綿量No1 洗える寝袋 丸洗い 寝袋 キャンプ 車中泊 室内 来客用 -30℃ 寝冷え 防災用 自宅 普段使い 足元 ふとん 厳冬期 光熱費 暖房費節約 寒さ対策	sleeping-bag-winter-beginner;winter-camp-guide	2	1;8
amazon	B082L26FLX	ポーレックス コーヒーミル II ミニ	outdoor-coffee-mill	1	1
amazon	B0832CJ39Z	FIELDOOR レジャーテーブル ロールテーブル 90cm×60cm 木製 ウッド ローテーブル	low-style-table	1	3
amazon	B083K4J71H	【楽天1位】FIELDOOR アウトドアテーブル 180cm/240cm 折りたたみ 三つ折り アルミ レジャーテーブル 長机 ワイド 大型 6人〜8人 対応 高さ調整 2段階 キャンプ バーベキュー BBQ イベント 運動会 作業台 屋外 屋内 軽量 コンパクト収納 大人数対応 1年保証 ■[送料無料]	group-camp-table	1	2
amazon	B083KL3X2N	BUNDOK（バンドック）薪キャリースタンド BD-904 ログキャリー	log-carrier	1	2
amazon	B083X9HCJC	ロゴス ツーリングドゥーブル-BJ DUO 単品	logos-tent	1	1
amazon	B0843M38FP	ogawa ティエラ5-EX 2 5人用 2776 ダークブラウン×サンドベージュ	ogawa-tent	1	5
amazon	B0843NLZF8	ogawa ツインクレスタ 3347	ogawa-tent	1	3
amazon	B0845RPYDM	【Bears Rock】くるむん ボアロング 頭まわりまで暖かい ボアフリースロングタイプ 毛布 寝袋 インナーシュラフ	sleeping-bag-liner	1	4
amazon	B0845XGKYX	【Bears Rock】くるむん ふんわりとした 寝袋 インナーシュラフ 暖かい フリース 毛布 ブランケット ひざ掛け	sleeping-bag-liner	1	1
amazon	B084C9J51D	スノーピーク(snow peak) ミニッツドーム Pro.air 1	air-frame-tent	1	2
amazon	B084HLLQZ3	ベアボーンズ ミニ エジソン ランタン LED	barebones-light	1	4
amazon	B084QL7W75	DOD ワンポールテントL T8-200-TN ワンポールテント	dod-tent	1	2
amazon	B084QLFL81	DOD ワンポールテントS T3-44-TN 6角形 ポリエステル 3人用 耐水圧2,000mm コンパクト	one-pole-tent	1	4
amazon	B085632ZGY	Helinox ヘリノックス グラウンドチェア Ground Chair	helinox-chair	1	3
amazon	B085C5H9DP	【1年保証】Lepro LEDランタン 4個入り キャンプ ライト 高輝度 3色切替 クリップフック付 吊り下げ使用可能 ポータブル 小型 キャンプランプ アウトドア 登山 夜釣り 防災 停電 緊急 非常用 ledランタン ハロウィン 飾り ライト父の日	mountain-camp-lantern	1	5
amazon	B085DQGQZV	Field to Summit ライスクッカー 3合 OFCARC2 アルミ アルマイト 目盛付 ハンドル付	mestin-recommend	1	3
amazon	B085TD65KT	【Bears Rock】 寝心地のよさでロングセラー 自動膨張式 定番 キャンプマット 5cm シングル 枕付き　冬の底冷えに強い　インフレータブルマット　インフレーター　張りと弾力　車中泊　防災の備えに	camp-sleeping-mat	1	2
amazon	B085Y1CY5H	ユニフレーム テーブルトップバーナー US-D2 610107	uniflame-burner	1	2
amazon	B085Y1KHLC	ユニフレーム ファイアグリルsolo 683095	uniflame-fire-grill	1	2
amazon	B0861X67H7	FIELDOOR カンガルーテント100 インナー フルクローズタイプ	inner-tent-kangaroo	1	4
amazon	B0861ZTY7B	【楽天1位】FIELDOOR テント 大型 ドームテント トンネルテント 620 260cm×620cm 2ルームテント 4人用 6人用 8人用 耐水 遮熱 UVカット インナーテント付き シェルター キャンプテント メッシュ ツールームテント 前室 日よけ キャンプ 1年保証 ★[送料無料]	two-room-tent-guide	1	1
amazon	B086PTNDMW	良木工房(YOSHIKI) 竹製 スパイスボックス キッチンペーパーホルダー付き	spice-box	1	4
amazon	B08723QJDW	キャプテンスタッグ 火起し器 スリム チャコールスターター UG-3281	charcoal-starter	1	1
amazon	B08747KL4Y	アトラス 缶ホルダー AWCH-350/500 ネイビー	insulated-tumbler	1	4
amazon	B088NSN12G	テント ワンタッチテント 完全遮光 ブラックコーティング フルクローズ 4人用 3人用 ワンタッチ おしゃれ ドームテント 折りたたみ 簡易テント 軽量 防水 キャンプ アウトドア ベランピング ソロキャンプ 公園	stylish-camp-tent	1	2
amazon	B088R5SQRG	モダンデコ ワンタッチタープテント 2.5m	one-touch-tarp	1	5
amazon	B08975LSRJ	村の鍛冶屋 ステンレス キャンプカトラリー 3本セット	camp-cutlery	1	3
amazon	B089G8VTD7	モンベル ダウンハガー650 #3 R/ZIP #1121382	montbell-sleeping-bag	1	2
amazon	B08B5YFW8F	*マラソン10%offCP*【送料無料】おすすめ アウトドア マット キャンプマット キャンピングマット 折りたたみ 蛇腹 キャンプ用品 レジャー 188cm×57cm XPEフォーム 軽量 防水 防湿 車中泊 キャンプ 防災 登山 ピクニック サイズ 57cm×188cm アウトドア寝具	family-camp-mat	1	4
amazon	B08BTR3CPV	アッシュコンセプト h tag カッティングマット S DH-010-S	folding-cutting-board	1	3
amazon	B08BX7K3HY	ロゴス(LOGOS) 丸洗いやわらかあったかシュラフ	washable-sleeping-bag	1	3
amazon	B08BYH5ZQK	VISIONPEAKS キャンバスリラックスチェア 焚き火チェア ハイバック TC生地 収納袋付き VP1645002	camp-chair-highback;fireproof-chair	2	4;1
amazon	B08C9SJY91	FIELDOOR チタンマグカップ ふた付 450ml	titanium-mug	1	4
amazon	B08CGPHQ9L	*15%OFFクーポン*【送料無料】防災士監修 リバーシブル キャンピングマット エアーマット アウトドア 用品 キャンプ 雑貨 インフレータブル 車中泊 エアー マットレス 自動膨張 レジャー 行楽 ハイキング 登山 花見 フェス 厚さ 5cm 防災 おうちキャンプ	family-camp-mat	1	3
amazon	B08CV8XM26	Naturehike 封筒型寝袋 225×75cm 最大限界温度-12℃ 連結可能 1人用 丸洗い可能	naturehike-sleeping-bag;sleeping-bag-summer-cospa	2	3;4
amazon	B08CVB4FF6	Naturehike 3.5シーズン 封筒型寝袋 洗える コンパクト 軽量 1人用 撥水 連結可能	naturehike-sleeping-bag	1	1
amazon	B08CXDQ667	【最大5,000円OFF！27日1:59まで】DOD クーラーバッグ ソフトクーラーバッグ 23Lサイズ ソフトクーラー デイキャンプ BBQ ドリンク 食材 保冷 運搬 アウトドア キャンプ ソフトくらお（23） CL2-732-TN タン	cooler-box-day-camp;day-camp-cooler-box	2	5;5
amazon	B08CZRB714	コールマン 2500ノーススター LPガスランタン レッド 2000015521	coleman-lantern	1	1
amazon	B08CZWJ7P8	TokyoCamp 焚き火台 軽量 ミニ ソロ コンパクト 折りたたみ式 ソロキャンプ ファミリーキャンプ	bonfire-stand-solo	1	1
amazon	B08DHM8V4G	CAMPING MOON リラックスローチェア F-1002C コヨーテ 帆布	fireproof-chair	1	5
amazon	B08F9MX477	アウトドア ナイフ 多喜火鉈110mm ナタ キャンプ 鉈 バトニングナイフ 薪割りナイフ 薪割り 両刃 バトニング フルタング 焚き火 焚火	camp-nata	1	1
amazon	B08G44M7DL	【楽天1位】テント 一人用 ドームテント UVカット ソロテント ドーム型 耐水圧 1,500mm以上 シルバーコーティング メッシュ フルクローズテント キャノピー キャノピーテント インナーテント テントポール 簡易テント 軽量 FIELDOOR 1年保証 ★[送料無料]	solo-tent-overall	1	1
amazon	B08GC7FVT4	Soomloom Adranus レクタタープ TCポリコットン 3.0m×3.85m	tc-tarp-takibi	1	1
amazon	B08GLGVGJ1	楽天総合1位 LED ランタン 63灯 USB 手回し ソーラー 電池 車載充電 アウトドア 充電式 懐中電灯 キャンプ 登山 停電 防災対策	camp-lantern-led;family-camp-lantern	2	2;1
amazon	B08HMPC73K	スノーピーク 焚火台Lスターターセット SET-112S	snowpeak-bonfire	1	5
amazon	B08HMPH45X	スノーピーク 焚火台 L ST-032RS	snowpeak-bonfire	1	3
amazon	B08JQYGMGX	ドイター フューチュラ Pro 36 D3401121-7403	deuter-backpack	1	4
amazon	B08K2GG9CS	DOD スゴイッス C1-774-TN 高さ調整 角度調整 耐荷重100kg 1人用チェア	dod-chair	1	2
amazon	B08KH1J62F	コールマン シールド30 リュック バックパック 30L 防水 撥水 2000037785	waterproof-backpack	1	4
amazon	B08L4LCF56	＼めざましテレビで紹介されました！／ アウトドアチェア キャンプ椅子 キャンプチェア 軽量 折りたたみ椅子 アウトドア チェア コンパクト アルミ キャンプ 運動会 椅子 イス キャンプ椅子 携帯 送料無料 超軽量 YMBSTORE ハンモック オシャレ ロータイプ チェアリング	camp-chair-lightweight	1	1
amazon	B08LK9Z3FK	FIELDOOR ワンタッチテント100	solo-tent-lightweight	1	4
amazon	B08LP148YT	OSPREY（オスプレー）デイライト DAYLITE 13L	osprey-daily-backpack	1	2
amazon	B08LP1WWPT	OSPREY デイライトプラス DAYLITE PLUS OS57176 バックパック	camp-backpack-capacity-guide;osprey-backpack;osprey-daily-backpack	3	1;1;1
amazon	B08M3ZKMW3	イスカ ISUKA ゴアテックスインフィニアム シュラフカバーUL ワイド ネイビーブルー	sleeping-bag-cover	1	5
amazon	B08M93LL4B	テンマクデザイン(tent-Mark DESIGNS) モノポールインナーテント メッシュ カンガルーテント フルメッシュ	inner-tent-kangaroo	1	1
amazon	B08P577J2W	コールマン ラギッド パッカウェイランタン 電池式 LED 2000036871	coleman-lantern	1	5
amazon	B08P57HNCJ	コールマン ハンギング Eライト 充電式 LEDランタン 2000037352	coleman-lantern	1	2
amazon	B08P5811G7	コールマン ツーリングドームST 一人用 2人用 ソロテント ドームテント 2000038141	coleman-tent;duo-tent;solo-camp-beginners-guide	3	2;1;1
amazon	B08P589XPT	コールマン ツーリングドームLX	duo-tent;tent-size-beginner-guide	2	4;2
amazon	B08P58X27Z	コールマン ファイアーディスク ソロ 2000037404	coleman-bonfire	1	2
amazon	B08P6PVBMJ	ベアボーンズ レイルロードランタン 充電式 LED	barebones-light	1	2
amazon	B08Q7JTHTF	LACITA 81W ソーラーパネル ソーラーチャージャー 折りたたみ式	solar-panel-folding	1	4
amazon	B08QS2P24F	コールマン BCクロスドーム/270 ファミリーテント ドームテント 4人用 5人用 2000038429	coleman-tent;tent-size-beginner-guide	2	1;3
amazon	B08SJ24L6Q	小川キャンパル OGAWA カーサイドタープ AL-II (AL-2) 車用	car-side-tarp	1	5
amazon	B08SJF98TR	ogawa タッソ 1〜2人用 T/C サンドベージュ 2727	ogawa-tent	1	2
amazon	B08SLKMGLB	TIMBER RIDGE リクライニングチェア 耐荷重160kg	infinity-chair	1	3
amazon	B08T5Q1MGW	FIELDOOR ポータブルチェア ミドルバック T/C カーキ ロータイプ 座面高23cm	fireproof-chair	1	3
amazon	B08TC2WD93	アッシュコンセプト h tag カッティングマット SS DH-010-SS	folding-cutting-board	1	5
amazon	B08TGQFV1N	【日本限定モデル】ハスクバーナ 手斧 ハチェットヤンキー 700g 正規品 純正 599674401 日本限定モデル【Husqvarna 斧 薪割り キャンプ薪割り ハンドアックス アウトドア 木こりオノ 作業斧 手工具 切断 ハスク】【おしゃれ おすすめ】[CB99]	hand-axe	1	5
amazon	B08TQJQYX8	ジェントス LEDランタン EX-366D Explorer	gentos-light	1	2
amazon	B08TQLQKHX	【楽天1位】FIELDOOR 折りたたみ ウォータータンク 15リットル 15L 蛇口コック付き 災害時の備えからレジャー・アウトドアまで キャンプ アウトドア用品 折りたたみ式 防災用品 地震 台風 停電 対策 給水袋 ウォータージャグ 給水タンク 1年保証 ★[送料無料]	water-jug	1	1
amazon	B08TQM4F53	ジェントス LEDランタン EX-334D 440ルーメン Explorer	gentos-light	1	3
amazon	B08TR4QFP4	ジェントス LEDランタン EX-450H 高輝度 1100ルーメン Explorer	gentos-light	1	1
amazon	B08V1J1DL3	OneTigris ROCUBOID Titanium チタン製ポケットストーブ ミニ焚き火台 軽量 コンパクト 折り畳み 収納バッグ付	bonfire-stand-solo	1	2
amazon	B08VFHJJLG	M.O.L 充電式LEDランタン MOL-L400 (ロープハンドル／最大400lm) [MOL ランタン LEDライト 照明 キャンプ アウトドア ランプ 防災]	camp-lighting-guide	1	2
amazon	B08VJ12DNW	DOD テキーラテーブル TB4-746-BK	dod-table	1	1
amazon	B08VN99N8L	【在庫処分】【訳あり】【特価品】【送料無料】ソロティピー/BUNDOK(バンドック)/BDK-75/テント ソロ モノポールテント ワンポール ティピー型 ティピーテント ソロ 一人用 キャンプ アウトドア	solo-tent-beginner	1	1
amazon	B08W4ZTRPT	キャリー・ザ・サン スモール CARRY THE SUN SMALL 折り畳み LED ランタン 太陽光パネル ソーラー充電 軽量 防水 防災グッズ 非常用 インテリア雑貨 シンプル かわいい ギフト プレゼント 登山 フェス おしゃれ キャンプ アウトドア	mountain-camp-lantern	1	2
amazon	B08W8YCNQW	Field to Summit フレイムストーブMAX OFBMAX 二次燃焼 焚き火台 ステンレス304 キャリーバッグ付	secondary-combustion-bonfire	1	1
amazon	B08WRWRXJS	ZEN Camps 焚き火シート スパッタシート 95cm×60cm 防炎 耐火 耐熱 ブラック	bonfire-sheet	1	1
amazon	B08XHRXQ1Y	【ドイツで年間7000個販売】NORDKAMM 登山バックパック 30L レインカバー ヘルメットホルダー付き 防水 耐水圧2000mm 軽量 大容量 防災 災害用 旅行 アウトドア キャンプ ザック リュック バッグ	mountain-backpack-30l	1	1
amazon	B08XMDC7RF	TITAN MANIA(チタンマニア) クッカー チタン製 750ml 蓋付き 折りたたみハンドル	titanium-cooker	1	3
amazon	B08XNFK5CR	チタンマニア チタン箸 23cm	camp-cutlery	1	5
amazon	B08XVXVC28	ホンマ製作所 ステンレススモーカー F-240S	camp-smoker	1	1
amazon	B08XZ42CQV	スノーピーク HOME&CAMPランタン ES-080(ブラック)	snowpeak-lantern	1	5
amazon	B08YNB5WZJ	モダンデコ ワンタッチタープテント 3m	one-touch-tarp	1	3
amazon	B08Z6WVTL8	BUNDOK 焚き火チェア BD-111 カーキ 綿100％ 座面高11cm	fireproof-chair;low-style-chair	2	4;4
amazon	B08Z7CDSQV	アウトドア キャンプ 折りたたみ テーブルチェアセット 軽量 アルミ ピクニックテーブル ベンチ レジャー キャンプテーブル セット 2段階 高さ調節 チェアベンチ収納式 椅子付き	camp-table-set	1	4
amazon	B08ZHWTGBH	Naturehike ハンギングラック M・Lサイズ ランタンスタンド 物干しフック付 アルミ合金 折りたたみ	hanging-rack	1	4
amazon	B08ZVC2YDV	イスカ エアドライト140 ダークネイビー	isuka-sleeping-bag	1	4
amazon	B091PN2633	ハイドロフラスク Cooler Cup クーラーカップ 12oz（354ml）ホワイト	insulated-tumbler	1	3
amazon	B093BJS888	OneTigris ダウンブランケット 195×135cm グリーン	camp-blanket;camp-gift;winter-camp-guide	3	1;6;11
amazon	B093L1PZ5P	オレゴニアンキャンパー ポップアップ トラッシュボックス R2 45L	camp-dust-stand	1	2
amazon	B094MWXPL2	ロゴス Tradcanvas Q-TOP リバイバルSOLO DOME-BA 71805587	logos-tent	1	4
amazon	B095K1TYDQ	スノーピーク エントリーパックTT SET-250RH（テント＋タープ 4人用）	snowpeak-tent	1	1
amazon	B095KHVRQ6	良木工房(YOSHIKI) 竹製 包丁まな板セット Mサイズ YK-KBM1	folding-cutting-board	1	1
amazon	B0963BHF7M	OneTigris SOLO HOMESTEAD ポリコットンTC ブラウン 1〜2人用（煙突口付き）	winter-camp-guide;winter-camp-tent	2	2;1
amazon	B096B3XDH3	ヘッドライト 充電式 超軽量42g センサー搭載のLEDヘッドライト IP44 防塵・防水 LED ライト USB充電 小型 強力 高輝度 防災 災害 グッズ キャンプ アウトドア 登山 アウトドア用品 キャンプ用品 釣り 作業用 散歩 林業 農業 LAD WEATHER ラドウェザー	camp-headlight-beginner	1	5
amazon	B0995JZZQZ	グランドエイトロング 銀マット 折りたたみ 3枚セット 95×285cm 厚さ8mm	closed-cell-mat	1	3
amazon	B099KC98R6	キャプテンスタッグ スキレット 鉄 フライパン 20cm シーズニング不要 UG-3028	camp-skillet	1	1
amazon	B099NJ82YB	YOGOTO スパイスボックス 第三世代-黒 調味料ケース ランチボックス兼用	spice-box	1	5
amazon	B09B1Z4MM9	Anker Solix F1200 ポータブル電源 1229Wh 定格1500W 1.5H満充電 リン酸鉄 長寿命10年 純正弦波 アプリ遠隔操作	anker-power	1	3
amazon	B09BF5HLRY	LAD WEATHER ラドウェザー アウトドアチェア ハイバック 折りたたみ コンパクト 収納袋付き ソロキャンプ	camp-chair-highback	1	5
amazon	B09BJFL6B7	キャプテンスタッグ 木製食器 ハンドル付きカレー皿 17cm	wooden-tableware	1	3
amazon	B09BVG62QY	驚異の明るさ1,000ルーメン！LEDランタン 防滴 防塵 電池式 乾電池式 LED ランタン LEDライト/防災/防災グッズ/キャンプ用品 アウトドア用品 LAD WEATHER ラドウェザー 送料無料	camp-lantern-led	1	3
amazon	B09C1W43RL	大型テント 6人用 5人用 4人用 家族 ドーム型 簡単 軽量 UVカット UPF50+ キャノピーテント キャンプ テント 防水 耐水圧 2000mm 防災 レジャー メッシュ テント 日よけ 海 山 通気 大人数 大型 PYKES PEAK パイクスピーク	group-camp-tent;large-tent-guide	2	4;5
amazon	B09C27KTG9	PYKES PEAK ソロドーム（1人用）	solo-tent-lightweight	1	2
amazon	B09D2WSXWQ	当店限定色あり《全8色》ブルーノLEDランタン BRUNO LED LANTERN ライト 電灯 電池式 無段階調光 持ち手付き 雑貨 アンティーク ギフト プレゼント 新生活 防災グッズ 災害 非常用 ベランピング ピクニック BBQ おしゃれ キャンプ アウトドア	camp-lantern-led	1	4
amazon	B09DBDH7VB	モンベル シームレスダウンハガー800 #3 R/ZIP #1121401	montbell-sleeping-bag	1	1
amazon	B09DCH4562	LAD WEATHER 防災ラジオ ブラック（AM/FM・ソーラー＋手回し＋乾電池）	disaster-radio	1	3
amazon	B09F2ZNC93	VASTLAND インフレーターマット 厚さ 8cm	mountain-camp-mat	1	3
amazon	B09FJ7JL5B	趣味職人 日本製 車カーテン 汎用（間仕切り・日除け）	car-shade	1	3
amazon	B09FJLPYGP	FIELDOOR 火消し袋 炭処理袋 30cm Sサイズ 容量4L グラスファイバー 難燃 耐熱	fire-extinguish-pot	1	5
amazon	B09FL4VCVD	Field to Summit 薪ばさみ 34cm OFHTONG34 木製ハンドル 火ばさみ 炭ばさみ	fire-tongs	1	5
amazon	B09GFK52HD	TOMOUNT ベルテント TC Mサイズ(4×4×2.5m) ベージュ	winter-camp-tent	1	3
amazon	B09GKQ7MXY	クーポンで15%OFF★Bush Craft Inc. ブッシュクラフト 焚き火グリルプレート【Sx】【T】ギフト｜アウトドア キャンプ バーベキュー 調理器具 焼き網 アルミ 軽量 携帯 調理プレート BBQグリル 収納ケース付き	camp-grill-plate	1	4
amazon	B09HGQW8RM	コールマン リチャージャブルランタン 充電式 LED 2000038857	coleman-lantern	1	4
amazon	B09JG64BF7	【楽天1位】テント 4人用 ドームテント 大型 5人用 6人用 キャンプテント UVカット キャノピー ポール 付 耐水圧 1,500mm以上 キャノピーテント フルクローズテント テント メッシュ 日よけ 組み立て式 FIELDOOR 1年保証 ■[送料無料]	large-tent-guide	1	3
amazon	B09JG6FCF5	FIELDOOR チタンケトル 700ml 約14.5cm チタン製 軽量 コンパクト 直火 キャンピングケトル	camp-kettle-recommend	1	4
amazon	B09JNP1QC3	FIELDOOR ストーブファン ノーマルタイプ 4枚羽根 直径約18cm	stove-fan	1	1
amazon	B09JXK4YSD	OSPREY ストラトス 36 Stratos 36L バックパック	camp-backpack-capacity-guide;osprey-backpack	2	2;2
amazon	B09JY35BHR	OSPREY シラス 24 SIRRUS 24 レディース バックパック	osprey-backpack	1	3
amazon	B09K4ZPQJ3	Naturehike キャンプマット 厚手5cm/10cm 自動膨張 インフレーターマット 無限連結可能 4シーズン	naturehike-mat	1	2
amazon	B09K65JX3G	ZEN Camps 火消し袋 アッシュキャリー Mサイズ 幅29×高32cm 耐熱 難燃 炭処理袋	fire-extinguish-pot	1	1
amazon	B09K7K8D4Q	waku fimac 大型風防板 リフレクター（ウインドスクリーン）	camp-windscreen	1	2
amazon	B09KQ1TH49	OSPREY フェアビュー40 トラベルパック FAIRVIEW 40 レディース バックパック	osprey-backpack	1	4
amazon	B09KX7GW39	スノーピーク アルミパーソナルクッカーセット SCS-020R	solo-camp-beginners-guide	1	5
amazon	B09LHFQ67Y	RELAX マルチレトロラジオ ブラック（1台7役・Bluetooth対応）	disaster-radio	1	5
amazon	B09M7DHJ1P	登山リュック ザック 30L 軽量 コンパクト 背負いやすい 日帰り ハイキング トレッキング 低山 富士山 初心者OK 女性にも タウンユース 旅行 機内持ち込み Mendoza 30 アコンカグア	mountain-backpack-30l	1	3
amazon	B09MQ8PWMJ	ラドウェザー LAD WEATHER 防寒手袋 完全防水 3M高級中綿 スマートフォン対応	camp-gift;winter-camp-gloves;winter-camp-guide	3	2;1;10
amazon	B09MS61HDW	コールマン インフィニティチェア オリーブ 2000038848	coleman-chair	1	5
amazon	B09MY9XS7F	ザ・ノース・フェイス BCヒューズボックス2 30L NM82255	northface-backpack	1	1
amazon	B09NBKVJXF	キャプテンスタッグ ビストロ フォールディングテーブル 高さ4段階調整 アルミ ハイテーブル 木目ブラウン	captain-stag-table	1	3
amazon	B09QC3YB73	【数量限定★超目玉割引CP】自動膨張 2人用 ダブル キャンピングマット 厚さ2.5cm インフレータブル エアマット 車中泊マット ミニバン 宿泊 キャンプ用品 テントマット エアーマット レジャー アウトドア 防災 連結 段差解消 クッション 軽量 ファミリー 簡易ベッド ad089	family-camp-mat	1	1
amazon	B09QCXMY6J	ギフト 台風 防災グッズ 地震 台風 充電式 LEDランタン LIVELIFE Aurora1200ルーメン ランタン 防災用 台風 暖色 キャンプ ランプ usb充電式 5200mAh マグネット 吊り下げ式 非常灯 SOSライト led電球 モバイルバッテリー機能 小型 明るい 車中泊	car-camp-lighting	1	4
amazon	B09QM4DSPP	アトラス 超保温ボトル TEMPEAK 500〜1200ml	thermal-bottle	1	4
amazon	B09QM8KYZ3	KZM ギルバートランタン LEDランタン ランタン 充電式 停電 防災 キャンプ 吊り下げ 置き型 LED ランプ レトロ アンティーク おしゃれ かっこいい 明るい 調光 コードレス ソロキャンプ 収納 携帯 持ち運び 照明 ライト 防災グッズ 防災用品	camp-lighting-guide	1	4
amazon	B09QPZKT94	ロゴス ROSY ドゥーブルXL グレー	logos-tent	1	5
amazon	B09QZ3P8B8	ogawa アポロンS 3人用 2777 サンドベージュ×ダークブラウン	ogawa-tent	1	4
amazon	B09QZ3VJ1M	ogawa ヴィガス2 3人用 2653 サンドベージュ×ダークブラウン	ogawa-tent	1	1
amazon	B09RMPF38M	DOD フツーノトング TG1-899-BK 火ばさみ 焚き火 トング	fire-tongs	1	2
amazon	B09RYSH3J2	Field to Summit フレイムストーブMAX MINI OFBMAXMI 二次燃焼 焚き火台 ステンレス キャリーバッグ付	secondary-combustion-bonfire	1	2
amazon	B09RZMF2J8	ナンガ NANGA ウォータープルーフ スリーピングバッグカバー NS2244-2Z303 カーキ	sleeping-bag-cover	1	1
amazon	B09S5KWBP3	WAQ Alpha TC アルファ TC/FT WAQ-TCFT1 ファミリー用テント ソロテント シェルター ティピテント ワンポールテント 【1年保証】	family-camp-summer-tent;family-camp-tent	2	5;5
amazon	B09SGXMJ7P	ロゴス ROSY オーニングドーム Mプラス	logos-tent	1	3
amazon	B09SH943YZ	VASTLAND オイルランタン	oil-lantern	1	1
amazon	B09TNTZV8S	EVERNEW(エバニュー) Ti マグポット 900 ECA539	titanium-cooker	1	5
amazon	B09TSSD8ML	【楽天1位】FIELDOOR タープテント ヘキサタープ 大型 Mサイズ 440cm×470cm 日よけ 日除け 六角形 UVカット 高耐水 4人〜6人用 簡易テント サンシェード オーニング ヘキサゴンタープ タープ テント コンパクト アウトドア BBQ キャンプ 1年保証 ★[送料無料]	camp-tarp-beginner	1	5
amazon	B09VK4FXSK	EVERNEW(エバニュー) Ti U.L. Solo set 750 ECA540 ソロクッカーセット	titanium-cooker	1	4
amazon	B09VP3XBD6	【楽天137週1位★累計32万脚突破】アウトドアチェア キャンプ椅子 キャンプチェア 軽量 折りたたみ椅子 アウトドア チェア コンパクト ローチェア おしゃれ キャンプ 椅子 イス チェアー 室内 ソファ代わり/ウルトラライトフィットチェア ロータイプ 超軽量 ポンコタンチェア	camp-chair-lightweight	1	2
amazon	B09VS9CSQL	GREGORY ルーヌ22 RHUNE 22L PC/タブレット収納スリーブ	gregory-backpack	1	4
amazon	B09W5262RF	Coleman(コールマン) タフスクリーン2ルームエアー DARKROOM LDX+	air-frame-tent	1	5
amazon	B09W5JXYCP	DOD ヤドカリテント T6-662-TN 2ルーム ワンポールテント 6人用 インナーテント付属 耐水圧2,000mm	dod-tent	1	4
amazon	B09W65V1VC	キャンピングムーン キャンプケトル 直火 やかん 1.5L アルミ フラット型 防錆	camp-kettle-recommend	1	3
amazon	B09W67C7XK	キャンピングムーン キャンプケトル 直火 やかん 1L/1.5L/2.0L アルミ 軽量 コンパクト	camp-kettle-recommend	1	1
amazon	B09XPYRKYL	＼初心者必見／ たき火台 キャンプ コンパクト アイリスオーヤマ たき火 バーベキューコンロ 折りたたみ式 レジャー 焚き火 グリル 軽量 ステンレス 調理 焼き 網 ミニ焚き火台 キャンプ アウトドア 1人用 2人用 BBQ TKB-ST43	bonfire-stand-beginner	1	1
amazon	B09XQ4NYH4	＼初心者必見／焚き火三脚 焚き火 三脚 たき火スタンド アイリスオーヤマ 送料無料 トライポッド 焚火 たき火 キャンプ アウトドア レジャー バーベキュー BBQ コンパクト 収納 組立 簡単 アウトドア TKB-TP135	bonfire-stand-beginner	1	2
amazon	B09XQKJ8JT	【CAMPHACKで紹介されました！】＼初心者必見／焚き火テーブル 囲炉裏 焚き火 テーブル アイリスオーヤマ 送料無料 たき火 キャンプ アウトドア レジャー コンパクト 収納 キャンプ テーブル たき火台 キャンプ 焚き火 TKB-TB98	bonfire-stand-beginner	1	3
amazon	B09XR78YKV	ジェントス フィラメントLEDランタン EX-700F 700ルーメン 無段階調光 乾電池式 防滴	gentos-light	1	4
amazon	B09YCQ6WBK	26春夏 MAMMUT マムート メンズ レディース (ユニセックス) Lithium 30 2530-03152 30L バックパック バッグ ザック リュックサック 登山 アウトドア キャンプ	mountain-backpack-30l	1	4
amazon	B09Z2JCM6Q	VASTLAND ホットサンドメーカー シングル 直火・IH対応 着脱式 フッ素樹脂加工	hot-sandwich-maker	1	1
amazon	B09ZH9W52Z	テンマクデザイン サーカスTC DX+ ワンポールテント 2〜4人用 ポール付き 防水 防風 遮光	one-pole-tent;winter-camp-tent	2	1;2
amazon	B09ZN6T83N	ペツル ティカコア E067AA00(グレー)	petzl-headlight	1	3
amazon	B09ZXGVH9M	BUNDOK イージーローコット BD-204 折りたたみ アウトドアベッド	family-camp-cot	1	4
amazon	B0B122LB2J	キャンピングムーン チャコールスターター MT-17	charcoal-starter	1	5
amazon	B0B123BT82	キャプテンスタッグ 焚火台 ソロライトグリル UG-0093 ステンレス製 収納バッグ付き	captain-stag-bonfire	1	5
amazon	B0B17P4VG1	【Bears Rock】-6度 封筒型 ふんわり暖かい 3.5シーズン 洗える 寝袋 ふわ暖 キャンプ 防災 ツーリング アウトドア 洗える寝袋 丸洗い 夏用 防災用 軽量 -6℃ コンパクト 冬用 布団 防災グッズ 車中泊 ボーイスカウト オールシーズン 林間学校 野外活動 シュラフ MX-604	sleeping-bag-summer-cospa	1	2
amazon	B0B1H7K61K	OneTigris ポリコットンTC SOLO HOMESTEAD 煙突口あり キャンプテント ポール付き TCグランドシートあり 軍幕 ソロキャンプ 焚き火 1-2人用 グリーン ブラウン ブラック	solo-tent-overall	1	2
amazon	B0B1PVD4SL	VASTLAND キャンプケトル アウトドアケトル やかん 1.3L アルミ 直火対応	camp-kettle-recommend	1	2
amazon	B0B24BGQS1	TSBBQ ライトステンレス ハーフダッチオーブン 10インチ 浅型 ミラー仕上げ TSBBQ-029 オール熱源対応 燕三条製	dutch-oven	1	5
amazon	B0B2DWM25S	ロゴス Bamboo ナイフ＆まな板セット 81280009 キャンプ クッキング LOGOS	camp-knife-beginner	1	5
amazon	B0B2W946JV	OneTigris ROC SHIELD ポリコットンTC 炎幕 パップテント 軍幕 煙突口 全面フルクローズ可 ポール付属 焚き火可	pup-tent	1	4
amazon	B0B38QLNP1	Evoon 防水スプレー NEOTECT 300ml 合皮 スウェード テント キャンプ対応	tent-waterproof-spray	1	4
amazon	B0B3J1KNXB	キャプテンスタッグ CSオイルランタン UK-506（オイル＆ケース付き）	oil-lantern	1	5
amazon	B0B3JD2FM2	ザ・ノース・フェイス ホットショット 27L NM72302	northface-backpack	1	4
amazon	B0B3JD9RGJ	ザ・ノース・フェイス シングルショット 20L ブラック NM72303 K ユニセックス	attack-pack	1	2
amazon	B0B3JGXSJH	ザ・ノース・フェイス ビッグショット 33L NM72301	northface-backpack	1	3
amazon	B0B4ZS2SHR	ワタナベ工業 電気カーペット WHC-105 1畳 88×176cm 本体 日本製	camp-hot-carpet	1	3
amazon	B0B68M969C	【楽天1位】キャンプ お買い得 4点セット （ファミリーテント+タープ+シート+ポール） 4人〜6人用 大型 キャンプテント ドームテント キャノピーテント フルクローズ 組み立て簡単 入門 初心者 エントリー アウトドア キャンプ FIELDOOR 1年保証 ■[送料無料]	family-camp-summer-tent	1	2
amazon	B0B6BK85DZ	WAQ フォールディングウッドチェア WAQ-FWC1 木製チェア コンパクトチェア 折りたたみ	waq-chair	1	2
amazon	B0B6PXXDTZ	WAQ SOFT COOLER BOX (M) 42L ソフトクーラーボックス ファミリーキャンプ用 4-5人用	camp-cooler-soft	1	1
amazon	B0B7B6559B	イワタニ カセットガスストーブ デカ暖2 CB-STV-DKD2	cassette-gas-heater	1	3
amazon	B0B7BDQWCY	イワタニ カセットガスファンヒーター 風暖 CB-GFH-5	cassette-gas-heater	1	2
amazon	B0B7RYDRRN	【保冷材付きセット 超低温タイプ】アイリスオーヤマ HUGEL ヒューゲル VITC-40 HHC-L クーラーボックス 40L 保冷バック ハード 大型 チャコールグレー 真空断熱 釣り アウトドア スポーツ レジャー キャンプ 防災 VITC40 HHCL【送料無料】	camp-cooler-box-beginner	1	3
amazon	B0B7S1MQ3L	アイリスオーヤマ HUGEL ヒューゲル VITC-20 クーラーボックス 20L 保冷バック ハード 小型 チャコールグレー 真空断熱 釣り アウトドア スポーツ レジャー キャンプ 防災 VITC20 【送料無料】	camp-cooler-box-overall	1	4
amazon	B0B86W8MN3	ChillCamping 焚き火シート Lサイズ スパッタシート 耐熱 耐火 ブラック	bonfire-sheet	1	3
amazon	B0B8LYQH14	VASTLAND クッカー 4点セット アルミ キャンプ用 コッヘル 調理器具 鍋 収納袋付き	camp-cooker-beginner	1	3
amazon	B0B9GP5LMQ	BougeRV ポータブル冷蔵庫 CR Pro 20 20L ブラック	portable-fridge	1	2
amazon	B0BBC21QBM	車載電気ケトル 保温機能付き 450ml DC12V/24V	portable-electric-kettle	1	5
amazon	B0BBV1T6X3	ベアボーンズ エジソン ライトスティック 充電式 LED LIV-145	barebones-light	1	1
amazon	B0BCD74LZ1	【送料無料】ソロドーム/BUNDOK(バンドック)/BDK-08O/テント ソロドーム ソロテント 1人用 コンパクト ソロキャンプ フェス 防災 バイク ツーリング ドーム型 ミリタリー 軽量 コンパクト 耐風 耐水圧 撥水	solo-tent-beginner;solo-tent-lightweight;tent-size-beginner-guide	3	4;5;1
amazon	B0BCFL5CB4	WAQ RELAXING PILLOW キャンプ用まくら 自動膨張式 連結 インフレータブル 1年保証	camp-pillow	1	2
amazon	B0BFKFC9YJ	EcoFlow ポータブル電源 RIVER 2 Pro 768Wh 1.2hフル充電 アプリ対応 長寿命	ecoflow-power	1	2
amazon	B0BG22H6TJ	キャンプグリーブ 反射材入りガイロープ 4mm×50m巻（自在金具12個付・耐荷重350kg）	guy-rope-recommend	1	4
amazon	B0BGN77RT8	OneTigris CONIFER ポリコットンT/C 煙突テント ワンポールテント 二股ポール 1〜2人用 焚火可 撥水	one-pole-tent	1	2
amazon	B0BH8MXKSR	シェアスタイル カーサイドシェルター 330cm×350cm 耐水圧1500mm スカート付き 6人用 車用 オーニング	car-side-tarp	1	2
amazon	B0BHD6D791	クーヴァ KURVE 2ルーム トンネルテント 大型 5人用 サンド QC-KURVE SD ドームテント ドーム型テント 2ルームテント キャンプテント 家族 クイックキャンプ QUICKCAMP 春レジャー	two-room-tent-guide	1	2
amazon	B0BHHBZTN8	Coleman(コールマン) ツーリングドームエアー DARKROOM ST+(1~2人用)	air-frame-tent	1	1
amazon	B0BJ63G2SJ	★20％オフクーポンあり→21,032円★完売次第廃盤★送料無料 OneTigris TETRAピラミッドテント 160cm インナー付き ポール付き 軽量 ワンポールテント ソロテント キャンプテント 登山 アウトドア 2人用 1人用 キャンプ旅行 ソロキャンプ	mountain-tent-cheap	1	5
amazon	B0BJP6SBQ2	Coleman(コールマン) 調味料入れ スパイスボックス	spice-box	1	2
amazon	B0BKKLQ25G	ヘキサタープ 500×480cm タープテント タープ ヘキサゴン テント 天幕 日よけ uvカット 耐水圧2000mm ペグ・ロープ付き 遮光 キャンプ アウトドア レジャー ベランピング ソロキャンプ バーベキュー BBQ UPF50＋	camp-tarp-beginner	1	4
amazon	B0BKQH39BJ	OSPREY（オスプレー）ULスタッフパック UL STUFF PACK 18L	osprey-daily-backpack	1	5
amazon	B0BL9ZT874	Naturehike 三層構造 レイヤー封筒型寝袋 快適0℃〜-13℃ オールシーズン 防水加工 軽量 丸洗い	naturehike-sleeping-bag	1	5
amazon	B0BMTP38T5	モンベル シームレスバロウバッグ #0 R/ZIP #1121423	montbell-sleeping-bag	1	4
amazon	B0BNBGXNLY	M.O.L 充電式 LEDランタン 1200lm MOL-L1200 [LEDライト 照明 キャンプ アウトドア ランプ]	camp-lighting-guide	1	1
amazon	B0BPPBKQWK	Re:Gear 首振りストーブファン HEAT WAVY 2.0（6枚羽 ブラック）	stove-fan	1	5
amazon	B0BRPNY9D7	【在庫処分77%OFF】テント 2人用 1人用テント 前室後室あり 4000mm耐水圧 広い空間 コンパクト ソロテント キャンプテント ツーリングテント オールシーズン 簡単設営 軽量 UVカット 通気防風 アウトドア/登山/山岳/釣り/ピクニック/防災用 送料無料	solo-tent-overall	1	4
amazon	B0BS2M6T4W	【TOMOUNT公式】 tomount テント ベルテント 5m ドーム型テント 通気 日除け 虫よけ tcテント 豪華型 ポリコットンテント 8〜10人用 ファミリーテント グランピング テント 薪ストーブ テント 大型 タープテント 防水 グループキャンプ	family-camp-tent	1	1
amazon	B0BS5FL3XN	ポップアップテント ワンタッチテント テント ポップアップ サンシェード おうちキャンプ 遮光 遮熱 海 海水浴 川 庭 公園 ベランピング ベランダ 室内 大人 子供 フルクローズ ピクニック 4人用 UVカット 持ち運び便利	stylish-camp-tent	1	3
amazon	B0BS5Q5CC4	Albatre アルバートル マルチクーラーバッグ 18L AL-CB180 15mm厚断熱材 5層構造 底板付き	camp-cooler-soft	1	3
amazon	B0BS8P5T8N	キャプテンスタッグ CSシャルマン ラウンジチェア ドリンクホルダー付き 軽量アルミ製	captain-stag-chair	1	1
amazon	B0BSFFDVH6	Helinox ヘリノックス チェアワン ホーム Chair One Home	helinox-chair	1	2
amazon	B0BSN6GHFJ	PowerArQ Solar 120W ソーラーパネル 折りたたみ 防水IP65 防塵 耐熱 ETFE	solar-panel-folding	1	2
amazon	B0BSPTPPPJ	クマザキエイム マルチライスクッカー MC-107R レッド×シャンパンゴールド 0.5〜2.5合炊き	camp-rice-cooker	1	5
amazon	B0BV6BXDHW	PAOCK(パオック) ミニ炊飯器 MRC-15 0.5〜1.5合炊き コンパクト	camp-rice-cooker	1	2
amazon	B0BVLKJPW6	【27(水)迄全品クーポン】キャンピングマット エアマット 自動膨張 エアー ピロー付き 車中泊 冬用 エアーマット 防災用品 エアーマット インフレータブル マットレス アウトドア キャンプマット エアーベッド ベランピング おうちキャンプ ad011	family-camp-mat	1	2
amazon	B0BWX6DWMK	キャンプ マット 車中泊 [ 極厚 10cm 撥水 1分で自動で膨らむ 22mmの大型バルブ 補修キット付き ] キャンプマット 車中泊マット マットレス エアーマット エアベッド エアマット ベッド 車 テント アウトドア 登山 キャンプ用品 防災 グッズ LAD WEATHER ラドウェザー	car-camp-bed-kit;mountain-camp-mat	2	1;4
amazon	B0BX8HLLKR	ALOCS アロクス アルコールバーナー（ゴトク付き）	alcohol-stove	1	5
amazon	B0BXBY5YHS	キャンピングムーン コーヒードリッパー ステンレス（折りたたみ・分解式）	camp-coffee-dripper	1	3
amazon	B0BXKW8DFF	FIELDOOR クーラースタンド アルミ製 3段階高さ調節(耐荷重150kg)	cooler-stand	1	1
amazon	B0BXSTCF5T	スノーピーク ランドネストドーム S SDE-259（2人用ドーム）	snowpeak-tent	1	2
amazon	B0BXSTPB59	スノーピーク ランドネストM テントタープセット snow peak SET-260 テント タープ 初心者 初心者向け 簡単 3人用 4人用 おしゃれ キャンプ アウトドア	day-camp-starter-set;snowpeak-tent	2	5;3
amazon	B0BXWT48YP	belmont/ベルモント BM-164 フィールドナイフ-倭-yamato キャンプ インドア アウトドア おしゃれ 収納 牛革 ナイフ 刃物 収納ケース 高級 日本製 ヌメ革 ダガー サバイバル かっこいい SUS6A フルタングブレード バトニング あす楽対応	camp-knife-beginner	1	2
amazon	B0BXWVLFVC	belmont/ベルモント BM-163 フィールドナイフ IP-倭-yamato SUS6A キャンプ インドア アウトドア 防災 おしゃれ 収納 牛革 ナイフ 収納ケース 日本製 フルタングブレード バトニング ヌメ革 IPメッキ ダガー サバイバル かっこいい	camp-knife-beginner	1	4
amazon	B0BYRZLMCM	【圧倒的な高評価レビュー1400件超】【 最軽量32g 】 ヘッドライト　LED 防水 登山 釣り キャンプ 登山用 アウトドア用 防災 災害対策 LEDヘッドライト ヘッドランプ LEDヘッドランプ LEDライト 乾電池式 SC-200B	camp-headlight-beginner	1	1
amazon	B0BYYTZHNL	hagoogi キャンプ 扇風機 アウトドア 首振り DCモーター 収納ケース付き 充電式 軽量 静音 10000mAh 27時間 4段階風量調節 LEDライト タイマー 卓上 吊り下げ コードレス	camp-fan-summer	1	
amazon	B0BZ8NHHWH	【お得なセット価格】インフレータブルマット 8cm キャンプマット マットピローセット キャンプ用まくら ピロー 自動膨張 連結 インフレータブル	family-camp-mat	1	5
amazon	B0BZZ616G2	BLUETTI ポータブル電源 AC180 1152Wh 1800W 60分満充電 リン酸鉄 UPS APP遠隔操作 サージ2700W	bluetti-power	1	2
amazon	B0C1PBZVYJ	YAJIN CRAFT スパイスボックス 超ミニ 5本収納タイプ	spice-box	1	3
amazon	B0C2C5NNCH	SOTO スライドガストーチ ST-487 充てん式	soto-burner;torch-burner	2	4;4
amazon	B0C2PQSPZG	ThousWinds Twilight オイルランタン	oil-lantern	1	3
amazon	B0C2SLQFCY	山善(YAMAZEN) 丸型ホットプレート YHL-S100(B) ブラック 2〜3人用	camp-electric-grill	1	5
amazon	B0C3KZPDD5	TITAN MANIA(チタンマニア) メスティン 2合 チタン製 超軽量 800ml 蒸し網セット 目盛り付き 収納袋付き	mestin-recommend	1	4
amazon	B0C49RJLXQ	Moon Lence ハンギングラック ランタンハンガー 3段階高さ調節 アルミ合金 耐荷重20kg 折りたたみ式 収納袋付き	hanging-rack	1	3
amazon	B0C5DDYDSL	トヨトミ 石油ストーブ レインボー RL-2524	camp-oil-stove	1	2
amazon	B0C5VJRVGX	ミステリーランチ カタリスト22 CATALYST 22 ブラック 21L 19761572	mysteryranch-backpack	1	1
amazon	B0C6T66WW2	楽天1位 1年保証 2m / 3m タープテント ワンタッチ サイドシート 1枚 2枚 3mx3m 2m×2m 収納バッグ UV 耐水 ベンチレーション タープ テント サイドシート付 大型 テント 収納ケース コンパクト収納 日除け 日よけ 運動会 公園 庭 プール	group-camp-tent	1	2
amazon	B0C6TJ1S7Z	GOGlamping ツーリングドームテント ソロ1人用 SKY EYE 自立式TC カンガルーテント 210×90×112cm	inner-tent-kangaroo	1	3
amazon	B0C8T7FK1L	ヘッドライト 充電式 LED 防水 登山 釣り キャンプ 登山用 アウトドア用 防災 災害対策 LEDヘッドライト ヘッドランプ LEDヘッドランプ LEDライト SC-300R SC-400R	camp-headlight-beginner;headlight-rechargeable	2	3;4
amazon	B0C92PT2DD	ナンガ シュラフ オリジナル オーロラライト 800DX スクウェア NANGA H-AURORA800SQ 寝袋 アウトドア 封筒型 キャンプ スクエア ダウン ダウンシュラフ 別注モデル	nanga-sleeping-bag	1	3
amazon	B0C9BXFFMH	【楽天1位】FIELDOOR アイスコンテナ 3.8L ウォータージャグ 小型 キャンプ用 氷入れ アウトドア 保冷 保温 水筒 広口 大容量 ステンレス 真空断熱 持ち運び 溶けない 洗いやすい マグボトル スポーツジャグ ノーザンクーラーアイスボトル 1年保証 ★[送料無料]	water-jug	1	4
amazon	B0C9P7V9YX	VASTLAND 2ルームドームテント Mサイズ 5人用 簡単設営 シェルター ファミリーテント	vastland-tent	1	2
amazon	B0C9QRZRZN	WAQ 焚き火台-YAGURA- 鉄製アイアン	low-style-bonfire	1	4
amazon	B0CBFGBGSV	キャンピングムーン 手挽きコーヒーミル（ステンレス刃）	outdoor-coffee-mill	1	3
amazon	B0CBJS3G3J	Cam.G Mini 一酸化炭素チェッカー（日本製センサー・温湿度計付き）	co-checker	1	5
amazon	B0CC8ZKBVC	BLUETTI ポータブル電源 AC70 768Wh 1000W リン酸鉄 長寿命 UPS機能 アプリ遠隔操作 サージ2000W	bluetti-power;disaster-portable-power	2	1;3
amazon	B0CCHS8K8S	【一部予約販売 7月上旬】高評価★4.65★ ランタン LEDランタン 充電式 1600ルーメン リモコン付き マグネット 吊るし 防水 明るい 暖色 最強 1000ルーメン以上 長時間 LEDランプ LEDライト アウトドア キャンプ 車中泊 夜釣り 防災グッズ	car-camp-lighting;day-camp-led-lantern;family-camp-lantern	3	2;2;3
amazon	B0CCP4L4YV	Re:Gear インフィニティチェア カップホルダー付	infinity-chair	1	5
amazon	B0CCX96HHR	VASTLAND トンネルテント Mサイズ 5人用 ファミリーテント 前室 キャノピー メッシュドア スカート付き	vastland-tent	1	1
amazon	B0CCXP96LS	VASTLAND トンネルテント Sサイズ 3人用 ファミリーテント 前室 キャノピー メッシュドア スカート付き	vastland-tent	1	3
amazon	B0CDFQR266	FUTURE FOX 焚き火台シート ナバホ柄 ガラス繊維 連続使用耐熱温度250℃	bonfire-sheet	1	5
amazon	B0CDGTQ9FW	【MAX35％OFFクーポン配布中！GW応援】 Naturehike ワンタッチテント ロッジ型 テント 前室 Ti BLACK 小屋 2-4人用 UPF11000+ ポール付き キャンプ 自動 二重層 自立式 耐水圧2000mm 防風 防災 ファミリー グランピング 初心者向け パークテント	stylish-camp-tent	1	4
amazon	B0CDWXN38R	OneTigris Hillridge 軽量テント 登山用テント 2人用 通気性 防水防風 簡単設営 前室あり 結露対策 アップグレード版 3シーズン ULテント 自転車 バイク旅行 ハイキング キャンプ用	lightweight-mountain-tent;mountain-tent-cheap	2	1;4
amazon	B0CFX7DX48	VASTLAND TCティピーテント ソロ 1人用 ポリコットン ワンポールテント 二又化キャップ 前室 スカート ベンチレーション付き	vastland-tent	1	4
amazon	B0CG4GLZKB	キャンピングムーン 深型シェラカップ＋せいろ セット ステンレス 蒸し器 木製蓋付き	sierra-cup	1	3
amazon	B0CG8T33F8	±0 プラスマイナスゼロ カーボンヒーター XHS-H210 ホワイト 300W	camp-electric-heater	1	2
amazon	B0CGVN1DVG	WAQ リクライニングローチェア WAQ-RLC1 折りたたみチェア アウトドアチェア	waq-chair	1	1
amazon	B0CHHKHHY4	KYOCERA(京セラ) ポータブル電源 1601.5Wh 純正弦波インバーター搭載 DPS1800	portable-power-vehicle-camp	1	4
amazon	B0CJB5HC85	レギュレーターストーブ ST-310＆ボンベ ST-760 お得なセット ST-KE310 ストーブ ガスバーナー シングルバーナー キャンプ アウトドア バーベキューコンロ ボンベセット SOTO 【送料無料】	camp-burner-beginner	1	4
amazon	B0CK9NHXYZ	NANGA（ナンガ） オーロラ ダウンジャケット メンズ モカグレー AURORA DOWN JACKET	nanga-down-jacket	1	2
amazon	B0CKV6SBK7	山善(YAMAZEN) グリル鍋 YGF-W130(B) ブラック 深鍋・波型プレート2WAY	camp-electric-grill	1	4
amazon	B0CL6GFW6Q	【20%OFFクーポンご利用で9,980円→7,984円 マラソン期間限定】LACITA 明るさが360度広がる LEDランタン 充電式 キャンプ ライト 吊り下げ 卓上 小型 軽量 電球色 防災 停電対策 懐中電灯 シーリングライト 明るい 長持ち ラチタ	day-camp-led-lantern;family-camp-lantern	2	1;5
amazon	B0CLJ9516Y	VASTLAND グランドシート テントシート 耐水圧5,000mm 無段階調節コード	vastland-tent	1	1
amazon	B0CLLX2YQB	Clostnature グランドシート 防水防湿 2/4/6人用	ground-sheet	1	5
amazon	B0CLP6NWD3	OneTigris シュラフ マミー型 寝袋 コンパクト 撥水 圧縮可能 快適温度8〜15℃ 軽量 洗える 3シーズン	mummy-sleeping-bag	1	5
amazon	B0CLTWV99Z	ZEN Camps 火ばさみ 薪バサミ 折りたたみトング 伸縮式 ステンレス コンパクト	fire-tongs	1	4
amazon	B0CNX4HCPX	LOGOS（ロゴス） 強力防水スプレー 420ml 84960001 テント タープ 撥水剤	tent-waterproof-spray	1	2
amazon	B0CNYCXRMC	【Bears Rock】 -34度 マミー型 最強 ふっくらと包み込まれる暖かさ 洗える寝袋 丸洗い 冬用 センタージップ 4シーズン 寝袋 シュラフ キャンプ 防災 暖房費節約 多機能シュラフ 普段使い 自宅 室内 受験生 寒さ対策 家で寝る時用 -34℃ 車 車中泊 冬 センタージッパー	sleeping-bag-winter-beginner	1	3
amazon	B0CP3FSK4B	Naturehike Dune7.6 2ルーム ドーム型テント アップグレード 煙突口付き 自立式 二重構造 前室 UVカット UPF50+ 耐水圧2000mm 2人用	naturehike-tent	1	3
amazon	B0CP5NRLWS	キャンプ まな板セット 5点 COOK'N'ESCAPE 収納ケース＆カトラリー袋 ウォールナット チタンまな板 フォールディングナイフ コンパクト 折りたたみ アウトドア ソロキャンプ 包丁 ナイフ キャンプ用 調理器具 料理器具	camp-knife-beginner	1	3
amazon	B0CP8VLCGX	FUTURE FOX ランタンスタンド ランタンハンガー ランタンポール 南信州発アウトドアブランド	lantern-stand	1	3
amazon	B0CPLRCPRH	Bears Rock 封筒型 寝袋 -6度 3.5シーズン 洗える ふわ暖 MX-604	rectangle-sleeping-bag	1	1
amazon	B0CQ4T5KH8	焚き火台 焚火台 折りたたみ式 折り畳み BaTaRaN焚き火台 軽量 A4サイズ コンパクト キャンプ 焚火 ソロ ファミリー 初心者 ステンレス製 五徳付き 収納ケース付き (J05)	bonfire-stand-beginner	1	5
amazon	B0CQ75SFDT	ミステリーランチ ギャラゲーター S/M 20L	mysteryranch-backpack	1	2
amazon	B0CQ7GX2RM	キャンピングムーン メスティン ラージ 3合 アルミ 直火 ふた・ハンドルカバー付 飯盒	mestin-recommend	1	1
amazon	B0CQT95CM3	ガオバブ(Gaobabu) GaobabuコンパクトA4焚き火台（脚付き焼き網付き） 【一部地域を除き送料無料】 焚火台 焚き火 たき火 BBQ バーベキュー グリル 料理 クッキング 薪 炭 ステンレス 軽量 キャンプ ソロキャンプ ファミリーキャンプ グループキャンプ	camp-bbq-grill	1	3
amazon	B0CQTMQS61	象印 シームレス ステンレスボトル 600/720/950ml	thermal-bottle	1	3
amazon	B0CQYD2JDF	【TOMOUNT公式】 TOMOUNT ソロテント 超軽量テント 1人用 2人用 ドームテント 20Dナイロン バックパックテント 二重層 耐水圧4000mm インナー付き 前室付き 日よけ 虫よけ 自立式 登山テント 自転車旅行 キャンプ テント アウトドアテント 2サイズあり【NY TENT】	solo-tent-beginner	1	5
amazon	B0CQYLGV9S	【スノーピーク 公式】【永久保証付】snowpeak アルミパーソナルクッカーセット SCS-020R クッカー 鍋 フライパン スタッキング 調理器具 食事 料理 調理 クッキング バーベキュー キャンプ アウトドア	camp-cooker-beginner	1	2
amazon	B0CRH9L939	OneTigris SOLO HOMESTEAD ポリコットンTC パップテント 軍幕 煙突口あり ポール付き 1〜2人用 焚き火可	pup-tent	1	1
amazon	B0CS5BJGQ5	尾上製作所(ONOE) イヴォルブバーベキューコンロ-65HL EV-65HL 1台 M高さ調整可(網29×61cm) 焚き火台 グリル BBQ コンロ キャンプ用品	camp-bbq-grill	1	4
amazon	B0CS9ZQ2BJ	Soomloom ハーフユニット焚き火台 SparkJarr 卓上 二次燃焼 折りたたみ IGTテーブル対応	secondary-combustion-bonfire	1	4
amazon	B0CSFNZHVR	Camdoor 寝袋 冬用 -25℃ 封筒型 シュラフ 防寒 洗える 軽量 キャンプ アウトドア 車中泊 防災	sleeping-bag-temperature-guide;sleeping-bag-winter-beginner	2	1;2
amazon	B0CTG77JXB	山麓工房 焚き火シート 耐熱5層構造 瞬間耐熱1500℃ 撥水加工 スパッタシート チクチクしない	bonfire-sheet	1	2
amazon	B0CTS4KL6N	【送料無料】キャプテンスタッグ ラウンド グリルプレート 30cm UG-1592	camp-grill-plate	1	2
amazon	B0CTYBTCH9	Anker Solix C800 ポータブル電源 768Wh 定格1200W 世界最速充電58分 リン酸鉄 長寿命10年 パススルー アプリ遠隔操作	anker-power	1	2
amazon	B0CVZMZV62	【楽天1位】遮光/遮熱モデル追加！FIELDOOR ワンタッチタープテント 3m×3m 頑丈 スチール テント タープ 300 3.0m ワンタッチテント ワンタッチタープ ワンタッチ 大型 簡単 UVカット 撥水 日よけ プール イベント アウトドア キャンプ BBQ 1年保証 ★[送料無料]	camp-tarp-beginner	1	2
amazon	B0CWGM5F4F	シェアスタイル ワンタッチ カーサイドシェルター 280cm×330cm 耐水圧2000mm スカート付き 簡単設営 車用	car-side-tarp	1	4
amazon	B0CWGV8CQP	スノーピーク RBたねほおずき ES-141(ひぐれ)	snowpeak-lantern	1	4
amazon	B0CWGWPPVK	オクタゴンブラック 二次燃焼 無煙 焚き火台 高火力 ファイアピット	secondary-combustion-bonfire	1	5
amazon	B0CX1M5MX9	レジャーテーブル セット 折りたたみ テーブル チェア 4脚 セット 幅 120cm レジャー テーブル イス アウトドア テーブル セット チェア キャンプ お花見 運動会 防災グッズ MERMONT	camp-table-set	1	3
amazon	B0CXHNZ8BB	ファイアスタンド 超軽量 ステンレス製 組立式 折りたたみ式 焚火台 焚き火スタンド 小型 ソロキャンプ	bonfire-stand-solo	1	4
amazon	B0CY4S11P3	【クーポンで3824円〜】寝袋 冬用【最大幅90cm追加！】寝袋 オールシーズン シュラフ 封筒型 防災 来客用 AIFLYCY 洗える 布団 暖か1.1kg/1.4kg/1.8kg/2.2kg/3.0kg/3.5kg 軽量 ファミリー キャンプ 車中泊 防水 3.5シーズン 2人用 幅広 《3sd01》	sleeping-bag-winter-beginner	1	5
amazon	B0CYPVC91K	「Tenplay公式」登山テント キャンプテント ソロテント ワンポールテント トレッキングポール 山岳 1人用 20Dナイロン超軽量1kg コンパクト 4シーズン 防水 通気 耐水圧5000mm 前室付き ピラミッド式 設営簡単	mountain-camp-tent	1	1
amazon	B0CYSWQZVN	LOGOS ロゴス ROSY フリースシュラフ（ライトグリーン）連結可能	logos-sleeping-bag	1	1
amazon	B0CZ5RNJFT	ノースピーク 韓国ブランド テント 2ルーム ファミリーテント 4人用 メッシュ UV コート 耐水圧3000mm インナーテント グランドシート タープポール ホワイト カラー アウトドア キャンプ	family-summer-large-tent	1	5
amazon	B0CZ6TMBFL	ノースピーク 韓国ブランドテント 2ルーム ACADIA - OLIVE SAND エアテント ファミリーテント 5人用 メッシュ UV コート 耐水圧4000mm インナーテント グランドシート タープポール付属 オリーブ アウトドア キャンプ	family-summer-large-tent	1	2
amazon	B0CZ7145K1	Jackery ポータブル電源 240 New 256Wh	camp-gift;compact-portable-power;disaster-portable-power	3	7;1;5
amazon	B0CZCQJWD9	【Bears Rock】ハヤブサテント スカート付もあり 登山 1〜2人用 コンパクト ツーリング 幅 長さ 45cm ドームテント ワンタッチテント テント 自立式 自立型 山登り ソロキャンプ 1人用 2人用 一人用 二人用 ツーリングテント ソロテント 自立 防災 キャンプ テント TS-201H	solo-tent-beginner;solo-tent-lightweight;solo-tent-overall	3	2;3;5
amazon	B0CZCXDYG7	Bears Rock ハヤブサテント TS-201H 1〜2人用 ツーリング向けドームテント	one-touch-tent	1	5
amazon	B0CZDLNXC2	キャンピングムーン ケトル ステンレス 直火・焚き火 1.0L 吊り下げ コーヒーケトル	camp-kettle-recommend	1	5
amazon	B0CZK4GLZ5	アウトドアテーブル 折りたたみ アルミ 軽量 木目 ブラウン ホワイト 120cm 180cm 240cm 大きい アウトドア キャンプ バーベキュー テーブル レジャーテーブル 折りたたみテーブル 山善 YAMAZEN キャンパーズコレクション 【送料無料】	camp-table-folding	1	3
amazon	B0CZKS8RVR	Bears Rock 自動膨張式 キャンプマット 5cm シングル 枕付き MT-105F チャコールブラウン	solo-camp-beginners-guide	1	3
amazon	B0CZKYZJTR	しろくまスクエアタープ 【Bears Rock】ポール2本付き アレンジ広がる しろくま 自在 タープ 正方形 3×3m テント おすすめ 一泊 コンパクト キャンプ ハンモック ツーリング ソロキャンプ ハヤブサテント ヘキサ 庭 ガーデン 小型 おうち 家 SQT-401	camp-tarp-beginner	1	3
amazon	B0D1GJ2Y7T	Hiking Life チタンマグカップ 300ml	titanium-mug	1	3
amazon	B0D1TYQ7XH	EENOUR P2001PLUS 2048Wh 2400W リン酸鉄 UPS機能 急速充電 アプリ対応	portable-power-large	1	4
amazon	B0D1XY14Q8	TRGR 焚き火台 コンロ バーベキューコンロ セット ソロ 1〜2人用 軽量 焚き火 焚火台 エントリーモデル 初心者 初めて キャンプグリーブ BBQコンロ グリル 折りたたみ コンパクト たき火台 万博	bonfire-stand-beginner	1	4
amazon	B0D2D7WY83	モダンデコ 無重力チェア ハイバック リクライニング 耐荷重120kg ひじ掛け 折りたたみ アウトドアチェア	camp-chair-highback	1	2
amazon	B0D3HJM175	Jackery ポータブル電源 1000 New 1070Wh リン酸鉄 定格1500W 最速1時間満充電 UPS機能	disaster-portable-power;jackery-power-station;portable-power-guide	3	1;1;2
amazon	B0D3HRP3L9	スノーピーク セレス ES-101	snowpeak-lantern	1	2
amazon	B0D4M6VXR7	OneTigris DRAGONHIDE ハイバックチェア キャンピングチェア 折りたたみ コンパクト 収納袋付 ソロキャンプ	camp-chair-highback	1	3
amazon	B0D4XZM8J1	VASTLAND カンガルーテント インナーテント 一人用 ソロテント メッシュタイプ	inner-tent-kangaroo	1	5
amazon	B0D5B1YSL1	relief10 LEDヘッドライト 充電式 3灯LED ワイド/スポット2in1 モーションセンサー付き 12か月保証	headlight-rechargeable	1	2
amazon	B0D5XGP6CW	Anker Solix C300 Portable Power Station 288Wh	compact-portable-power	1	2
amazon	B0D69W361V	【購入特典 保冷剤付き!!】気温35度でも氷が27時間維持 ペットボトル(500ml)6本収納 ワックスドコットン ソフトクーラーボックス AOクーラーズ AOW6RT ランチクーラー 5.7L 保冷 断熱 クーラーバッグ 保冷バッグ ランチバック ゴルフ 釣り おすすめ	cooler-box-day-camp;day-camp-cooler-box	2	1;1
amazon	B0D6C3W7C6	Coleman コールマン 13x13 シェルター キャノピー 大型 日除け テント ガゼボ	large-tarp-recommend	1	3
amazon	B0D6GFKWWX	karrimor カリマー タトラ20 TATRA20 デイパック 20L	karrimor-backpack	1	4
amazon	B0D6MC92SJ	【お買い物マラソン期間限定ポイント2倍】 バックパック 30L 登山 リュックサック 登山用リュック ザック メンズ レディース 軽量 通勤 通学 機内持ち込み レインカバー付き 防災バック 春山登山 旅行 背面通気 入学準備 新生活	mountain-backpack-30l	1	2
amazon	B0D6MV5GYK	【ランキング受賞！】 ランタン led 充電式 ソーラー 折り畳み キャンプランタン ソーラーランタン 防水防滴 3Way仕様 2色 災害用 懐中電灯 アウトドア キャンプライト 登山 夜釣り 防災グッズ SOS 停電対策 緊急 非常用 おしゃれ 人気	mountain-camp-lantern	1	4
amazon	B0D6N8C2RQ	アイリスオーヤマ RVBOX 1000（大容量・キャスター付）	gear-storage-box	1	5
amazon	B0D75V13BG	ネイチャーハイク 超軽量ドームテント（2人用）	duo-tent	1	3
amazon	B0D9MGW7MM	Naturehike ファミリー封筒型寝袋 1〜4人使用可能 200×115cm 幅広 ワイド 連結可能 丸洗い	naturehike-sleeping-bag	1	4
amazon	B0D9N7BPFZ	WAQ High Power Air Pump WAQ-HPA1 TAN(タン)	camp-air-pump	1	3
amazon	B0D9NDFVMQ	ZEN Camps 火吹き棒 ふいご ファイヤーブラスター 真鍮 アルミパイプ 伸縮式	fire-blower	1	3
amazon	B0D9NM8YGQ	Jackery Explorer 100 Plus 99.2Wh	compact-portable-power	1	5
amazon	B0DB5TKW25	EcoFlow ポータブル電源 ソーラーパネル セット DELTA 3 Plus 1024Wh+220W 軽量両面ソーラーパネル 大容量 長寿命 太陽光発電 急速充電 キャンプ 停電 防災 エコフロー	solar-portable-power	1	3
amazon	B0DB5WVRMX	GOGlamping グランドシート テント用四角シート 420D 軽量	ground-sheet	1	4
amazon	B0DB5WZC15	EcoFlow ポータブル電源 ソーラーパネル セット DELTA 3 Plus 1024Wh 220W 軽量両面ソーラーパネル 長寿命	ecoflow-power	1	4
amazon	B0DB5Y5JZR	EcoFlow ポータブル電源 RIVER 3 230Wh リン酸鉄 長寿命 1hフル充電 2年保証 小型 静音 蓄電池 発電機 ポータブル バッテリー 急速充電 アプリ対応 車中泊 AC出力300W アウトドア 台風 停電 防災グッズ キャンプ	portable-power-vehicle-camp	1	5
amazon	B0DBDCVPFP	TOMOUNT NY TENT 20D（NY TENT 1／1人用）	solo-tent-lightweight	1	1
amazon	B0DBHCCSKS	ZEN Camps キャンプ枕 空気枕 エアピロー インフレータブル 携帯枕 コンパクト 軽量	camp-pillow	1	3
amazon	B0DBHS1S3V	Jackery ポータブル電源 2000 New 2042Wh リン酸鉄 大容量 定格2200W UPS機能 アプリ遠隔操作 純正弦波	jackery-power-station;portable-power-large	2	3;1
amazon	B0DBV3BYP1	イワタニ カセットガスストーブ マイ暖III CB-STV-MYD3	cassette-gas-heater	1	5
amazon	B0DBZD8GB6	「TENPLAY公式」即納 2人登山テント 軽量テント キャンプテント ワンポールテント 登山テント コンパクト 超軽量1.35kg 耐水圧5000mm 3シーズン 防風 防雨 通気 結露対策 ピラミッド式 トレッキングポール通用	lightweight-mountain-tent	1	5
amazon	B0DDK4TWZJ	キャンピングムーン ホットサンドメーカー 直火式 シングル ケース付き コンパクト	hot-sandwich-maker	1	4
amazon	B0DF2CH2PV	Anker Solix C1000 ＋ PS100 Compact ソーラーパネル 100W セット 1056Wh AC充電58分 折りたたみ式 パススルー 長寿命	anker-power	1	5
amazon	B0DFW2BH1Y	寝袋 インナーシュラフ 軽量 夏 薄手 インナーシーツ 封筒型 丸洗い可能 コンパクト 収納 シーツ 洗える 防災	sleeping-bag-liner;sleeping-bag-summer-cospa	2	2;3
amazon	B0DG4Y7RR4	【最大5,000円OFF！27日1:59まで】DOD テント ポップアップテント デイキャンプ ワンタッチテント ポップアップ 組立簡単 日差しブロック UVカット加工 キャリーバッグ ペグ付属 キャンプ アウトドア マエバーン T2-073-TN タン	day-camp-tent	1	4
amazon	B0DGBMK8M4	Snugpak(スナグパック) 寝袋 シュラフ ベースキャンプ スリープシステム	washable-sleeping-bag	1	4
amazon	B0DGQ6XWTL	楽天1位 1年保証 2m / 3m タープテント ワンタッチ サイドシート 1枚 2枚 3mx3m 2m×2m 収納バッグ UV 耐水 ベンチレーション タープ テント サイドシート付 大型 テント 収納ケース コンパクト収納 日除け 日よけ 運動会 公園 庭 プール	large-tent-guide	1	2
amazon	B0DGX6GWV2	ZEN Camps グランドシート 帆布 パラフィン（ロウ引き）加工	ground-sheet	1	3
amazon	B0DH2GKQFD	OneTigris DREAMSTAR インフレータブルマット 厚さ8cm R値6.3 グレー	car-camp-mat;inflatable-mat	2	3;3
amazon	B0DHRT2WHR	[公式] フィールドラック キャンピングムーン キャンプ アウトドア テーブル ラック 天板 折りたたみ 式 コンパクト 軽量 薄型 メッシュ ブラック 4個 2段 2枚 3個 ケース トートセット ファミリー おしゃれ キャンプテーブル セット	camp-table-folding	1	5
amazon	B0DJLL7V2N	Chill Camping リバーシブルブランケット 難燃エコダウン Sサイズ ブラック	camp-blanket	1	2
amazon	B0DJNTY9WD	NANGA（ナンガ） オーロラ ダウンジャケット レディース ブラック AURORA DOWN JACKET	nanga-down-jacket	1	5
amazon	B0DK7SXJW9	Naturehike 封筒型寝袋 冬用 快適-1.3〜8.5℃ 極限温度-17℃ 2way 連結可能 2人用可能 洗える	naturehike-sleeping-bag	1	2
amazon	B0DK946YTP	アウトドアテーブル 折りたたみ ベンチ 2脚 セット 幅 110cm アルミ 軽量 レジャーテーブル アウトドア テーブル セット イス チェア ベンチ 分離 分割 タイプ ローテーブル	camp-table-set	1	2
amazon	B0DKN6KFBQ	コールマン クイックアップシェード ダークルーム 2218703 サンシェード	coleman-tent	1	4
amazon	B0DKNHT235	コールマン ポップアップシェード ダークルーム 2218354 サンシェード	coleman-tent	1	3
amazon	B0DL9L8G1Y	【楽天1位】FIELDOOR アウトドア クッション マット 折りたたみ 180cm×60cm 厚手 厚さ2cm シングル 軽量 コンパクト 保温 断熱 キャンプ マット レジャーマット テント シュラフ 寝袋 車中泊に ディンプル加工 折りたたみレジャーマット 1年保証 ■[送料無料]	camp-sleeping-mat	1	4
amazon	B0DLSR2KDN	Naturehike エアーベッド 枕付き 厚さ25cm 1/2/3人用 耐荷重150kg 電動ポンプ USB充電式 高反発	naturehike-mat	1	5
amazon	B0DM5KSLVC	karrimor カリマー トリビュート40 tribute 40 バックパック 40L	karrimor-backpack	1	2
amazon	B0DMJLGFKK	PYKES PEAK キャンプ ゴミ箱 トラッシュボックス 折りたたみ式 蓋つき 40L	camp-dust-stand	1	1
amazon	B0DMNLDXWP	TITAN MANIA(チタンマニア) クッカー セット チタン製 900ml+350ml ソロキャンプ 軽量 頑丈 直火 折りたたみハンドル付 コンパクト 二段式 フライパン コッヘル ポット 調理器具 アウトドア キャンプ用品 収納袋付き	camp-cooker-beginner	1	5
amazon	B0DNQ11CMZ	FIELDOOR ワンタッチテント 200cm 2人用 3人用 4人用 遮光 遮熱 メッシュドーム フルクローズ	fieldoor-tent	1	3
amazon	B0DNQ2NF9F	FIELDOOR カーサイドタープ 230cm×280cm ワンタッチ 車用 UVカット 高耐水 吸盤 連結 サンシェード	car-side-tarp	1	1
amazon	B0DNQH9LS8	FIELDOOR ワンタッチテント 4人用 5人用 ヘキサゴン ドームテント 耐水圧1,500mm以上 UVカット	fieldoor-tent	1	5
amazon	B0DP9J9C28	ロゴス neosエーコンリビングドーム M(3~4人用)	logos-tent	1	2
amazon	B0DPZH59QY	チタンマニア アルコールストーブ チタン製	alcohol-stove	1	1
amazon	B0DQWPNB3Q	スノーピーク ランドネストシェルター TP-259（2ルーム 4人用）	snowpeak-tent	1	5
amazon	B0DR2VHZZL	BUNDOK マルチ焚き火テーブル II BD-274	takibi-table	1	5
amazon	B0DR43CC43	Naturehike ワンタッチテント ビレッジ13 Ti blackコーティング 前幕付き ロッジ型 ツールーム 2つ前室 3〜4人用 二重層 自立式 耐水圧2000mm	naturehike-tent	1	5
amazon	B0DRL7JSZQ	モバイルバッテリー 5000mAh/10000mAh 小型 軽量 ケーブル内蔵 マット加工 PSE認証	mobile-battery-camp	1	5
amazon	B0DS1ZYPB2	EcoFlow ポータブル電源 リン酸鉄 長寿命 1hフル充電 大容量 RIVER 2 Max 512Wh 5年保証 小型 蓄電池 発電機 ポータブルバッテリー 急速充電 車中泊 アウトドア キャンプ 停電対策 防災グッズ エコフロー	portable-power-vehicle-camp	1	1
amazon	B0DSLJ7YZD	【LINE友だち募集中、追加で8％OFFクーポンプレゼント！】 Naturehike テント 2人用 The hills 1LDK ツールーム 前室付き 軽量 簡単設営 通気性 UVカット 耐水圧2000mm 煙突穴 スカート付き オールシーズン キャノピー付き 持ち運び簡単 多機能 メッシュスクリーン キャンプ	two-room-tent-guide	1	3
amazon	B0DTYDK7JM	サーモス 水筒 2wayコップ付き 600/800ml	thermal-bottle	1	1
amazon	B0DX15GB4T	アイリスオーヤマ ホットプレート コンパクト PHP-1002TC グレー 深鍋・平面プレート2種付き	camp-electric-grill	1	3
amazon	B0DXFBSMPG	ポータブル電気ケトル 400ml AC100-240V海外対応	portable-electric-kettle	1	4
amazon	B0DXZ1X3X9	SWAG GEAR クーラーボックススタンド 折りたたみ(耐荷重100kg)	cooler-stand	1	4
amazon	B0DYD7R9V2	RISU トランクカーゴ TC-70（70L）	gear-storage-box	1	1
amazon	B0F1TSPWYW	クーラーボックス 小型 部活 クーラーバッグ アイリスオーヤマ 7L 15L 20L 25L 32L 45L 保冷バッグ クーラーバッグ ミニ クーラーバスケット アウトドア レジャー BBQ 海水浴 運動会 行楽 キャンプ CL-7 CL-15 CL-20 CL-25 CL-32 CL-45	camp-cooler-box-beginner	1	1
amazon	B0F28HN8S8	イワタニ カセットガス アウトドア トーチバーナーII CB-TC-ODORP	iwatani-stove	1	3
amazon	B0F28JL356	イワタニ クッキングトーチバーナー 炙りの達人II CB-TC-CKWHP 料理用	torch-burner	1	5
amazon	B0F2HXR2ZS	Anker Solix C1000 Gen 2 ＋ PS100 ソーラーパネル セット 1024Wh 世界最小クラス 急速充電54分 大容量 長寿命10年	anker-power	1	4
amazon	B0F2T1PC2C	キャンピングムーン シリコンリッド シェラカップ用 蓋 注ぎ口付き	sierra-cup	1	1
amazon	B0F3JMHLGG	Dabbsson 2000L 2048Wh 半固体リン酸鉄 2200W出力 大容量 軽量	portable-power-large	1	3
amazon	B0F3NT2PZY	3f ul gear Lanshan1 超軽量760g ソロ用テント ULテントTipi tent 登山テント 15Dナイロン　片面シリコンコーティング　耐水圧5000mm　1人 超軽量テント	lightweight-mountain-tent	1	2
amazon	B0F3P4MZCN	クイックキャンプ ミニ三つ折りテーブル 木目調 QC-3FT90 折りたたみ ローテーブル メッシュ 耐熱耐水	low-style-table	1	1
amazon	B0F48HBYBQ	PYKES PEAK キャンプラック 3セット（焚き火テーブル）	takibi-table	1	2
amazon	B0F59BPR3C	FUTURE FOX 伸縮ポール タープポール テントポール アルミ製 2本セット プッシュボタン式 目盛付き 収納袋付き	tarp-pole	1	5
amazon	B0F7XFGBKR	Jackery Solar Generator 1000 New 1070Wh 100W ポータブル電源 ソーラーパネル セット リン酸鉄 定格1500W 純正弦波	jackery-power-station;solar-portable-power	2	2;2
amazon	B0F7XGDD5D	Jackery Solar Generator 2000 New 2042Wh 200W ポータブル電源 ソーラーパネル セット 大容量 定格2200W UPS機能 アプリ 太陽光発電	jackery-power-station;solar-portable-power	2	4;1
amazon	B0F9D6KLMC	FIELDOOR ストーブファン 6枚羽根 直径約11cm ミニサイズ	stove-fan	1	4
amazon	B0FB3Y46SB	BLUETTI ポータブル電源 AORA 30 V2 288Wh 定格600W 1500Wリフト機能 0.01秒UPS リン酸鉄 10年長寿命 急速充電	bluetti-power;compact-portable-power	2	4;4
amazon	B0FB3Y7V59	BLUETTI ポータブル電源 AORA 100 V2 1024Wh 定格1800W 2700Wリフト機能 0.01秒UPS リン酸鉄 10年長寿命 アプリ遠隔操作	bluetti-power	1	3
amazon	B0FBRK8GSP	Jackery ポータブル電源 500 New 512Wh リン酸鉄 長寿命 定格500W コンパクト 軽量 急速充電 家庭用 アウトドア用 防災 車中泊 UPS機能 純正弦波 ジャクリ	portable-power-guide;portable-power-vehicle-camp	2	1;2
amazon	B0FBRLJBLH	Jackery Solar Generator 500 New 512Wh ソーラーパネル セット 100W リン酸鉄 コンパクト 軽量 UPS機能 純正弦波	jackery-power-station	1	5
amazon	B0FD3FRJG4	TOMOUNT エアーテント 8㎡ インフレータブル ロッジ型 3~5人用	air-frame-tent	1	3
amazon	B0FDGBVQ8N	WAQ Reclining Low Chair リクライニングローチェア WAQ-RLC1 チャコール	low-style-chair	1	1
amazon	B0FDLSGR92	ペツル ティカ E061AB(ブラック)	petzl-headlight	1	2
amazon	B0FGCW43KW	[ナンガ] NANGA ZZZ BAG 10 寝袋	washable-sleeping-bag	1	5
amazon	B0FGNG9VKL	karrimor カリマー イクリプス27 eclipse 27 バックパック 27L	karrimor-backpack	1	1
amazon	B0FGNN97CJ	karrimor カリマー VTデイパック F VT daypack F リュック 20L	karrimor-backpack	1	3
amazon	B0FGPHZVR7	ポータブル電気ケトル 400ml 100V 300W（低消費電力）	portable-electric-kettle	1	3
amazon	B0FGWJN4XM	【3点セット】ポータブル電源 リン酸鉄 大容量 2400W 2048Wh 高出力 UPS ソーラーパネル充電 200W 3500サイクル 正弦波 車中泊 太陽光充電 防災 停電 FOSSiBOT	solar-portable-power	1	4
amazon	B0FGXZ57PD	OSPREY（オスプレー）ハイクライト HIKELITE 26L	osprey-daily-backpack	1	4
amazon	B0FHKTNR6T	ペツル アクティックコア E065AB(ブラック)	petzl-headlight	1	1
amazon	B0FHVRNHCT	山善 ホットカーペット SUT-102 1畳 170×85cm 本体	camp-hot-carpet;winter-camp-guide	2	1;7
amazon	B0FJXMKF34	象印 スープジャー SW-LA40 クラウドグレー(400ml)	soup-jar-camp	1	2
amazon	B0FK3Q5HP2	【24日20時~5％引クーポン】 ツールームテント 幅340cm 4〜6人用 テント 大型 アウトドア ファミリーテント 2ルームテント サイドウォール キャノピーポール インナーテント キャンプテント スクリーンテント ドームテント ファミリー キャンプ	two-room-tent-guide	1	5
amazon	B0FK9YH385	Anker Solix C1000 Gen 2 ポータブル電源 1024Wh 定格1550W 世界最小クラス 急速充電54分 リン酸鉄 長寿命10年 アプリ遠隔操作	anker-power	1	1
amazon	B0FKT4CV7Z	Soomloom 2Wayランタン Helio5000	camp-gift;camp-lantern-led;family-camp-lantern	3	5;1;4
amazon	B0FN3GLN2K	FIELDOOR ストーブファン 首振りタイプ 5枚羽根 直径約19cm	stove-fan	1	3
amazon	B0FN821Y16	イワタニ カセットガスストーブ デカ暖3 CB-STV-DKD3	cassette-gas-heater;winter-camp-guide	2	1;4
amazon	B0FPCD866Z	EcoFlow DELTA 3 Max 2048Wh AC出力2200W 急速充電 5年保証 リン酸鉄	portable-power-guide;portable-power-large	2	3;2
amazon	B0FPCRKH3M	EcoFlow ポータブル電源 ソーラーパネル セット DELTA 3 Max 2048Wh 220W 長寿命 5年保証	ecoflow-power	1	5
amazon	B0FPFLL6RG	OUTBEAR シュラフカバー ウルトラライトビビィ 180g チャコールグレー	sleeping-bag-cover	1	3
amazon	B0FPQKVRPJ	ナンガ オーロラテックス 600DX オールブラック ニッチエディション NANGA キャンプ シュラフ 寝袋 マミー型 ダウン 日本製 冬キャンプ 快適使用温度-6℃	nanga-sleeping-bag	1	4
amazon	B0FPQLDYKR	ナンガ オーロラテックス 750DX オールブラック ニッチエディション NANGA キャンプ シュラフ 寝袋 マミー型 ダウン 日本製 冬キャンプ 車中泊対応 快適使用温度-8℃	nanga-sleeping-bag	1	2
amazon	B0FPVPKLBQ	SOTO フィールドチャッカー ST-Y451 パワートーチ	soto-burner	1	5
amazon	B0FQMRXK8H	モバイルバッテリー 大容量 23600mAh PD22.5W Type-C出入力 4本ケーブル内蔵 残量表示 LEDライト PSE認証済	mobile-battery-camp	1	1
amazon	B0FRFXL116	OneTigris RAVEN NEST トンネルテント 2人用 ブラウン	winter-camp-tent	1	4
amazon	B0FRS7LTMC	Teci 超軽量500g ソロ用テント ULテントTipi tent 登山テント 山岳テント 15Dナイロン　片面シリコンコーティング　耐水圧3000mm　1人 超軽量テント	lightweight-mountain-tent	1	3
amazon	B0FRS95WJQ	GREGORY カジュアルデイ V2 バックパック	gregory-backpack	1	5
amazon	B0FT7BMSTT	アウトドアテーブル キャンプテーブル ロールトップテーブル 折りたたみ ロールテーブル 120×70 高さ調整 木目調 アルミ 軽量 大型 ファミリーキャンプ BBQ バーベキュー レジャーテーブル ピクニック キャンプ用品 waku fimac	group-camp-table	1	3
amazon	B0FTF56XDR	NANGA ナンガ NANGA Original Schlaf 460 オリジナルシュラフ レギュラー 別注 アウトドア キャンプ 登山 コンパクト ダウン 軽量 マミー型 寝袋 スリーピングバッグ 防災	nanga-sleeping-bag	1	5
amazon	B0FVDQ35DJ	趣味職人 マグネットカーテン メッシュタイプ 大判90cm（日本縫製）	car-shade	1	5
amazon	B0FVL3Z5NB	掛け敷き 電気毛布 洗える 130×80cm/188×130cm 3段階温度調節 掛け敷き兼用 JET安全認証	electric-blanket-camp	1	5
amazon	B0FWJJLDYN	【クーポン利用で48,235円 4/24 20:00〜】EcoFlow ポータブル電源 DELTA 3 1000 Air 大容量 超軽量 コンパクト高出力 2年保証 長寿命 家庭用 蓄電池 太陽光発電 急速充電 キャンプ 停電 防災グッズ 台風 節電 エコフロー	camp-portable-power-beginner;ecoflow-power	2	3;1
amazon	B0FX92N95X	オレゴニアンキャンパー ファイヤープルーフブランケット Mサイズ(100×140cm) セージ	camp-blanket	1	3
amazon	B0FYNV7ZJC	【TOMOUNT公式】【新作】 TOMOUNT テント 2ルーム ツールームテント 日除け通気 インナー付き キャンプテント 2ルーム ファミリーテント 超大空間 トンネルテント 耐水圧2000mm オールシーズン テント 防水 585 x 315 x 195cm【TRT-KAKO】	family-camp-tent	1	3
amazon	B0FZBRJQ23	折りたたみテーブル 120cm アウトドア テーブル 折りたたみ 木目調 テーブル チェア チェアセット レジャーテーブル アウトドアテーブル 軽量 アルミ 折りたたみテーブル 高さ調節	camp-table-set	1	5
amazon	B0FZL86GXC	EcoFlow ポータブル電源 ソーラーパネル セット DELTA 3 Classic 1024Wh 軽量両面ソーラーパネル	ecoflow-power;solar-portable-power	2	3;5
amazon	B0G1S4PBRK	FIELDOOR カーサイドシェルター 完全遮光 PUコーティング 耐水圧16,000mm フルクローズ UVカット 遮熱 メッシュ 1年保証	car-side-tarp	1	3
amazon	B0G1YDBHCD	ALPACA(アルパカ) プラス ストーブ TS-77NC	camp-oil-stove;winter-camp-guide	2	1;3
amazon	B0G483QXSN	USB ホットマット 一人用 電気毛布 車中泊 ホットカーペット 450×1500 洗える	electric-blanket-camp	1	2
amazon	B0G7CQWG2M	イワタニ カセットフー こんろ＆ストーブ イザまる CB-IZ-1	cassette-gas-heater	1	4
amazon	B0G7K6Z93R	ロゴス クーラーボックス 小型 5L 保冷ボックス 小さめ 部活 ピクニック ロゴスクーラーバッグ アウトドア 釣り クーラー ボックス 5l 公園 デイキャンプ ピクニックボックス お出かけ 弁当 ドリンク ミニクーラーボックス 5リットル ホワイト ベージュ LOGOS 8167023	cooler-box-day-camp;day-camp-cooler-box	2	2;4
amazon	B0GHG3CKWR	【ロゴス公式】収納楽らく！丸洗いキッズスランバー・10 LOGOS ロゴス 寝袋 キッズ 子供 洗える シュラフ 封筒型 収納袋付き 連結 片付け 簡単 軽量 コンパクト キャンプ 用品 人気 おすすめ	kids-sleeping-bag;logos-sleeping-bag	2	2;2
amazon	B0GHMZZ5NQ	【楽天10冠1位 輝度1000LM x 専門雑誌掲載】150時間使用可 5000mAh LEDランタン 充電式ランタン 防災グッズ キャンプランタン 充電式ランタン キャンプ ランタン 充電式 ランタン ランタン 防災 非常用 送料無料	camp-lantern-led	1	5
amazon	B0GJ82FPZC	ディレクターチェア アウトドアチェア アルミ 軽量 折りたたみ サイドテーブル付き DD-02WT レジャーチェア キャンプ アウトドア バーベキュー 折りたたみ椅子 山善 YAMAZEN キャンパーズコレクション 【送料無料】	camp-chair-lightweight	1	5
amazon	B0GL5Q2HHC	サーモス 保冷缶ホルダー 350ml缶用 JDU-351 ブラック	insulated-tumbler	1	1
amazon	B0GL5TZZBC	サーモス 保冷缶ホルダー 500ml缶用 JDU-501 ブラック	insulated-tumbler	1	2
amazon	B0GP9JKSKF	[ディーオーディー] ウサンポクーラー（8） クーラーボックス ハード 8L 500mlペットボトル8本収納可能 軽量 ピクニック デイキャンプ	cooler-box-day-camp	1	3
amazon	B0GQ9V75GN	電動インフレーターマット 電動ポンプ内蔵 厚手10cm トリプルバルブ構造 自動膨張 車中泊	inflatable-mat	1	2
amazon	B0GQDW6V52	【Bears Rock】 -15度 封筒型 ふんわりと布団のような寝心地 ぽかぽか暖かい 洗える オールシーズン 丸洗い 防災にも使われています 寝袋 シュラフ 冬用 4シーズン 仮眠 防災用 -15℃ 自宅 家で 家の中 コンパクト キャンプ用品 車中泊 ツーリング 夏 冬	sleeping-bag-winter-beginner	1	4
amazon	B0GRFMG3MV	LAD WEATHER ラドウェザー 焚き火台 軽量767g A4サイズ ステンレス製 受け皿・収納袋つき ソロキャンプ	bonfire-stand-solo	1	5
amazon	B0GSZPSH57	【今だけ・18%OFFさらにP5】【my best空気入れやすさno.1】キャンプ マット 厚手【枕付き史上最大幅75cm追加】インフレーターマット 8/10cm アウトドアマット 自動膨張式 イインフレータブルマット 車中泊マット キャンプマット 極厚 コンパクト防災マット 《3sp02》	camp-sleeping-mat	1	1
amazon	B0GVH5KVF4	【TOMOUNT公式】TOMOUNT テント 2ルーム トンネルテント 防水 シルバーコーティング ファミリーテント サイドウォール付き キャンプ テント 4人用 耐水圧2500mm ツールームテント 日よけ 通気 コンパクト 収納袋付き 500x310x195cm 【TriArc Tunnel Tent V4】	family-camp-summer-tent;two-room-tent-guide	2	1;4
amazon	B0GVSZYL4W	モーラナイフ エルドリス ステンレス	moraknife	1	5
amazon	B0GWH5S38R	＼2026モデル／【クーポンで15%OFF】シュラフ 寝袋 洗える オールシーズン 最大限界温度-15度 -5度 5度 コンパクト 封筒型 230T 190T 撥水 軽量 ふんわり 防災 寝袋 マット 洗える寝袋 防寒 キャンプ レジャー ツーリング アウトドア 車中泊 冬用 夏用 来客	sleeping-bag-summer-cospa	1	1
amazon	B0GWMN5Z7Z	THREEUP スポットクーラー 木目調 ダクト付き	portable-cooler-aircon	1	4
amazon	B0GWPWG823	【今だけ・18%OFF】キャンプマット 厚手 防災 エアー【CAMDOOR】エアーマット 高R値6.8 アウトドア 10cm-20°C 超軽量 連結可能 コンパクト キャンプ マット 登山 インフレーターマット 耐水加工 テント泊 防水 防災 マミー型 封筒型 《3sp03》	mountain-camp-mat	1	5
amazon	B0GX89HTT6	LOGOS ロゴス 抗菌防臭 丸洗いディープスリーパーSC 封筒型	logos-sleeping-bag	1	3
amazon	B0GY4HN5MD	楽天1位 法人価格有 特大 3×6m 3×9m ワンタッチ タープテント 3m 6m 簡単 テント イベント 大型 大人数 キャンプ アウトドア 大型テント 運動会 おもり 6人用 着替え 重り ワンタッチタープ 日よけ 【3*9mのみ超大型/後払/時間指定NG】	large-tent-guide	1	1
amazon	B0GZZGLCGB	アイリスオーヤマ スポットクーラー ポータブルクーラー	portable-cooler-aircon	1	1
amazon	B0H1PGZ3CG	【楽天受賞1位】クッカー キャンプ用品 クッカーセット キャンプ 鍋 ケトル やかん アウトドア 鍋 フライパン キャンプ ソロキャンプ アルミ鍋 3点セット やかん キャンプ鍋 ティーポット 登山 軽量 コンパクトキャンプ 2-3人 キャンプギア 防災用品	camp-cooker-beginner	1	1
amazon	B0H2PW3NTC	モンベル シームレスバロウバッグ #3 R/ZIP	montbell-sleeping-bag	1	3
amazon	B0H5QXLVTF	キャプテンスタッグ CS ラウンジチェア グリーン キャンプチェア	captain-stag-chair	1	3
amazon	B0H6W6JDRF	DABADA 3段折りたたみ式トレッキングポール カーキ 215g 2本セット	trekking-pole	1	3
amazon	B0H98SWLBS	GREGORY イージー ピージー デイ EASY PEASY DAY 18L	gregory-backpack	1	2
amazon	B0HJ27QN3K	LUHANA 焚き火台 八炎 ロースタイルver.	low-style-bonfire	1	2
rakuten	2-kobeya/8167023	ロゴス クーラーボックス 小型 5L 保冷ボックス 小さめ 部活 ピクニック ロゴスクーラーバッグ アウトドア 釣り クーラー ボックス 5l 公園 デイキャンプ ピクニックボックス お出かけ 弁当 ドリンク ミニクーラーボックス 5リットル ホワイト ベージュ LOGOS 8167023	cooler-box-day-camp;day-camp-cooler-box	2	2;4
rakuten	716select/camping004	ダーチ DARCHE BBQ CHARCOAL STARTER 火起こし器 炭起こし器 焚き火台 焚火台 キャンプグリル ステンレス製 ファミリーキャンプ キャンプ BBQ オートキャンプ バーベキュー 軽量 ミニ 薄型 ソロ 折り畳み 折りたたみ 簡単 キャンプ道具 卓上 収納バッグ付き	family-camp-bbq	1	1
rakuten	716select/rougue002	【10%OFFクーポン使える】ローグ クーラーボックス 小型 18L ROGUE Ice Cooler ローグ 防災 レジャー キャンプ ピクニック 運動会 アウトドア 釣り ソロキャンプ スポーツ観戦 海水浴 ハードクーラー おしゃれ 持ち運び 断熱 保冷 カーキ キャンプギア 玄人	day-camp-cooler-box	1	2
rakuten	88so-kai/100878	八八爽快 ザックカバー Lサイズ（40L対応）収納袋付き	backpack-rain-cover	1	2
rakuten	a-and-r-shop/p0002340	【楽天1位】アレジア アイスコンテナ ジャグ アウトドア 真空 ボトル 1.8L 3.5L 氷 持ち運び 長時間 保冷 HOTも対応 ステンレス キャンプ 氷入れ AR-VICB ALLEGiA	water-jug	1	2
rakuten	a-depeche/020-shp-3whmk	a.depeche 自立式ハンモック 3way 5点セット SHP-3WHMK ハンモックチェア スタンド 折りたたみ	camp-hammock	1	1
rakuten	a-price/4580742231338	DOD ヤドカリテント T6-662-TN 2ルーム ワンポールテント 6人用 インナーテント付属 耐水圧2,000mm	dod-tent	1	4
rakuten	a-price/4589946133646	DOD ライダーズバイクインテント T2-466	duo-tent	1	5
rakuten	a-price/4589946135053	DOD ビッグタープポール XP5-507 タープ ポール	dod-tarp	1	1
rakuten	a-price/4589946138955	DOD グッドラックソファ CS2-500 2人掛け ワンタッチ 車載棚 耐荷重150kg（BK/TN/KH カラー展開）	dod-chair	1	1
rakuten	a-price/4589946139280	DOD オクラタープ TT8-583-TN ポリコットン 難燃 オクタタープ	dod-tarp;tc-tarp-takibi	2	1;3
rakuten	a-price/4589946140415	DOD ステルスエックスミニ GM1-598-BK	dod-table	1	2
rakuten	a-price/4589946141603	DOD ワンタッチテント T2-629-TN 2人用 コンパクト 耐水圧1,500mm	dod-tent;duo-tent	2	5;2
rakuten	a-price/4589946141856	DOD マルチキッチンテーブル TB1-38-BK	dod-table;outdoor-kitchen-table	2	3;2
rakuten	a-price/4589946141979	DOD ザ・ワンタッチテントM T3-673-KH ワンタッチテント ポリエステル	dod-tent	1	1
rakuten	a-price/4589946142228	DOD タープ いつかのタープ TT5-631-TN dod アウトドア キャンプ ヘキサタープ ポリエステル ポール ペグ ロープ付属 初心者 簡単	camp-tarp-beginner;day-camp-tarp-cheap;hexa-tarp	3	1;2;1
rakuten	a-price/4589946142310	DOD(ディーオーディー) ワラビーテント コットン生地 吊り下げ式カンガルーテント T2-657-BR	inner-tent-kangaroo	1	2
rakuten	a-price/4589946142792	DOD ビートルタープ TT5-655-TN ポリエステル 7角形	dod-tarp	1	3
rakuten	a-price/4589946143065	DOD エイテント T5-668-TN ワンポールテント	dod-tent	1	3
rakuten	a-price/4589946144161	DOD ワンポールテントL T8-200-TN ワンポールテント	dod-tent	1	2
rakuten	a-price/4589946144178	DOD ワンポールテントS T3-44-TN 6角形 ポリエステル 3人用 耐水圧2,000mm コンパクト	one-pole-tent	1	4
rakuten	a-price/4589946144390	DOD グッドラックテーブル TB4-685	dod-table	1	4
rakuten	a-price/4589946145977	DOD スゴイッス C1-774-TN 高さ調整 角度調整 耐荷重100kg 1人用チェア	dod-chair	1	2
rakuten	a-price/4589946146844	DOD テキーラテーブル TB4-746-BK	dod-table	1	1
rakuten	a-price/4981325499778	ロゴス(LOGOS) 丸洗いスランバーシュラフ 寝袋	washable-sleeping-bag	1	1
rakuten	a-price/4981325534561	LOGOS ロゴス 丸洗いやわらか あったかシュラフ 夏用 冬用 オールシーズン 封筒型 連結可能	logos-sleeping-bag;washable-sleeping-bag	2	5;3
rakuten	aconcagua/mendoza	登山リュック ザック 30L 軽量 コンパクト 背負いやすい 日帰り ハイキング トレッキング 低山 富士山 初心者OK 女性にも タウンユース 旅行 機内持ち込み Mendoza 30 アコンカグア	mountain-backpack-30l	1	3
rakuten	aideall/s-yyd-rt101-bk	★楽天1位★72H限定P15倍→2,505円★ledランタン ソーラーランタン USB 充電式 ランタン 高輝度 災害用 1800ルーメン ソーラーパネル 防災対策 アウトドア 屋外 キャンプ ソーラー ライト 折り畳み式 5000mAh 調光 間接照明 おしゃれ 軽量 防水 登山 夜釣り 地震 母の日	camp-lighting-guide;day-camp-led-lantern;solar-lantern	3	5;5;1
rakuten	aidort/slub-1211a1	電気毛布 電気敷き毛布 ファスナー付き 丸洗いOK USB暖房 4箇所発熱 速熱15秒	electric-blanket-camp	1	3
rakuten	airhope/0140-0000000098	イワタニ カセットガスストーブ デカ暖2 CB-STV-DKD2	cassette-gas-heater	1	3
rakuten	airkey/2017jpchair	「お買い物マラソン」Moon Lence アウトドアチェア キャンプ椅子 折りたたみ コンパクト 超軽量907g イス 収納バッグ付き ハイキング お釣り 登山 耐荷重150kg CH-7	camp-chair-lightweight	1	4
rakuten	airkey/mlzwj	Moon Lence ハンギングラック ランタンハンガー 3段階高さ調節 アルミ合金 耐荷重20kg 折りたたみ式 収納袋付き	hanging-rack	1	3
rakuten	ajia-shop/ou03022	ゆらふわモック ハンモックベッド コット 自立 折りたたみ	family-camp-cot	1	5
rakuten	ajia-shop/ss-yurafuwamock	OSOTO ゆらふわモック ノーマルタイプ 自立式ハンモック 折りたたみ スタンド付 収納	camp-hammock	1	3
rakuten	ajia-shop/ss-yurafuwamock-long	OSOTO ゆらふわモック ロングタイプ 自立式ハンモック 高身長対応 折りたたみ スタンド	camp-hammock	1	5
rakuten	alice-zk/ad024	*15%OFFクーポン*【送料無料】防災士監修 リバーシブル キャンピングマット エアーマット アウトドア 用品 キャンプ 雑貨 インフレータブル 車中泊 エアー マットレス 自動膨張 レジャー 行楽 ハイキング 登山 花見 フェス 厚さ 5cm 防災 おうちキャンプ	family-camp-mat	1	3
rakuten	alice-zk/ad089	*マラソン10%offCP*【送料無料】おすすめ アウトドア マット キャンプマット キャンピングマット 折りたたみ 蛇腹 キャンプ用品 レジャー 188cm×57cm XPEフォーム 軽量 防水 防湿 車中泊 キャンプ 防災 登山 ピクニック サイズ 57cm×188cm アウトドア寝具	family-camp-mat	1	4
rakuten	alice-zk/od297	シェラカップ 3個セット フック付き 計量メモリ付き アウトドア食器	sierra-cup	1	2
rakuten	alpen/7005103511	コールマン ツーリングドームST 一人用 2人用 ソロテント ドームテント 2000038141	coleman-tent;duo-tent	2	2;1
rakuten	alpen/7010107035	コールマン クイックアップシェード ダークルーム 2218703 サンシェード	coleman-tent	1	4
rakuten	alpen/7010107045	コールマン ポップアップシェード ダークルーム 2218354 サンシェード	coleman-tent	1	3
rakuten	alpen/7010293611	スノーピーク エントリーパックTT SET-250RH（テント＋タープ 4人用）	snowpeak-tent	1	1
rakuten	alpen/7015934152	ogawa ヴィガス2 3人用 2653 サンドベージュ×ダークブラウン	ogawa-tent	1	1
rakuten	alpen/7200162192	ザ・ノース・フェイス BCヒューズボックス2 30L NM82255	northface-backpack	1	1
rakuten	alpen/7200162553	ザ・ノース・フェイス ビッグショット 33L NM72301	northface-backpack	1	3
rakuten	alpen/7200162613	ザ・ノース・フェイス ホットショット 27L NM72302	northface-backpack	1	4
rakuten	alpen/7200162673	ザ・ノース・フェイス シングルショット 20L ブラック NM72303 K ユニセックス	attack-pack	1	2
rakuten	alpen/7200575802	GREGORY カジュアルデイ V2 バックパック	gregory-backpack	1	5
rakuten	alpen/7300105500	コールマン キャンパーインフレーターマットハイピーク/ダブル (2000036154) キャンプ テント Coleman	camp-sleeping-mat	1	3
rakuten	alpen/7315100143	コールマン サイドテーブルデッキチェアST グレージュ 2190860	coleman-chair	1	3
rakuten	alpen/7315107408	コールマン インフィニティチェア ベージュ 2000033139	coleman-chair;infinity-chair	2	1;1
rakuten	alpen/7422105501	コールマン ファイアーディスク ソロ 2000037404	coleman-bonfire	1	2
rakuten	alpen/7620123092	ロゴス Bamboo ナイフ＆まな板セット 81280009 キャンプ クッキング LOGOS	camp-knife-beginner	1	5
rakuten	anker/a17225z1	Anker Solix C300 Portable Power Station 288Wh	compact-portable-power	1	2
rakuten	anker/a1753	Anker Solix C800 ポータブル電源 768Wh 定格1200W 世界最速充電58分 リン酸鉄 長寿命10年 パススルー アプリ遠隔操作	anker-power	1	2
rakuten	anker/a1763	Anker Solix C1000 Gen 2 ポータブル電源 1024Wh 定格1550W 世界最小クラス 急速充電54分 リン酸鉄 長寿命10年 アプリ遠隔操作	anker-power	1	1
rakuten	anker/a1770	Anker Solix F1200 ポータブル電源 1229Wh 定格1500W 1.5H満充電 リン酸鉄 長寿命10年 純正弦波 アプリ遠隔操作	anker-power	1	3
rakuten	anker/b1761-1	Anker Solix C1000 Gen 2 ＋ PS100 ソーラーパネル セット 1024Wh 世界最小クラス 急速充電54分 大容量 長寿命10年	anker-power	1	4
rakuten	anker/b1761-4	Anker Solix C1000 ＋ PS100 Compact ソーラーパネル 100W セット 1056Wh AC充電58分 折りたたみ式 パススルー 長寿命	anker-power	1	5
rakuten	aorinetshop/10018962	ガオバブ(Gaobabu) GaobabuコンパクトA4焚き火台（脚付き焼き網付き） 【一部地域を除き送料無料】 焚火台 焚き火 たき火 BBQ バーベキュー グリル 料理 クッキング 薪 炭 ステンレス 軽量 キャンプ ソロキャンプ ファミリーキャンプ グループキャンプ	camp-bbq-grill	1	3
rakuten	artpiece/lantan	【激アツ価格＆クーポン⇒2,280円】 楽天1位 ランタン 電池式 usb充電式 ライト 2in1給電方法 高輝度 キャンプランタン フラッシュライト ledランタン キャンプ 折り畳み式 コンパクト Vantozon ギフト 黒/グレー 送料無料	day-camp-led-lantern	1	3
rakuten	artpiece/sd	ねぶくろん 封筒型 寝袋 最大限界温度-15度 230T 1.8kg 撥水 洗える	rectangle-sleeping-bag;sleeping-bag-summer-cospa;sleeping-bag-temperature-guide	3	3;5;2
rakuten	ashop/ee289	車載用炊飯器 DC12V/DC24V兼用 2合炊き 早炊き・保温機能付き	camp-rice-cooker	1	4
rakuten	askrtech/fhst	防寒手袋 スマホ対応 撥水 裏起毛 保温 防風 すべり止め 裏フリース	winter-camp-gloves	1	3
rakuten	astroproducts/2016000009460	手斧 600g AX946 | カーボンスチール ヒッコリー柄 保護ラバー付 斧 オノ 手斧 ハンドアックス 薪 薪割り アウトドア キャンプ BBQ DIY 伐採 小型 防災 アストロプロダクツ	hand-axe	1	4
rakuten	atlas-online/acg	アトラス コーヒーミル セラミック臼式 ACG	outdoor-coffee-mill	1	5
rakuten	atlas-online/afp-301	アトラス フードポット AFP-301 マットブラック(310ml)	soup-jar-camp	1	4
rakuten	atlas-online/atpb-1200bk	アトラス 超保温ボトル TEMPEAK 500〜1200ml	thermal-bottle	1	4
rakuten	atlas-online/awch-350	アトラス 缶ホルダー AWCH-350/500 ネイビー	insulated-tumbler	1	4
rakuten	auc-ainetshop/60965	送料無料 LOGOS/ロゴス ハイパー氷点下クーラーM 12L 81670070 長時間冷蔵 大容量 クーラーボックス ソフトクーラー 保冷バッグ 折りたたみ コンパクト キャンプ アウトドア バーベキュー バイク好き ギフト あす楽対応	camp-cooler-box-beginner;camp-cooler-box-overall	2	2;2
rakuten	auc-ainetshop/62695-60966x2	送料無料 LOGOS/ロゴス アクションクーラー25 ホワイト 81448033 81660642 クーラーボックス 冷蔵保存 キャンプ アウトドア フィッシング バーベキュー BBQ ハードケースクーラーボックス 倍速凍結・氷点下パックM 2個 あす楽対応	camp-cooler-box-beginner;camp-cooler-box-overall	2	5;3
rakuten	auc-ainetshop/69365	LOGOS ロゴス 丸洗いスランバーシュラフ・2 No.72602010 冬用 封筒型 連結可能	logos-sleeping-bag	1	4
rakuten	auc-ainetshop/71297	ロゴス Tradcanvas コンフォートベッド 73173089 フォールディングコット	family-camp-cot;solo-camp-cot	2	2;1
rakuten	auc-ainetshop/83950	belmont/ベルモント BM-163 フィールドナイフ IP-倭-yamato SUS6A キャンプ インドア アウトドア 防災 おしゃれ 収納 牛革 ナイフ 収納ケース 日本製 フルタングブレード バトニング ヌメ革 IPメッキ ダガー サバイバル かっこいい	camp-knife-beginner	1	4
rakuten	auc-ainetshop/83951	belmont/ベルモント BM-164 フィールドナイフ-倭-yamato キャンプ インドア アウトドア おしゃれ 収納 牛革 ナイフ 刃物 収納ケース 高級 日本製 ヌメ革 ダガー サバイバル かっこいい SUS6A フルタングブレード バトニング あす楽対応	camp-knife-beginner	1	2
rakuten	auc-ainetshop/92442	スプリングセール LOGOS/ロゴス 37411001 スタンダード トートリュック クーラー XL ブラック アウトドア キャンプ ピクニック ショッピング レジャー 保冷バッグ クーラーリュック ファミリー 保冷力抜群 デイキャンプ あす楽対応 お買い物マラソン 開催	cooler-box-day-camp	1	4
rakuten	auc-carover/gd-tripod	GoodsLand トライポッド 焚き火三脚 ブラック（コンパクトスタンド）	bonfire-tripod	1	4
rakuten	auc-fishers/sp-bg001	【お買い物マラソン期間限定ポイント2倍】 バックパック 30L 登山 リュックサック 登山用リュック ザック メンズ レディース 軽量 通勤 通学 機内持ち込み レインカバー付き 防災バック 春山登山 旅行 背面通気 入学準備 新生活	mountain-backpack-30l	1	2
rakuten	auc-gion/71201192	ロゴス neosエーコンリビングドーム M(3~4人用)	logos-tent	1	2
rakuten	auc-gion/cb1-100-bk	DOD ワイドキャンピングベッド コット ブラック CB1-100-BK 折りたたみ レジャー アウトドア キャンプ BBQ	solo-camp-cot	1	3
rakuten	auc-pcfreak/10001186	ジェントス LEDランタン EX-450H 高輝度 1100ルーメン Explorer	gentos-light	1	1
rakuten	auc-r-style/04-10-03-01	M-STYLE ミリタリーバッグ 大容量90L 3WAY リュック/ショルダー/ボストン 防水生地	backpack-large	1	5
rakuten	auc-risecreation/y0721	atRise パネルヒーター 折りたたみ式 160W ブランケット・リモコン付き	camp-electric-heater	1	4
rakuten	auc-teppan-hiroba/lo20-51	【レビューを書いて500円OFFクーポン】 ZEOOR ゼオール グリルプレートスタンドM キャンプ バーベキュー アウトドア用品 ロゴス 焚き火台 LOGOS the ピラミッドTAKIBI M 専用 鉄板 五徳 焚火台 焚火 焚き火 ロストル 焼肉 炭火コンロ バーベキューグリル 焼き網	camp-grill-plate	1	1
rakuten	auc-topsense/10004776	waku fimac 大型風防板 リフレクター（ウインドスクリーン）	camp-windscreen	1	2
rakuten	auc-topsense/10005150	アウトドアテーブル キャンプテーブル ロールトップテーブル 折りたたみ ロールテーブル 120×70 高さ調整 木目調 アルミ 軽量 大型 ファミリーキャンプ BBQ バーベキュー レジャーテーブル ピクニック キャンプ用品 waku fimac	group-camp-table	1	3
rakuten	auc-topsense/10006165	ノースピーク 韓国ブランド テント 2ルーム ファミリーテント 4人用 メッシュ UV コート 耐水圧3000mm インナーテント グランドシート タープポール ホワイト カラー アウトドア キャンプ	family-summer-large-tent	1	5
rakuten	auc-topsense/10006174	ノースピーク Northpeak ATLANTIC OCEAN 2.0 OLIVE SAND 韓国ブランド 2ルーム ファミリー テント 4人用 メッシュ UV コート 耐水圧3000mm インナーテント グランドシート アルミフレーム オリーブ カラー	family-summer-large-tent	1	4
rakuten	auc-topsense/10006176	ノースピーク Northpeak OCTA SHELL OLIVE GRAY 韓国ブランド ファミリーテント シェルター テント 10人用 メッシュ UV コート 耐水圧4000mm インナールーフテント オリーブ 12人	family-summer-large-tent	1	3
rakuten	auc-topsense/10006177	ノースピーク 韓国ブランドテント 2ルーム ACADIA - OLIVE SAND エアテント ファミリーテント 5人用 メッシュ UV コート 耐水圧4000mm インナーテント グランドシート タープポール付属 オリーブ アウトドア キャンプ	family-summer-large-tent	1	2
rakuten	auc-waiper/bushcraft-4571574750500	クーポンで15%OFF★Bush Craft Inc. ブッシュクラフト 焚き火グリルプレート【Sx】【T】ギフト｜アウトドア キャンプ バーベキュー 調理器具 焼き網 アルミ 軽量 携帯 調理プレート BBQグリル 収納ケース付き	camp-grill-plate	1	4
rakuten	autorder/au743744	autorder 汎用フロントサンシェード（XS〜6サイズ展開）	car-shade	1	4
rakuten	axes0317/gm-tt3000	5/6まで延長63%0FF！＼アレンジ自由自在の秘密基地／ GIMMICK (ギミック) パップテント m8 GM-TT3000 テント キャンプ アウトドア	stylish-camp-tent	1	1
rakuten	b-bselect/4949076542969	アウトドア ナイフ 多喜火鉈110mm ナタ キャンプ 鉈 バトニングナイフ 薪割りナイフ 薪割り 両刃 バトニング フルタング 焚き火 焚火	camp-nata	1	1
rakuten	b-bselect/ns180	鉈 なたとのこ2丁組 NS-180 なたとのこぎりがセット（薪割り 道具 庭木 剪定 のこぎり 登山 なた ノコギリ セット アウトドア キャンプ）	camp-nata	1	5
rakuten	babykids-hrt/h155	Hariti マグネットカーテン 2枚入り（M/L）車用サンシェード	car-shade	1	2
rakuten	baronessod/71301003	ロゴス ROSY オーニングドーム Mプラス	logos-tent	1	3
rakuten	baronessod/81448054	LOGOS ロゴス クーラーボックス 9L 小型 ハード 保冷 ミニクーラー アウトドア キャンプ バーベキュー ピクニック 釣り 運動会 ソロキャンプ デイキャンプ 軽量 コンパクト 81448054	day-camp-cooler-box	1	3
rakuten	basecamp-saga/10008osp2501	OSPREY（オスプレー）ULスタッフパック UL STUFF PACK 18L	osprey-daily-backpack	1	5
rakuten	bestday/tbd-035955	TheBestDay A7075アルミ トレッキングポール 260g 2本セット	trekking-pole	1	4
rakuten	biken-concierge/1900002000	【正午~クーポン10%引】 楽天1位 法人価格有 特大 3×6m 3×9m ワンタッチ タープテント 3m 6m 簡単 テント イベント 大型 大人数 キャンプ アウトドア 大型テント 運動会 レジャー おもり 6人 着替え 重り ワンタッチタープ	group-camp-tent;large-tent-guide	2	1;1
rakuten	biken-concierge/30300026	掛け敷き 電気毛布 洗える 130×80cm/188×130cm 3段階温度調節 掛け敷き兼用 JET安全認証	electric-blanket-camp	1	5
rakuten	blueplanet-colore/ou-1112	コールマン コンバータコット2 ラウンジャー 折りたたみベッド/チェア 2WAY オーバーサイズ	family-camp-cot;solo-camp-cot	2	1;2
rakuten	bluettijapan/ac50b-jp-gy-bl-rktjp-00	【在庫一掃 クーポン利用で32,280円】BLUETTI ポータブル電源 AC50B 448Wh/700W/AC50B セット小型 軽量 家庭用 蓄電池 5年保証 リン酸鉄 長寿命 バックアップ電源 (サージ1000W) UPS機能 アプリ遠隔操作 発電機 アウトドア キャンプ 車中泊 お釣り 防災 節電対策	camp-portable-power-beginner	1	5
rakuten	bluettijapan/bluettijapan_ac180	BLUETTI ポータブル電源 AC180 1152Wh 1800W 60分満充電 リン酸鉄 UPS APP遠隔操作 サージ2700W	bluetti-power	1	2
rakuten	bluettijapan/bluettijapan_ac70	BLUETTI ポータブル電源 AC70 768Wh 1000W リン酸鉄 長寿命 UPS機能 アプリ遠隔操作 サージ2000W	bluetti-power;disaster-portable-power	2	1;3
rakuten	bluettijapan/bluettijapan_aora100v2_eg	BLUETTI ポータブル電源 AORA 100 V2 1024Wh 定格1800W 2700Wリフト機能 0.01秒UPS リン酸鉄 10年長寿命 アプリ遠隔操作	bluetti-power	1	3
rakuten	bluettijapan/bluettijapan_aora30v2_eg	BLUETTI ポータブル電源 AORA 30 V2 288Wh 定格600W 1500Wリフト機能 0.01秒UPS リン酸鉄 10年長寿命 急速充電	bluetti-power;compact-portable-power	2	4;4
rakuten	bluettijapan/copybluettijapan_eb3a_b	BLUETTI ポータブル電源 EB3A 268Wh ＋ 130Wソーラーパネル セット 600W出力 リン酸鉄 2500回サイクル UPS 高速充電	bluetti-power;compact-portable-power	2	5;3
rakuten	boardermkt/h3ekab6yrpqelgeiun5glondhu	Coleman(コールマン) タフスクリーン2ルームエアー DARKROOM LDX+	air-frame-tent	1	5
rakuten	breakthrough23/b20-1	モバイルバッテリー 大容量 22000mAh 3台同時充電 LCD残量表示 薄型 ケーブル内蔵 PSE認証	mobile-battery-camp	1	3
rakuten	c-c-s/citaeb-01	【40%OFFクーポンご利用で69,800円→41,880円 マラソン期間限定】ポータブル電源 大容量 車中泊 正弦波 エナーボックス 444Wh 120000mAh 400W |ポータブル バッテリー 蓄電器 発電機 小型 蓄電池 家庭 静音 ソーラー ソーラーパネル 電気毛布 キャンプ 防災 電源	camp-portable-power-beginner;disaster-portable-power	2	2;4
rakuten	c-c-s/citasr-01-1	LACITA 81W ソーラーパネル ソーラーチャージャー 折りたたみ式	solar-panel-folding	1	4
rakuten	c-c-s/cl1	【20%OFFクーポンご利用で9,980円→7,984円 マラソン期間限定】LACITA 明るさが360度広がる LEDランタン 充電式 キャンプ ライト 吊り下げ 卓上 小型 軽量 電球色 防災 停電対策 懐中電灯 シーリングライト 明るい 長持ち ラチタ	day-camp-led-lantern;family-camp-lantern	2	1;5
rakuten	camp-link/cl-4960589014682	スノーピーク(snow peak) ミニッツドーム Pro.air 1	air-frame-tent	1	2
rakuten	camplus/blanket1	南米産アルパカ ウールブランケット 110×190cm（柄3）	camp-blanket	1	5
rakuten	canpanera/10000866	karrimor カリマー VTデイパック F VT daypack F リュック 20L	karrimor-backpack	1	3
rakuten	canpanera/b06019	当店限定色あり《全8色》ブルーノLEDランタン BRUNO LED LANTERN ライト 電灯 電池式 無段階調光 持ち手付き 雑貨 アンティーク ギフト プレゼント 新生活 防災グッズ 災害 非常用 ベランピング ピクニック BBQ おしゃれ キャンプ アウトドア	camp-lantern-led;family-camp-lantern	2	4;2
rakuten	canpanera/b17019	Black Diamond トレイル BD82505 アルミ I字グリップ	trekking-pole	1	5
rakuten	canpanera/c04083	チャムス ホットサンドウィッチクッカー CHUMS CH62-1039 シングル 直火	hot-sandwich-maker	1	2
rakuten	canpanera/k03014	カリマー タトラ20 KARRIMOR tatra20 501212 20L 腰ベルト付き ユニセックス	attack-pack	1	1
rakuten	canpanera/k03034	karrimor カリマー イクリプス27 eclipse 27 バックパック 27L	karrimor-backpack	1	1
rakuten	canpanera/k03199	カリマー カデット20 KARRIMOR cadet20 501213 20L レディース・ジュニア向け	attack-pack	1	5
rakuten	canpanera/k03514	karrimor カリマー トリビュート40 tribute 40 バックパック 40L	karrimor-backpack	1	2
rakuten	canpanera/m08331	ミステリーランチ レイディックス47 RADIX 47 ブラック／ハンター Lサイズ 45L 19761592	mysteryranch-backpack	1	3
rakuten	canpanera/n15146	ナンガ NANGA ウォータープルーフ スリーピングバッグカバー NS2244-2Z303 カーキ	sleeping-bag-cover	1	1
rakuten	canpanera/o09036	OSPREY シラス 24 SIRRUS 24 レディース バックパック	osprey-backpack	1	3
rakuten	canpanera/o09039	オスプレー デイライトプラス OSPREY DAYLITE PLUS OS57176 20L	attack-pack;camp-backpack-capacity-guide;osprey-backpack;osprey-daily-backpack	4	3;1;1;1
rakuten	canpanera/o09145	OSPREY フェアビュー40 トラベルパック FAIRVIEW 40 レディース バックパック	osprey-backpack	1	4
rakuten	canpanera/o09158	OSPREY（オスプレー）ハイクライト HIKELITE 26L	osprey-daily-backpack	1	4
rakuten	canpanera/o09165	OSPREY（オスプレー）アーケイン ラージデイ ARCANE LARGE DAY	osprey-daily-backpack	1	3
rakuten	canpanera/s06-965	スノーピーク HOME&CAMPランタン ES-080(ブラック)	snowpeak-lantern	1	5
rakuten	canpanera/s06127	スノーピーク リトルランプ ノクターン snow peak Little Lamp Nocturne GL-140	gas-lantern	1	3
rakuten	canpanera/s06473	【SALE 20%OFF】スノーピーク アメニティタープ ヘキサLセット snow peak Amenity Tarp Hexa L Set TP-851SR オガワ張り 小川張り タープ テント 初心者 エントリーモデル おしゃれ キャンプ アウトドア	day-camp-starter-set	1	4
rakuten	canpanera/s16007	キャリー・ザ・サン スモール CARRY THE SUN SMALL 折り畳み LED ランタン 太陽光パネル ソーラー充電 軽量 防水 防災グッズ 非常用 インテリア雑貨 シンプル かわいい ギフト プレゼント 登山 フェス おしゃれ キャンプ アウトドア	mountain-camp-lantern	1	2
rakuten	canpanera/t04002	サーマレスト Zライトソル R シルバー/レモン 30670 51×183cm	closed-cell-mat;winter-camp-guide	2	1;1
rakuten	canpanera/u07029	ユニフレーム コーヒーバネット cute 664025	camp-coffee-dripper	1	1
rakuten	canpanera/u07031	ユニフレーム コーヒーバネット sierra 667767 コーヒードリッパー 軽量 コンパクト	sierra-cup	1	2
rakuten	captainstagstore/4560464249545	キャプテンスタッグ スキレット ミニ 鉄製 シーズニング不要 UG-3015	camp-skillet	1	4
rakuten	captainstagstore/4560464255294	キャプテンスタッグ スキレット 鉄 フライパン 20cm シーズニング不要 UG-3028	camp-skillet	1	1
rakuten	caramelcafe/cot1103goods032f-	【Coleman】コールマン ノースリム 寝袋 マミー型 シュラフ 大人用（グレー／ブラック／オレンジ／グリーン）	coleman-sleeping-bag	1	5
rakuten	caraz2/jpn-jr001	JPN公式 直流家 タケルくん DC12V専用 車載炊飯器 JPN-JR001 1.5合炊き	camp-rice-cooker	1	3
rakuten	case-by-case/3017	モバイルバッテリー 5000mAh/10000mAh 小型 軽量 ケーブル内蔵 マット加工 PSE認証	mobile-battery-camp	1	5
rakuten	change8/feuer125621	FEUERHAND フュアーハンド ランタン 276 ベイビースペシャル	oil-lantern	1	2
rakuten	civil-life/j-0630-1	Civil Life トライポッド 焚き火三脚 アルミ製（ブラック／シルバー）	bonfire-tripod	1	1
rakuten	cocoterrace/r-0021-0311	キャプテンスタッグ ビストロ フォールディングテーブル 高さ4段階調整 アルミ ハイテーブル 木目ブラウン	captain-stag-table	1	3
rakuten	cocoterrace/r-0021-0312	キャプテンスタッグ CSシャルマン ラウンジチェア ドリンクホルダー付き 軽量アルミ製	captain-stag-chair	1	1
rakuten	comconstore/4939736500095	大進 哲寛 鋼付 ナタ片刃 180MM 鉈 なた ナタ 園芸 ガーデニング 農業 庭 農作業 家庭菜園 キャンプ アウトドア	camp-nata	1	2
rakuten	comconstore/4939736702888rr	大進 鉈 鋼付 両刃 165mm グリップ性能に優れた樹脂柄 DG-N001 アウトドア キャンプ サバイバル 枝打ち ナタ なた 園芸	camp-nata	1	3
rakuten	compia/acc0535	USB ホットマット 一人用 電気毛布 車中泊 ホットカーペット 450×1500 洗える	electric-blanket-camp	1	2
rakuten	coolbox/500cb-5	保冷剤 業務用 【楽天1位！ 高評価★4.66】 長時間 500g 蓄冷剤 0℃ -11℃ -16℃ 単品 2枚 クーラーボックス プロ仕様 業務用保冷剤 最強 500CB-0 500CB-16 保冷 冷蔵 冷凍 小型 釣り アイス アウトドア お弁当 イベント BBQ 保冷 防災 日本製	cooler-ice-pack	1	4
rakuten	corona-official/0134509000	コロナ 対流形石油ストーブ SZ-F32A(CF)	camp-oil-stove	1	4
rakuten	cotocoto/tent005	【レンタル】ピルツ 19〔小川キャンパル〕【レンタルテント】【往復送料無料】 ファミリー キャンプ 宿泊 家族 春キャンプ 夏キャンプ 秋キャンプ 冬キャンプ 10人 大型テント ワンポール　簡単設営	family-summer-large-tent	1	1
rakuten	d-fresh/d0022_peg_hammer	ペグハンマー 軽量360g 炭素鋼ヘッド ペグ抜き付き	peg-hammer	1	5
rakuten	d-shop1one/4901140905681	イワタニ カセットガスファンヒーター 風暖 CB-GFH-5	cassette-gas-heater	1	2
rakuten	dabada/c-pole	DABADA カーボントレッキングポール 2本セット 175g シルバー	trekking-pole	1	1
rakuten	dabada/hexatarp	ヘキサタープ 500×480cm タープテント タープ ヘキサゴン テント 天幕 日よけ uvカット 耐水圧2000mm ペグ・ロープ付き 遮光 キャンプ アウトドア レジャー ベランピング ソロキャンプ バーベキュー BBQ UPF50＋	camp-tarp-beginner	1	4
rakuten	dabada/led-lantan-63	楽天総合1位 LED ランタン 63灯 USB 手回し ソーラー 電池 車載充電 アウトドア 充電式 懐中電灯 キャンプ 登山 停電 防災対策	camp-lantern-led;family-camp-lantern	2	2;1
rakuten	dabada/new-a-pole	DABADA 3段折りたたみ式トレッキングポール カーキ 215g 2本セット	trekking-pole	1	3
rakuten	dabbsson/jprad2000l-b-jp001-set	Dabbsson 2000L 2048Wh 半固体リン酸鉄 2200W出力 大容量 軽量	portable-power-large	1	3
rakuten	daigochi/12912	NANGA（ナンガ） オーロラ ダウンジャケット レディース ブラック AURORA DOWN JACKET	nanga-down-jacket	1	5
rakuten	daily-3/hlx0004	Helinox ヘリノックス チェアツー Chair Two ハイバック	helinox-chair	1	4
rakuten	daily-3/hlx0010	Helinox ヘリノックス チェアワン ホーム Chair One Home	helinox-chair	1	2
rakuten	dailycompass/k292_tentrope_8	テントロープ ガイロープ 8本セット 5mm×4m（反射材入り・自在金具8個付）	guy-rope-recommend	1	1
rakuten	dantotsu-online/3002000430	トヨトミ 石油ストーブ レインボー RL-2524	camp-oil-stove	1	2
rakuten	dantotsu-online/880029	椙山紡織 ホットテーブルマット NA-171TM 60×110cm ブラウン 木目調	camp-hot-carpet	1	5
rakuten	ddps1975/010412003	イワタニ カセットガス アウトドア トーチバーナーII CB-TC-ODORP	iwatani-stove	1	3
rakuten	deandeluca/dd0005	DEAN&DELUCA スープポット 300ml ホワイト/グレー	soup-jar-camp	1	5
rakuten	decori/y-342	【真夏SALE！】最大65％OFF 楽天総合ランキング1位を4度獲得！日本食品衛生法適合 保冷剤 ステンレス Sサイズ 230g 超軽量 Mサイズ450g 長時間保冷 急速冷却 繰り返し使える 保冷バッグ クーラーボックス お弁当 ランチ 釣り キャンプ	cooler-ice-pack	1	1
rakuten	dmastore/ctsm	キャリーザサン ミディアム LEDランタン 充電式 ライト 太陽光 ソーラーパネル 軽量 防水 防塵 キャンプ 登山 Mサイズ 旧ソーラーパフ おしゃれ 人気 災害 防災グッズ 間接照明 折りたたみ 携帯用 持ち運び メール便	mountain-camp-lantern	1	1
rakuten	dogcart/000000004987405	＼30%OFF在庫限り／and wander ポップアップテント[UVカット 遮光 日よけ ワンタッチテント ピクニック デイキャンプ 収納バック付き アウトドア 野外フェス おうちキャンプ べランピング テント プレイヤード BBQ エアバギーコラボ POPUP TENT]	day-camp-tent	1	3
rakuten	dondon/lxc06	モダンデコ 無重力チェア ハイバック リクライニング 耐荷重120kg ひじ掛け 折りたたみ アウトドアチェア	camp-chair-highback	1	2
rakuten	dondon/lxt02	モダンデコ ワンタッチテント 完全遮光ブラックコーティング フルクローズ 3〜4人用	one-touch-tent;stylish-camp-tent	2	2;2
rakuten	dondon/mdht-001	モダンデコ セラミックファンヒーター 人感センサー付き 600W/1200W切替 2.3kg	camp-electric-heater	1	5
rakuten	dondon/sjt25	[6%OFFクーポン／10時まで] タープテント 2.5m ワンタッチタープテント テント 遮熱 遮光 UV99.9%カット アウトドア 簡単 大型 軽量 日よけ 日除け UVカット 防水 レジャー キャンプ バーベキュー イベント用 運動会 花見 ソロキャンプ	day-camp-tarp-cheap;one-touch-tarp	2	3;5
rakuten	dondon/sjt30	モダンデコ ワンタッチタープテント 3m 遮熱 遮光 UV99.9%カット 防水 軽量 アウトドア	large-tarp-recommend;one-touch-tarp	2	5;3
rakuten	dondon/szt04	ワンポールテント 軽量 UVカット メッシュ インナーシート 4人用 ポリエステル 耐水圧2,000mm 大型	one-pole-tent	1	5
rakuten	doudabesa/vitc20cgy	アイリスオーヤマ HUGEL ヒューゲル VITC-20 クーラーボックス 20L 保冷バック ハード 小型 チャコールグレー 真空断熱 釣り アウトドア スポーツ レジャー キャンプ 防災 VITC20 【送料無料】	camp-cooler-box-beginner;camp-cooler-box-overall	2	4;4
rakuten	doudabesa/vitc40cgyhhcl	【保冷材付きセット 超低温タイプ】アイリスオーヤマ HUGEL ヒューゲル VITC-40 HHC-L クーラーボックス 40L 保冷バック ハード 大型 チャコールグレー 真空断熱 釣り アウトドア スポーツ レジャー キャンプ 防災 VITC40 HHCL【送料無料】	camp-cooler-box-beginner;camp-cooler-box-overall	2	3;5
rakuten	dream-brother/screen-01	dream-brother 焚き火陣幕 コンパクト（コットン）	camp-windscreen	1	3
rakuten	dream-brother/screen01-2set	dream-brother 焚き火陣幕＋焚き火シート 2点セット	camp-windscreen	1	5
rakuten	e-finds-ada/d09-52a	【ランキング受賞！】 ランタン led 充電式 ソーラー 折り畳み キャンプランタン ソーラーランタン 防水防滴 3Way仕様 2色 災害用 懐中電灯 アウトドア キャンプライト 登山 夜釣り 防災グッズ SOS 停電対策 緊急 非常用 おしゃれ 人気	mountain-camp-lantern	1	4
rakuten	e-kitchen/573431	アイリスオーヤマ 真空断熱スープジャー SFJ-300 ネイビー(300ml)	soup-jar-camp	1	1
rakuten	e-kitchen/7091393	アイリスオーヤマ ホットプレート コンパクト PHP-1002TC グレー 深鍋・平面プレート2種付き	camp-electric-grill	1	3
rakuten	e-kitchen/7259117	象印 シームレス ステンレスボトル 600/720/950ml	thermal-bottle	1	3
rakuten	e-kurashi/1440626	山善 ホットカーペット フローリング調 YZD-101FL 1畳 170×85cm 本体	camp-hot-carpet	1	2
rakuten	e-kurashi/1477689	SOTO 燻家（スモークハウス）ST-114	camp-smoker	1	2
rakuten	e-kurashi/1484991	山善 電気ストーブ DS-D086(W) ホワイト 800W/400W切替式	camp-electric-heater	1	1
rakuten	e-kurashi/1506329	ディレクターチェア アウトドアチェア アルミ 軽量 折りたたみ サイドテーブル付き DD-02WT レジャーチェア キャンプ アウトドア バーベキュー 折りたたみ椅子 山善 YAMAZEN キャンパーズコレクション 【送料無料】	camp-chair-lightweight	1	5
rakuten	e-kurashi/1506881	アウトドアテーブル 折りたたみ アルミ 軽量 木目 ブラウン ホワイト 120cm 180cm 240cm 大きい アウトドア キャンプ バーベキュー テーブル レジャーテーブル 折りたたみテーブル 山善 YAMAZEN キャンパーズコレクション 【送料無料】	camp-table-folding	1	3
rakuten	e-kurashi/1517841	山善 ホットカーペット SUT-102 1畳 170×85cm 本体	camp-hot-carpet;winter-camp-guide	2	1;7
rakuten	e-kurashi/32802	山善 あしもとあったかストーブ DS-F041(W) ホワイト 400W	camp-electric-heater	1	3
rakuten	e-kurashi/44174	レインウェア レインコート 上下セット 男女兼用 耐水圧10000mm/H2O 透湿度5000g 裾上げ 股下調節 通勤通学 作業現場 AS-7100 AS-6700 レインスーツ 雨具 カッパ レインウエア セットアップ 防水 軽量 ユニセックス マック Makku 【送料無料】	camp-rainwear	1	4
rakuten	e-kurashi/53475	山善(YAMAZEN) ミニ炊飯器 YJE-M150(B) ブラック 0.5〜1.5合炊き マイコン式	camp-rice-cooker	1	1
rakuten	e-kurashi/q3t40	山善(YAMAZEN) グリル鍋 YGF-W130(B) ブラック 深鍋・波型プレート2WAY	camp-electric-grill	1	4
rakuten	e-kurashi/q4k87	ホンマ製作所 燃焼工房 煙突付き AR-360	tent-wood-stove	1	4
rakuten	e-kurashi/q4x77	SOTO（新富士バーナー）フィールドチャッカー ST-760 パワートーチ	torch-burner	1	3
rakuten	e-kurashi/q9106	SOTO フィールドチャッカー ST-Y451 パワートーチ	soto-burner	1	5
rakuten	e-kurashi/qt325	山善(YAMAZEN) 丸型ホットプレート YHL-S100(B) ブラック 2〜3人用	camp-electric-grill	1	5
rakuten	e-kurashi/xjq13	ホンマ製作所 レジャーカマド 薪ストーブ RM-410	tent-wood-stove	1	5
rakuten	e-kurashi/xqm66	レギュレーターストーブ ST-310＆ボンベ ST-760 お得なセット ST-KE310 ストーブ ガスバーナー シングルバーナー キャンプ アウトドア バーベキューコンロ ボンベセット SOTO 【送料無料】	camp-burner-beginner	1	4
rakuten	e-smart/hac2897	グリルホットパン ホットサンドメーカー 直火 1枚用 着脱式 耳まで圧着	hot-sandwich-maker	1	5
rakuten	e-techpowershop/1791201001	EENOUR P2001PLUS 2048Wh 2400W リン酸鉄 UPS機能 急速充電 アプリ対応	portable-power-large	1	4
rakuten	e-techpowershop/1810225001	EENOUR スポットクーラー（アウトドア対応モデル）	portable-cooler-aircon	1	3
rakuten	e-techpowershop/set-d1018	EENOUR ポータブル冷蔵庫 DB01 10L/18L/23L バッテリータイプ 車載 セカンド冷凍庫	portable-fridge	1	1
rakuten	ecoflow/delta-2-max	EcoFlow DELTA 3 Max 2048Wh AC出力2200W 急速充電 5年保証 リン酸鉄	portable-power-guide;portable-power-large	2	3;2
rakuten	ecoflow/delta-3-160	EcoFlow ポータブル電源 ソーラーパネル セット DELTA 3 Classic 1024Wh 軽量両面ソーラーパネル	ecoflow-power;solar-portable-power	2	3;5
rakuten	ecoflow/delta2max-220w	EcoFlow ポータブル電源 ソーラーパネル セット DELTA 3 Max 2048Wh 220W 長寿命 5年保証	ecoflow-power	1	5
rakuten	ecoflow/river-2	【クーポン利用で22,425円 4/24 20:00〜】EcoFlow ポータブル電源 リン酸鉄 長寿命 1hフル充電 RIVER 2 256Wh 5年保証 小型 蓄電池 発電機 ポータブル バッテリー 急速充電 アプリ対応 車中泊 AC出力300W アウトドア 台風 停電 防災グッズ キャンプ	camp-portable-power-beginner;portable-power-vehicle-camp	2	4;5
rakuten	ecoflow/river-2-max	EcoFlow ポータブル電源 リン酸鉄 長寿命 1hフル充電 大容量 RIVER 2 Max 512Wh 5年保証 小型 蓄電池 発電機 ポータブルバッテリー 急速充電 車中泊 アウトドア キャンプ 停電対策 防災グッズ エコフロー	portable-power-vehicle-camp	1	1
rakuten	ecoflow/river-2-pro	EcoFlow ポータブル電源 RIVER 3 Max Plus 858Wh UPS機能 1時間フル充電 5年保証 LEDライト付	disaster-portable-power;ecoflow-power	2	2;2
rakuten	ecoflow/river-pro	EcoFlow RIVER 2 Pro 768Wh + 160W ポータブル電源 ソーラーパネル セット 蓄電池 発電機 ポータブルバッテリー 急速充電 アプリ対応 車中泊 非常用電源 停電 台風 防災グッズ アウトドア キャンプ エコフロー	portable-power-vehicle-camp	1	3
rakuten	ecoflow/set	EcoFlow ポータブル電源 ソーラーパネル セット DELTA 3 Plus 1024Wh 220W 軽量両面ソーラーパネル 長寿命	ecoflow-power;solar-portable-power	2	4;3
rakuten	ecoflow/zmr330-jp	【クーポン利用で48,235円 4/24 20:00〜】EcoFlow ポータブル電源 DELTA 3 1000 Air 大容量 超軽量 コンパクト高出力 2年保証 長寿命 家庭用 蓄電池 太陽光発電 急速充電 キャンプ 停電 防災グッズ 台風 節電 エコフロー	camp-portable-power-beginner;ecoflow-power	2	3;1
rakuten	efrontier2/o-apt	アウトドア キャンプ 折りたたみ テーブルチェアセット 軽量 アルミ ピクニックテーブル ベンチ レジャー キャンプテーブル セット 2段階 高さ調節 チェアベンチ収納式 椅子付き	camp-table-set	1	4
rakuten	emix/ladgloves009	ラドウェザー LAD WEATHER 完全防水 3M高級中綿 手袋 スマートフォン対応 すべり止め	winter-camp-gloves	1	5
rakuten	ems-sports/mizuno-a2mg8a01	送料込み ミズノ mizuno ベルグテックEXストームセイバーVI レインスーツ（メンズ） A2MG8A01レインウェア上下 雨具アウトドア 登山	camp-rainwear	1	2
rakuten	enetroom/1467142	アイリスオーヤマ RVBOX 1000（大容量・キャスター付）	gear-storage-box	1	5
rakuten	enetroom/535804	アイリスオーヤマ スポットクーラー ポータブルクーラー	portable-cooler-aircon	1	1
rakuten	esports/6000000019183	FLEXTAIL マックスポンプ2プロ Max Pump 2 Pro	camp-air-pump	1	4
rakuten	esports/6000000019186	FLEXTAIL タイニーポンプX ランタン付き	camp-air-pump	1	1
rakuten	esports/6000000035579	クーヴァ KURVE 2ルーム トンネルテント 大型 5人用 サンド QC-KURVE SD ドームテント ドーム型テント 2ルームテント キャンプテント 家族 クイックキャンプ QUICKCAMP 春レジャー	two-room-tent-guide	1	2
rakuten	esports/6000000146137	ワンタッチテント ポップアップテント ピクニック テント 遮熱 遮光100% 公園 UVカット 熱中症対策 簡易テント 紫外線防止 日よけ ブラックコーティング コンパクト サンシェード 3人用 持ち運び フェス レジャー デイキャンプ 海水浴 運動会	day-camp-tent	1	2
rakuten	esports/9211310290203	クイックキャンプ ミニ三つ折りテーブル 木目調 QC-3FT90 折りたたみ ローテーブル メッシュ 耐熱耐水	low-style-table	1	1
rakuten	esports/9501310090022	☆シルバーコーティングタイプ 通常価格より2000円OFF！☆【楽天1位】 ワンタッチタープ 2.5m UVカット 遮光 遮熱 タープテント サイドシート付き ブラックコーティング シルバーコーティング 日よけ 体感マイナス 設営60秒 1人で設営 3〜4人用 軽量 ファミリー 庭遊び	day-camp-tarp-cheap;one-touch-tarp;screen-tarp	3	4;4;5
rakuten	esports/9501310090062	ワイドスクリーンタープ ワンタッチテント タープテント 4m×2.8m 遮光 遮熱 断熱 日除け 日陰 シルバーコーティング ブラックコーティング UVカットク ール COOL 涼しい 簡単設営 90秒設営 運動会 ファミリー 広々空間 フルメッシュ フルクローズ 虫対策[180日間製品保証］	screen-tarp	1	4
rakuten	esports/9501310090063	スクリーンタープ ワンタッチテント タープテント 3m×3m 遮光 遮熱 断熱 日よけ 日陰 ブラックコーティング シルバーコーティング UVカットク ール 涼しい 簡単設営 90秒設営 運動会 ファミリー 広々空間 フルメッシュ フルクローズ 虫対策 [180日間製品保証］	screen-tarp	1	3
rakuten	esports/9560310190001	クイックキャンプ(QUICKCAMP) エアーマット QC-CM5 厚さ5cm グレー シングルサイズ	car-camp-mat	1	5
rakuten	esports/9721310090010	YOCABITO ウッドローチェア テーブル付(難燃加工)	low-style-chair	1	2
rakuten	esportveryfast/bs-1024	DOD ワンタッチテント T2-629-TN タン 2人用	one-touch-tent	1	4
rakuten	evoon/neotect300	Evoon 防水スプレー NEOTECT 300ml 合皮 スウェード テント キャンプ対応	tent-waterproof-spray	1	4
rakuten	f434281-takamori/147-1092	【ふるさと納税】【MW-TAKAMORI OUTDOOR BRAND-】2WAY 焚き火台 BBQグリル コンロ 調理 キャンプ用品 アウトドア ステンレス製 組み立て簡単 収納バッグ付き 送料無料	day-camp-grill	1	4
rakuten	farson/000000125014	薪 トートバッグ ログキャリー 大容量 薪運び	log-carrier	1	3
rakuten	farson/et003082	キャプテンスタッグ アルミロールテーブル コンパクト M-3713 ローテーブル	captain-stag-table	1	1
rakuten	field-seven/5056694911448	Snugpak(スナグパック) 寝袋 シュラフ ベースキャンプ スリープシステム	washable-sleeping-bag	1	4
rakuten	field-seven/eca539	EVERNEW(エバニュー) Ti マグポット 900 ECA539	titanium-cooker	1	5
rakuten	free-rise/fr-std36	大型テント　イベント テント　運動会 テント ワンタッチ フリーライズ　HEXAGON(ヘキサゴン)シリーズ（アルミフレーム）　3m×6m　カラー： 5色 防災用 自治会 熱中症対策 マルシェ 待機所　待合所 学園祭　寄贈品　Free-Rise	group-camp-tent	1	3
rakuten	frl-shop/freell0007	Freell フリール ペグハンマー	peg-hammer	1	4
rakuten	fromseed/camg-mini	Cam.G Mini 一酸化炭素チェッカー（日本製センサー・温湿度計付き）	co-checker	1	5
rakuten	fukubookstore/chu-led-l-01	マグネット 充電式 LEDランタン 吊り下げ マグネット対応 小型ライト 車中泊 キャンプ アウトドア コンパクトライト ソロキャンプ 登山 ランタンLED ランタン充電式 ライト 車中泊ライト くっつく 小さい 車 車内 コンパクト 可愛い 丸い かわいい	car-camp-lighting	1	5
rakuten	fukulife/190265	トライポッド ファイヤースタンド 耐荷重25kg（7段階高さ調節・収納袋付き）	bonfire-tripod	1	3
rakuten	functionjunctiontokyo/10008357	EVERNEW(エバニュー) Ti U.L. Solo set 750 ECA540 ソロクッカーセット	titanium-cooker	1	4
rakuten	furumiyashop/cdb00p60	モバイルバッテリー 大容量 23600mAh PD22.5W Type-C出入力 4本ケーブル内蔵 残量表示 LEDライト PSE認証済	mobile-battery-camp	1	1
rakuten	futon-outlet/10002239	スリーププラス 充電式ソフト湯たんぽ 暖ループ（カバー付き）	hot-water-bottle	1	5
rakuten	ga-living/1909593	【2脚セット】アウトドアチェア キャンプチェア ハイタイプ キャンプ椅子 軽量 キャンプ アウトドア バーベキュー キャンプ用品 レジャー 運動会 椅子 チェア 収納 折りたたみ コンパクト ファミリー 屋外 CC-HIGH	family-camp-chair	1	3
rakuten	galleria/mtr00117	ミステリーランチ カタリスト22 CATALYST 22 ブラック 21L 19761572	mysteryranch-backpack	1	1
rakuten	galleria/mtr00121	ミステリーランチ スクリー33 SCREE 33 ブラック 33L 19761596	mysteryranch-backpack	1	4
rakuten	gaobabushop/10010286	ガオバブ Gaobabu アルコールバーナー	alcohol-stove	1	2
rakuten	ghc-shop/shuidai	GHCアウトドア 寝袋 封筒型 オールシーズン 中綿2100g オリーブ	kids-sleeping-bag	1	3
rakuten	ginnofune/bel030-bk-g	DIETZ デイツ30 ブラック	oil-lantern	1	4
rakuten	gl-shopping/reclining-chair	サイドテーブル付 折りたたみ式リクライニングチェア	infinity-chair	1	2
rakuten	global-wd/10000025	EASY SMOKER イージースモーカー	camp-smoker	1	4
rakuten	glv/brs-00015-00	ベアボーンズ エジソン ライトスティック 充電式 LED LIV-145	barebones-light	1	1
rakuten	glv/gre-0007-000	グレゴリー デイパック DAY PACK 26L ブラック 12601 ユニセックス	attack-pack	1	4
rakuten	glv/gre-0049-000	GREGORY イージー ピージー デイ EASY PEASY DAY 18L	gregory-backpack	1	2
rakuten	glv/opy-96	OSPREY ストラトス 36 Stratos 36L バックパック	camp-backpack-capacity-guide;osprey-backpack	2	2;2
rakuten	gmy-japan/lyd-m26	◆200円OFFで最安2780円◆LED ランタン ライト 充電式 折りたたみ式 高輝度 5000mAh 明るい おしゃれ 防水 軽量 便利 懐中電灯 アウトドア ハンディライト USB 吊り下げ 防塵 ミニ 屋外 キャンプ 停電 釣り 登山 野外 長時間 防災用 かわいい コンパクト	day-camp-led-lantern	1	4
rakuten	gmy-japan/m057	ヘッドライト 充電式/電池式 5200ルーメン 高輝度 センサー点灯 USB 防水 防塵 軽量	headlight-rechargeable	1	3
rakuten	goglamping/fp4	GOGlamping グランドシート テント用四角シート 420D 軽量	ground-sheet	1	4
rakuten	goglamping/hengen	GOGlamping HENGEN+ スクエアタープTC 正方形タープ ポリコットン	tc-tarp-takibi	1	4
rakuten	goglamping/nmt1-341	GOGlamping G・G PUP 2.0 パップテント TC 1人用 軍幕 メッシュ/耐熱シート三角窓 焚き火可 薪ストーブ対応	pup-tent;winter-camp-tent	2	5;5
rakuten	goglamping/set1-361-ss	GOGlamping ツーリングドームテント ソロ1人用 SKY EYE 自立式TC カンガルーテント 210×90×112cm	inner-tent-kangaroo	1	3
rakuten	goodgoods-center/40lkurabox	40L ソフトクーラーボックス 底板付き 900Dクーラーバッグ 多層断熱 撥水 折りたたみ 軽量	camp-cooler-soft	1	4
rakuten	goodlifeshop/pm-3846-bct	キャプテンスタッグ ジュール ラウンジチェア ブラック キャンプチェア	captain-stag-chair	1	2
rakuten	goodlifeshop/pm-3889-bct	キャプテンスタッグ CS ラウンジチェア グリーン キャンプチェア	captain-stag-chair	1	3
rakuten	goodlifeshop/pm-7570	キャプテンスタッグ アルスター火消しつぼ M 木炭 バーベキュー 消火	fire-extinguish-pot	1	3
rakuten	goodlifeshop/pup-1040	＼レビューで1000円クーポン!／ 組合せて使える 木製 ヘキサセンターテーブル 96 （大テーブル 2個組） 収納バッグ付 CSクラシックス ヘキサゴンテーブル CAPTAIN STAG キャンプ アウトドア バーベキュー ローテーブル cs classics	group-camp-table	1	5
rakuten	gorilla55/2011-1012-2	Bears Rock 封筒型 寝袋 -6度 3.5シーズン 洗える ふわ暖 MX-604	rectangle-sleeping-bag;sleeping-bag-summer-cospa	2	1;2
rakuten	gorilla55/boa_long	【Bears Rock】くるむん ボアロング 頭まわりまで暖かい ボアフリースロングタイプ 毛布 寝袋 インナーシュラフ	sleeping-bag-liner	1	4
rakuten	gorilla55/camping_mat3	Bears Rock キャンプマット 3cm シングル 自動膨張式 軽量コンパクト	inflatable-mat	1	5
rakuten	gorilla55/camping_mat5	【Bears Rock】 寝心地のよさでロングセラー 自動膨張式 定番 キャンプマット 5cm シングル 枕付き　冬の底冷えに強い　インフレータブルマット　インフレーター　張りと弾力　車中泊　防災の備えに	camp-sleeping-mat;solo-camp-beginners-guide	2	2;3
rakuten	gorilla55/camping_mat8	Bears Rock 車中泊マット MT-108F 8cm ベーシックモカスエード×ブラック 自動膨張式	car-camp-mat	1	1
rakuten	gorilla55/fx-403	【Bears Rock】 -15度 封筒型 ふんわりと布団のような寝心地 ぽかぽか暖かい 洗える オールシーズン 丸洗い 防災にも使われています 寝袋 シュラフ 冬用 4シーズン 仮眠 防災用 -15℃ 自宅 家で 家の中 コンパクト キャンプ用品 車中泊 ツーリング 夏 冬	sleeping-bag-winter-beginner	1	4
rakuten	gorilla55/fx-405	Bears Rock -15度 マミー型 洗える寝袋 丸洗い センタージッパー 4シーズン対応 冬用	mummy-sleeping-bag	1	1
rakuten	gorilla55/fx-432g	【Bears Rock】 -30度 封筒型 ワイド 最強 ふんわり厚みのある布団のような寝心地 大きい サイズ 冬用 シュラフ ゆったり 綿量No1 洗える寝袋 丸洗い 寝袋 キャンプ 車中泊 室内 来客用 -30℃ 寝冷え 防災用 自宅 普段使い 足元 ふとん 厳冬期 光熱費 暖房費節約 寒さ対策	sleeping-bag-winter-beginner;winter-camp-guide	2	1;8
rakuten	gorilla55/fx-453g	【Bears Rock】 -34度 マミー型 最強 ふっくらと包み込まれる暖かさ 洗える寝袋 丸洗い 冬用 センタージップ 4シーズン 寝袋 シュラフ キャンプ 防災 暖房費節約 多機能シュラフ 普段使い 自宅 室内 受験生 寒さ対策 家で寝る時用 -34℃ 車 車中泊 冬 センタージッパー	sleeping-bag-winter-beginner	1	3
rakuten	gorilla55/in-sf	【Bears Rock】くるむん ふんわりとした 寝袋 インナーシュラフ 暖かい フリース 毛布 ブランケット ひざ掛け	sleeping-bag-liner	1	1
rakuten	gorilla55/mx-604j	【Bears Rock】-6度 子ども用　小さめ　子ぐま寝袋　封筒型 ふんわり暖かい 3.5シーズン 洗える 寝袋 ふわ暖 キャンプ 防災 アウトドア 洗える寝袋 緊急用 夏用 防災用 軽量 -6℃ コンパクト 冬用 布団 防災グッズ 車中泊 ボーイスカウト 林間学校 野外活動 シュラフ MX-604J	kids-sleeping-bag	1	1
rakuten	gorilla55/squaretarp	しろくまスクエアタープ 【Bears Rock】ポール2本付き アレンジ広がる しろくま 自在 タープ 正方形 3×3m テント おすすめ 一泊 コンパクト キャンプ ハンモック ツーリング ソロキャンプ ハヤブサテント ヘキサ 庭 ガーデン 小型 おうち 家 SQT-401	camp-tarp-beginner;day-camp-tarp-cheap	2	3;5
rakuten	gorilla55/tent-hayabusa	Bears Rock ハヤブサテント TS-201H 1〜2人用 ツーリング向けドームテント	one-touch-tent;solo-tent-beginner;solo-tent-lightweight;solo-tent-overall	4	5;2;3;5
rakuten	grandoor/es-wbqd-o7ur	GRANDOOR アウトドア枕 ウレタン 通気性 軽量 収納袋付き 登山	camp-pillow	1	4
rakuten	greenzone/101032191030	ランドポート キャリー・ザ・サン SMALL ウォームホワイト	solar-lantern	1	3
rakuten	gregory-japan/09j-024	GREGORY デイパック DAY PACK クラシック	gregory-backpack	1	1
rakuten	gregory-japan/09j-230	GREGORY キャンパスデイ M CAMPUS DAY M 22L クラシック	gregory-backpack	1	3
rakuten	gregory-japan/40j-015	GREGORY ルーヌ22 RHUNE 22L PC/タブレット収納スリーブ	gregory-backpack	1	4
rakuten	groovy-gbt/26972	SALE 【 累計20000個販売 】車中泊 マット インフレーターマット インフレータブルマット テント マット 車中泊マット コット 56×177cm アウトドア 登山 連結可能 スエード 自動膨張 キャンプ マット マットレス エアーマット エアマット 1枚 樅　1年保証	mountain-camp-mat	1	1
rakuten	groovy-gbt/x25368	Groovy 自立式ハンモック 3way 折りたたみ ハンモックチェア スタンド	camp-hammock	1	2
rakuten	gyokuhou/lrw6043	焚き火台 ソロ おしゃれ 焚火台 キャンプ コンパクト ソロストーブ 折りたたみ式 ソロキャンプ キャンプファイヤー 軽量 BBQ ミニ焚き火台 ソロキャンプ ソロ 用 焚き火台 ステンレス鋼 焚き火台 バーベキューコンロ スタンド ファミリーキャンプ キャンプギア	family-camp-bbq	1	5
rakuten	hagoogi/lxe-01	Hagoogi 充電式湯たんぽ LXE-01（蓄熱式・4〜12H保温）	hot-water-bottle	1	2
rakuten	hagoogi/ot-f13	hagoogi キャンプ 扇風機 アウトドア 首振り DCモーター 収納ケース付き 充電式 軽量 静音 10000mAh 27時間 4段階風量調節 LEDライト タイマー 卓上 吊り下げ コードレス	camp-fan-summer	1	
rakuten	hallelujah-japan/blow-7144	【楽天10冠！1位常連！】【安心保証付き】Goal Zero ゴールゼロ ライトハウス マイクロ フラッシュ LEDランタン USB充電式 LEDライト ミニランタン ミニライト USBコネクタ Goal Zero Lighthouse micro Flash 送料無料	mountain-camp-lantern	1	1
rakuten	hanatomori/20250507190224_161	TRIWONDER タープ グランドシート 防水軽量 マルチシート	ground-sheet	1	2
rakuten	happudo/867022	マルカ 湯たんぽ Aエース 3.5L A-35（大容量・直火/IH対応）	hot-water-bottle	1	3
rakuten	happudo/867025	マルカ 湯たんぽ Aエース 2.5L AF-25（直火・IH対応・袋付き）	hot-water-bottle;winter-camp-guide	2	1;9
rakuten	happy11/a18347	キャンプ お買い得 4点セット （ファミリーテント+タープ+シート+ポール） 4人〜6人用 大型 キャンプテント ドームテント キャノピーテント フルクローズテント テント 組み立て簡単 入門 初心者 エントリー アウトドア キャンプ FIELDOOR ●[送料無料]	day-camp-starter-set	1	2
rakuten	harison-okiyama/hsb01	充電式 電熱ブランケット コードレス ヒーター内蔵 大判 リチウムイオンバッテリー付き	electric-blanket-camp	1	4
rakuten	harukaclub/523504	morso 薪ストーブ グローブ 右手用 左手用 革 手袋 片手 焚き火 焚火 薪 耐熱 アクセサリー 黒 暖炉 バーベキュー BBQ キャンプ アウトドア やけど 火傷 安全 モルソー	fireproof-gloves	1	4
rakuten	heimat-berg/10005816	笑's コンパクト焚き火グリル 「B-GO」 3点セット （B-GO本体+専用グリルプレート+専用ハードロストル） バーベキューグリル コンパクト焚き火グリル 焚き火 BBQ キャンプ ソロキャンプ 料理 焚き火料理 ステンレス 持ち運び簡単 組立簡単 バーベキュー アウトドア 登山	camp-grill-plate	1	5
rakuten	heimat-berg/shs239026	笑's A-4君専用グリルプレート アウトドア キャンプ 焚き火	camp-grill-plate	1	3
rakuten	hermanherman/200000041	Naturehike ハンギングラック M・Lサイズ ランタンスタンド 物干しフック付 アルミ合金 折りたたみ	hanging-rack	1	4
rakuten	hermanherman/200000696	ThousWinds Twilight オイルランタン	oil-lantern	1	3
rakuten	hermanherman/t542	SWAG GEAR クーラーボックススタンド 折りたたみ(耐荷重100kg)	cooler-stand	1	4
rakuten	heystop/f2400-sp200-2	ポータブル電源 2048Wh 2400W リン酸鉄 ソーラーパネル200W 3点セット UPS	portable-power-large;solar-portable-power	2	5;4
rakuten	hibari-sekinami/001-301	HIBARI フィールドラック 2個セット 収納ケース付き	field-rack	1	1
rakuten	hikinglife/hl-c-006	Hiking Life チタンマグカップ 300ml	titanium-mug	1	3
rakuten	hikinglife/hl-c-009	HikingLife カーボン折りたたみトレッキングポール 2本セット レギュラーサイズ	trekking-pole	1	2
rakuten	himaraya/0000000080728	【条件達成で最大10万ポイント獲得のチャンス！4/20〜4/30】コールマン シングルバーナー アウトランダーマイクロストーブ PZ 203535 coleman	camp-burner-beginner	1	5
rakuten	himaraya/0000000263579	ユニフレーム ファイアグリル収納ケース 683187	uniflame-fire-grill	1	5
rakuten	himaraya/0000000321642	スノーピーク 和鉄ダッチオーブン26 CS-520	dutch-oven	1	2
rakuten	himaraya/0000000325015	LOGOS（ロゴス） 強力防水スプレー 420ml 84960001 テント タープ 撥水剤	tent-waterproof-spray	1	2
rakuten	himaraya/0000000374663	VISIONPEAKS キャンバスリラックスチェア 焚き火チェア ハイバック TC生地 収納袋付き VP1645002	camp-chair-highback;fireproof-chair	2	4;1
rakuten	himaraya/0000000481997	スノーピーク 焚火台 M ST-033R	snowpeak-bonfire	1	1
rakuten	himaraya/0000000503049	ユニフレーム チャコスタ II 665435	charcoal-starter	1	2
rakuten	himaraya/0000000669346	Coleman(コールマン) 焚き火台 ファイアーディスク	low-style-bonfire	1	1
rakuten	himaraya/0000000692510	スノーピーク ギガパワーランタン 天 オート GL-100AR	snowpeak-lantern	1	3
rakuten	himaraya/0000000696028	コールマン オールインワンキッチンテーブル 2000031294	outdoor-kitchen-table	1	1
rakuten	himaraya/0000000697422	ユニフレーム フィールドラック ブラック 611616	cooler-stand;field-rack	2	3;3
rakuten	himaraya/0000000761618	ロゴス the ピラミッドTAKIBI L 焚き火台 81064162	logos-bonfire	1	1
rakuten	himaraya/0000000846758	コールマン 封筒型シュラフ パフォーマーIII/C5 オレンジ 2000034774 Coleman	coleman-sleeping-bag;solo-camp-beginners-guide	2	2;2
rakuten	himaraya/0000000846787	コールマン アウトドアワゴン 2000034673	outdoor-wagon	1	1
rakuten	himaraya/0000000900057	ユニフレーム セパレートバーナー US-S 610077	uniflame-burner	1	3
rakuten	himaraya/0000000915352	ユニフレーム テーブルトップバーナー US-D2 610107	uniflame-burner	1	2
rakuten	himaraya/0000000915355	ユニフレーム ファイアグリルsolo 683095	uniflame-fire-grill	1	2
rakuten	himaraya/0000000957689	スノーピーク 焚火台Lスターターセット SET-112S	snowpeak-bonfire	1	5
rakuten	himaraya/0000000972440	コールマン ハンギング Eライト 充電式 LEDランタン 2000037352	coleman-lantern	1	2
rakuten	himaraya/0000000972455	コールマン ツーリングドーム/ST オリーブ 2000038141 1〜2人用	solo-camp-beginners-guide	1	1
rakuten	himaraya/0000000988998	ドイター フューチュラ Pro 36 D3401121-7403	deuter-backpack	1	4
rakuten	himaraya/0000001028971	コールマン リチャージャブルランタン 充電式 LED 2000038857	coleman-lantern	1	4
rakuten	himaraya/0000322553set	コールマン ツーバーナーセット パワーハウス LP ツーバーナーストーブ 2 + 純正LPガス燃料[Tタイプ]470g×2個 2000006707 + 5103A470TJAN Coleman	coleman-two-burner	1	2
rakuten	himaraya/0000563892set	コールマン ツーバーナーセット LPツーバーナーストーブレッド 純正LPガス燃料[Tタイプ]470g×2個 2000021950+5103A470T Coleman	coleman-two-burner	1	4
rakuten	himaraya/0000839724set	ビジョンピークス アカシアキッチンラック＋オプションテーブル	outdoor-kitchen-table	1	3
rakuten	himaraya/0003101001094	スノーピーク ペグハンマー PRO.S N-002	peg-hammer	1	2
rakuten	himaraya/0003102000995	ユニフレーム 焚き火テーブル 682104	takibi-table	1	1
rakuten	himaraya/000322553set1	コールマン ツーバーナーセット ツーバーナーストーブ 2+キッチンテーブル+純正LPガス燃料×2点 2000006707+2000031294+5103A470T Coleman	coleman-two-burner	1	1
rakuten	himaraya/000669346set2	コールマン 焚き火台 2点セット ファイアーディスク+ファイアープレイスシート 2000031235+2000037303	coleman-bonfire	1	3
rakuten	himaraya/000669346set5	コールマン 焚き火台 セット ファイアーディスク+マルチファイアプレイステーブル 2000031235+VP160401J01	coleman-bonfire	1	4
rakuten	himaraya/000822729set1	コールマン アウトドアチェア2点セット サイドテーブル付デッキチェア オリーブ 2000033809	coleman-chair	1	4
rakuten	himaraya/000846756set1	コールマン 封筒型シュラフ コージーII/C5 オレンジ セット 2000034772 Coleman	coleman-sleeping-bag	1	4
rakuten	hitsumi/0001	焚き火シート スパッタシート ガラス繊維 ハトメ付き 不燃 L/M/Sサイズ	bonfire-sheet	1	4
rakuten	hobbyman/kc-maker	趣味職人 日本製 車カーテン 汎用（間仕切り・日除け）	car-shade	1	3
rakuten	hobbyman/mc-maker	趣味職人 マグネットカーテン メッシュタイプ 大判90cm（日本縫製）	car-shade	1	5
rakuten	hobbyone/4580655833995	ファイアスタンド 超軽量 ステンレス製 組立式 折りたたみ式 焚火台 焚き火スタンド 小型 ソロキャンプ	bonfire-stand-solo	1	4
rakuten	homeshop/s0800-pea-0186	キャプテンスタッグ CSオイルランタン UK-506（オイル＆ケース付き）	oil-lantern	1	5
rakuten	homeshop/s5305-www-300	イワタニ カセットガスストーブ デカ暖3 CB-STV-DKD3	cassette-gas-heater;winter-camp-guide	2	1;4
rakuten	homfine/hfjtd01-2p	【在庫処分77%OFF】テント 2人用 1人用テント 前室後室あり 4000mm耐水圧 広い空間 コンパクト ソロテント キャンプテント ツーリングテント オールシーズン 簡単設営 軽量 UVカット 通気防風 アウトドア/登山/山岳/釣り/ピクニック/防災用 送料無料	solo-tent-overall	1	4
rakuten	honda-walk/ph-hmr	[決算セール◆大特価] プラウ 薪割り用 ハンマー斧 PH-HMR(390mm　910mm　915mm) テント ペグ打ち 楔 クサビ キャンプ アウトドア 焚き火 薪ストーブ 薪づくり アックス カバー付き	hand-axe	1	3
rakuten	honma-ss/12538s	ホンマ製作所 ステンレススモーカー F-240S	camp-smoker	1	1
rakuten	horiuchimirror/nordkamm30l	【ドイツで年間7000個販売】NORDKAMM 登山バックパック 30L レインカバー ヘルメットホルダー付き 防水 耐水圧2000mm 軽量 大容量 防災 災害用 旅行 アウトドア キャンプ ザック リュック バッグ	mountain-backpack-30l	1	1
rakuten	hrco-r/m-6400	キャプテンスタッグ CAPTAIN STAG オーリック 小型 ガスバーナーコンロ・クッカーセット M-6400 ガスバーナー コンロ クッカー セット キャプテンスタッグクッカー キャプテンスタッグコンロ キャンプクッカーセット キャンプ クッカーセット ソロ キャンプ用品バーベキュー	camp-burner-beginner	1	3
rakuten	hrco-r/ug3048	キャプテンスタッグ ダッチオーブンセット 25cm UG-3048 収納バッグ付き	dutch-oven	1	3
rakuten	hrktonya/yj-t105	【楽天1位・コスパ最強】 ヘッドライト 6200ルーメン 最新型 高輝度 充電式 LED ヘッドランプ 軽量 防水 防塵 停電対策 登山 釣り キャンプ アウトドア用 ランニング 夜間 明るい コンパクト 長時間点灯 地震 地震対策 防災 災害対策 LEDヘッド	camp-headlight-beginner	1	4
rakuten	i-collect/0003180	【公式】イワタニ Iwatani カセットガス バーナー ジュニアコンパクトバーナー CB-JCB アウトドア キャンプ ジュニアバーナー【送料無料】【bousai_d19】	camp-burner-beginner;iwatani-stove	2	1;1
rakuten	i-collect/2000008145	イワタニ カセットフー こんろ＆ストーブ イザまる CB-IZ-1	cassette-gas-heater	1	4
rakuten	ichifujiec/nk044	ICHIFUJI ハンギングラック ランタンスタンド 物干しフック付 アルミ合金 折りたたみ 専用収納袋付き	hanging-rack	1	2
rakuten	ichifujiec/nk047	ランタンスタンド ランタンハンガー付き マルチツールスタンド テーブル ペグ キャンプ アウトドア	lantern-stand	1	4
rakuten	irc2006/od009	【10％OFFクーポン配布中!!27日9:59まで】 焚火台 折りたたみ式 バーベキュー グリル コンロ 折りたたみ コンパクト バーベキュー BBQ ファイアグリル ステンレス 焚火スタンド 焚き火 たきび キャンプ アウトドア 焼肉 冬 お買い得	camp-bbq-grill	1	2
rakuten	ishi0424/k-innershruff01	寝袋 インナーシュラフ 軽量 夏 薄手 インナーシーツ 封筒型 丸洗い可能 コンパクト 収納 シーツ 洗える 防災 緊急時 ボックスシーツ 防災 トラベルシーツ 緊急時 防災グッズ キャンプ用品 車中泊 山小屋泊 収納袋付き 送料無料	kids-sleeping-bag;sleeping-bag-liner;sleeping-bag-summer-cospa	3	5;2;3
rakuten	issyzone-japan/crpro-e0401-02002	BougeRV ポータブル冷蔵庫 CR Pro 20 20L ブラック	portable-fridge	1	2
rakuten	iwiss/b071vh9bl7	キャンピングムーン 折りたたみ火起し器 FD	charcoal-starter	1	3
rakuten	iwiss/bs-20103-18106	[公式] フィールドラック キャンピングムーン キャンプ アウトドア テーブル ラック 天板 折りたたみ 式 コンパクト 軽量 薄型 メッシュ ブラック 4個 2段 2枚 3個 ケース トートセット ファミリー おしゃれ キャンプテーブル セット	camp-table-folding	1	5
rakuten	iwiss/bs-20113	キャンピングムーン 耐熱 焚き火テーブル	takibi-table	1	3
rakuten	iwiss/bs-bks-369-362-2p-mg	キャンピングムーン 深型シェラカップ＋せいろ セット ステンレス 蒸し器 木製蓋付き	sierra-cup	1	3
rakuten	iwiss/bs-cc-115	キャンピングムーン 手挽きコーヒーミル（ステンレス刃）	outdoor-coffee-mill	1	3
rakuten	iwiss/bs-cof-01	キャンピングムーン コーヒードリッパー ステンレス（折りたたみ・分解式）	camp-coffee-dripper	1	3
rakuten	iwiss/bs-f-1002c	CAMPING MOON リラックスローチェア F-1002C コヨーテ 帆布	fireproof-chair	1	5
rakuten	iwiss/bs-f-1003c	キャンピングムーン 焚き火チェア ローチェア(帆布生地) F-1003C	low-style-chair	1	5
rakuten	iwiss/bs-h-2013	キャンピングムーン メスティン ラージ 3合 アルミ 直火 ふた・ハンドルカバー付 飯盒	mestin-recommend	1	1
rakuten	iwiss/bs-ms-105	キャンピングムーン トライポッド L MS-105（最大耐重量15kg・4段折り・収納ケース付）	bonfire-tripod	1	2
rakuten	iwiss/bs-ms-43	CAMPINGMOON キャンピングムーン 火吹き棒 分割式 ロング ふいご 収納ケース付き	fire-blower	1	5
rakuten	iwiss/bs-mt-17	キャンピングムーン チャコールスターター MT-17	charcoal-starter	1	5
rakuten	iwiss/bs-s-gh-c	キャンピングムーン シリコンリッド シェラカップ用 蓋 注ぎ口付き	sierra-cup	1	1
rakuten	iwiss/bs-s1000	キャンピングムーン キャンプケトル 直火 やかん 1L/1.5L/2.0L アルミ 軽量 コンパクト	camp-kettle-recommend	1	1
rakuten	iwiss/bs-s1500	キャンピングムーン キャンプケトル 直火 やかん 1.5L アルミ フラット型 防錆	camp-kettle-recommend	1	3
rakuten	iwiss/bs-sw-1	キャンピングムーン ケトル ステンレス 直火・焚き火 1.0L 吊り下げ コーヒーケトル	camp-kettle-recommend	1	5
rakuten	iwiss/bs-t-1s	キャンピングムーン CAMPINGMOON ガスランタン ガスキャンドル ランタン ガスランプ キャンプ	gas-lantern	1	5
rakuten	iwiss/bs-t-233-3tp	キャンピングムーン フィールドラック 3段 ケースセット	field-rack	1	4
rakuten	iwiss/bs-tt-1315b	キャンピングムーン ホットサンドメーカー 直火式 シングル ケース付き コンパクト	hot-sandwich-maker	1	4
rakuten	jackery-japan/21-0001-000167	Jackery Explorer 100 Plus 99.2Wh	compact-portable-power	1	5
rakuten	jackery-japan/21-0001-000268	Jackery ポータブル電源 2000 New 2042Wh リン酸鉄 大容量 定格2200W UPS機能 アプリ遠隔操作 純正弦波	jackery-power-station;portable-power-large	2	3;1
rakuten	jackery-japan/21-0009-000094	Jackery Solar Generator 500 New 512Wh ソーラーパネル セット 100W リン酸鉄 コンパクト 軽量 UPS機能 純正弦波	jackery-power-station	1	5
rakuten	jackery-japan/60-2020-jpd1d1	Jackery Solar Generator 2000 New 2042Wh 200W ポータブル電源 ソーラーパネル セット 大容量 定格2200W UPS機能 アプリ 太陽光発電	jackery-power-station;solar-portable-power	2	4;1
rakuten	jackery-japan/n-p-10001000-bkor-jk2	Jackery ポータブル電源 1000 New 1070Wh リン酸鉄 定格1500W 最速1時間満充電 UPS機能	disaster-portable-power;jackery-power-station;portable-power-guide	3	1;1;2
rakuten	jackery-japan/n-p-240200-bkor-jk2	Jackery ポータブル電源 240 New 256Wh	camp-gift;compact-portable-power;disaster-portable-power	3	7;1;5
rakuten	jackery-japan/n-p-400200-bkor-jk2	Jackery ポータブル電源 500 New 512Wh リン酸鉄 長寿命 定格500W コンパクト 軽量 急速充電 家庭用 アウトドア用 防災 車中泊 UPS機能 純正弦波 ジャクリ	portable-power-guide;portable-power-vehicle-camp	2	1;2
rakuten	jackery-japan/n-p1000-s100-jk2	Jackery Solar Generator 1000 New 1070Wh 100W ポータブル電源 ソーラーパネル セット リン酸鉄 定格1500W 純正弦波	jackery-power-station;solar-portable-power	2	2;2
rakuten	jackery-japan/n-s-100-jkss1	Jackery SolarSaga 100 ソーラーパネル 100W 折りたたみ式 単結晶 IP65防水	solar-panel-folding	1	1
rakuten	japaemo/17-fan8	i.Carry コードレス扇風機 直径30cm DCモーター 強力 首振り 充電式 リモコン 折りたたみファン タイマー 風量8段階 コンパクト収納 10800mAhバッテリー内蔵 アウトドア キャンプ	camp-fan-summer	1	
rakuten	japan-hiyori/hiyori-n7	モバイルバッテリー 大容量 40000mAh 22.5W急速充電 3台同時充電 LCD残量表示 PSE認証	mobile-battery-camp	1	2
rakuten	jc-trading0109/jc-20250905001	I-SAI クーラーボックススタンド 折りたたみ(耐荷重100kg)	cooler-stand	1	5
rakuten	jinstore12/ts-2ds	「TENPLAY公式」即納 2人登山テント 軽量テント キャンプテント ワンポールテント 登山テント コンパクト 超軽量1.35kg 耐水圧5000mm 3シーズン 防風 防雨 通気 結露対策 ピラミッド式 トレッキングポール通用	lightweight-mountain-tent	1	5
rakuten	jinstore12/ts-ds	「Tenplay公式」登山テント キャンプテント ソロテント ワンポールテント トレッキングポール 山岳 1人用 20Dナイロン超軽量1kg コンパクト 4シーズン 防水 通気 耐水圧5000mm 前室付き ピラミッド式 設営簡単	mountain-camp-tent	1	1
rakuten	jism/4560464233759-36-37025-n	キャプテンスタッグ ラフォーレ アルミツーウェイサイドテーブル アジャスター付 60×45cm UC-513	captain-stag-table	1	5
rakuten	jism/4950654046281-21-22110-n	ジェントス LEDランタン EX-334D 440ルーメン Explorer	gentos-light	1	3
rakuten	jism/4953980301444-24-65832-n	不二貿易 アカシア 木製食器 サラダボウル 幅20×奥行20×高さ7.5cm	wooden-tableware	1	2
rakuten	jism/4953980944955-25-8046-n	不二貿易 アカシア 木製食器 7点セット ラウンドタイプ	wooden-tableware	1	5
rakuten	jism/4955985196612-36-37031-n	BUNDOK 焚き火チェア BD-111 カーキ 綿100％ 座面高11cm	fireproof-chair;low-style-chair	2	4;4
rakuten	js-sister/byll-4573	焚き火台 焚火台 折りたたみ式 折り畳み BaTaRaN焚き火台 軽量 A4サイズ コンパクト キャンプ 焚火 ソロ ファミリー 初心者 ステンレス製 五徳付き 収納ケース付き (J05)	bonfire-stand-beginner	1	5
rakuten	jstudio/10000105	ステンレス カトラリーセット（楽天1位）	camp-cutlery	1	2
rakuten	jupino3965/10000027	Pin-Eagle 風防板 リフレクター（60×120cm・折りたたみ）	camp-windscreen	1	1
rakuten	jupino3965/10000151	キャンプグリーブ 反射材入りガイロープ 4mm×50m巻（自在金具12個付・耐荷重350kg）	guy-rope-recommend	1	4
rakuten	k-home/574716	【CAMPHACKで紹介されました！】＼初心者必見／焚き火テーブル 囲炉裏 焚き火 テーブル アイリスオーヤマ 送料無料 たき火 キャンプ アウトドア レジャー コンパクト 収納 キャンプ テーブル たき火台 キャンプ 焚き火 TKB-TB98	bonfire-stand-beginner	1	3
rakuten	k-home/574717	＼初心者必見／ たき火台 キャンプ コンパクト アイリスオーヤマ たき火 バーベキューコンロ 折りたたみ式 レジャー 焚き火 グリル 軽量 ステンレス 調理 焼き 網 ミニ焚き火台 キャンプ アウトドア 1人用 2人用 BBQ TKB-ST43	bonfire-stand-beginner	1	1
rakuten	k-home/574718	＼初心者必見／焚き火三脚 焚き火 三脚 たき火スタンド アイリスオーヤマ 送料無料 トライポッド 焚火 たき火 キャンプ アウトドア レジャー バーベキュー BBQ コンパクト 収納 組立 簡単 アウトドア TKB-TP135	bonfire-stand-beginner	1	2
rakuten	k-power/sc-200b	【圧倒的な高評価レビュー1400件超】【 最軽量32g 】 ヘッドライト　LED 防水 登山 釣り キャンプ 登山用 アウトドア用 防災 災害対策 LEDヘッドライト ヘッドランプ LEDヘッドランプ LEDライト 乾電池式 SC-200B	camp-headlight-beginner	1	1
rakuten	k-power/sc-300r	ヘッドライト 充電式 LED 防水 登山 釣り キャンプ 登山用 アウトドア用 防災 災害対策 LEDヘッドライト ヘッドランプ LEDヘッドランプ LEDライト SC-300R SC-400R	camp-headlight-beginner;headlight-rechargeable	2	3;4
rakuten	k-power/sq04_d	【圧倒的な高評価レビュー1500件超】ヘッドライト 充電式ヘッドライト センサー点灯 ヘッドランプ LED 釣り 登山 アウトドア用 作業灯 軽量 長時間 SR-01L	camp-headlight-beginner;headlight-rechargeable	2	2;1
rakuten	kadenrand/560595	アイリスオーヤマ ホットプレート 焼肉プレート2枚・たこ焼きプレート3枚・網焼き風プレート付き PIHA-A20B/PIHA-A30B/APA-139-B	camp-electric-grill	1	2
rakuten	kagulabo/lxt02-1	ワンタッチテント フルクローズ 4人用 3人用 テント ワンタッチ ファミリー 公園 ドームテント おしゃれ ビーチテント 折りたたみ 簡易テント 簡単 軽量 uvカット キャンプ アウトドア レジャー バーベキュー ベランピング	stylish-camp-tent	1	5
rakuten	kaientai-2/599674401	【日本限定モデル】ハスクバーナ 手斧 ハチェットヤンキー 700g 正規品 純正 599674401 日本限定モデル【Husqvarna 斧 薪割り キャンプ薪割り ハンドアックス アウトドア 木こりオノ 作業斧 手工具 切断 ハスク】【おしゃれ おすすめ】[CB99]	hand-axe	1	5
rakuten	kaientai/dps1800	KYOCERA(京セラ) ポータブル電源 1601.5Wh 純正弦波インバーター搭載 DPS1800	portable-power-vehicle-camp	1	4
rakuten	kailas/10000012	カイラステント ZENITH 2〜3人用テント 吊下げ式 キャンプテント 登山テント 業務 軽量 ダブルエントランス コンパクト 高耐久性 2kg アウターのみで使用可能 リペアキット 送料無料	mountain-camp-tent	1	5
rakuten	kaitekicreate/004	Chill Camping ソフトコンテナ ツールボックス Lサイズ	gear-storage-box	1	2
rakuten	kaitekicreate/011	ChillCamping ロック機能付き フィールドラック（単品）	field-rack	1	2
rakuten	kaitekicreate/027	ChillCamping 焚き火シート Lサイズ スパッタシート 耐熱 耐火 ブラック	bonfire-sheet	1	3
rakuten	kaitekicreate/072	Chill Camping リバーシブルブランケット 難燃エコダウン Sサイズ ブラック	camp-blanket	1	2
rakuten	kanamono-no1/rain300	レインウェア カッパ レインコート 上下セット MAKKUマック レイントラックジャケット＆パンツ AS-900 AS-950 レディースサイズ有り おしゃれ 雨ガッパ 通学 通勤 自転車 バイク 釣り レインスーツ 雨がっぱ 合羽 アウトドア キャンプ 散歩	camp-rainwear	1	5
rakuten	kashima-tokeiten/ac50	【クーポン利用で15%OFF！24日0時～】＜高評価★4.66 レビュー2,000件以上＞ ポータブル電源 500Wh 車中泊 大容量 ポータブルバッテリー 防災 蓄電池 発電機 防災グッズ 停電 家庭用蓄電池 小型 100V 家庭用 非常用電源 非常用 バッテリー ポータブル 電源 急速充電	camp-portable-power-beginner	1	1
rakuten	kashima-tokeiten/aq25l	PowerArQ ICEBERG ポータブル冷蔵庫 29L/12L コンプレッサー式 -22℃ 2室	portable-fridge	1	4
rakuten	kashima-tokeiten/stsl120d	PowerArQ Solar 120W ソーラーパネル 折りたたみ 防水IP65 防塵 耐熱 ETFE	solar-panel-folding	1	2
rakuten	kazamidori/4950654039436	ジェントス フィラメントLEDランタン EX-400F 400ルーメン 暖色 ダイヤル式調光 乾電池式 防滴	gentos-light	1	5
rakuten	kazamidori/4950654048322	ジェントス フィラメントLEDランタン EX-700F 700ルーメン 無段階調光 乾電池式 防滴	gentos-light	1	4
rakuten	keynice/xln-383	Greeshow 防災ラジオ XLN-383（手回し＋ソーラー＋USB・生活防水）	disaster-radio	1	4
rakuten	ki-wa-mi/10000268	TRGR 焚き火台 コンロ バーベキューコンロ セット ソロ 1〜2人用 軽量 焚き火 焚火台 エントリーモデル 初心者 初めて キャンプグリーブ BBQコンロ グリル 折りたたみ コンパクト たき火台 万博	bonfire-stand-beginner	1	4
rakuten	kingcamp/200078	キャンプ まな板セット 5点 COOK'N'ESCAPE 収納ケース＆カトラリー袋 ウォールナット チタンまな板 フォールディングナイフ コンパクト 折りたたみ アウトドア ソロキャンプ 包丁 ナイフ キャンプ用 調理器具 料理器具	camp-knife-beginner	1	3
rakuten	kingstar/au-hcqc-k98	【全国送料無料】車用ベッド エアーベッド SUV車用ベッド マット 車中泊ベッド アウトドア 電動エアーポンプ付き 車載 キャンプ用 後部座席用 エアーマット ベッドキット キャンプ用品 マットレス エアーピロー2個付き 快適空間 仮眠 ピクニック 旅行 段差解消 進化版	car-camp-bed-kit	1	2
rakuten	kirinkokusai/d02	電気毛布 ひざ掛け 30000mAhバッテリー付き 掛け着る両用 ヒーター7枚内蔵 3段階調温 USB/DC 丸洗い可	electric-blanket-camp;winter-camp-guide	2	1;6
rakuten	kittomotto/seibertron-3p-daypack	サイバトロン バックパック3Pタクティカル バックパック サイドポーチx2個 防水 軽量 ヒロシさん使用モデル ブッシュクラフト アウトドア キャンプ アサルト ミリタリー U.Sタイプ リュック デイパック	camp-backpack-beginner	1	1
rakuten	kkdirect/pa-265132	キャプテンスタッグ ダッチオーブン 鉄鋳物 22cm UG-3061	dutch-oven	1	4
rakuten	kohnan-eshop/4560464257168	キャプテンスタッグ CSブラックラベル 背付きベンチ UC-1660	captain-stag-chair	1	5
rakuten	kom-kom/r0620210400-ggobb	Kom&Kom キャンプ枕 エアピロー コットンカバー付き 超軽量 収納袋付き 車中泊	camp-pillow	1	1
rakuten	kom-kom/r1309191500a	【ランキング1位入賞】耐火グローブ BBQ バーベキュー 耐熱グローブ 耐熱手袋 キャンプ 手袋 キャンプグローブ 革手袋 作業用手袋 防寒手袋 キャンプ キャンプ用品 アウトドア 23~24cm 作業用 焚火 焚き火 送料無料	fireproof-gloves	1	1
rakuten	kompas/10013526	スノーピーク 焚火台 L ST-032RS	snowpeak-bonfire	1	3
rakuten	kompas/10013544	スノーピーク(snow peak) 焚火台 S	low-style-bonfire	1	5
rakuten	kompas/10028815	スノーピーク ローチェア30 LV-091 ブラウン	low-style-chair	1	3
rakuten	kurashikaiteki-shop/10000565	カミナガ防水スプレー 420ml×2本セット 送料無料 テント スキー スノボ 皮革製品	tent-waterproof-spray	1	5
rakuten	kurazo/coffeefilter01	折りたためる薄型ステンレス コーヒーフィルター	camp-coffee-dripper	1	4
rakuten	kuriaafew/as-bag818	登山リュック 65L 大容量 防水 軽量 多機能 トレッキング キャンプ用リュック 防災バッグ	backpack-large	1	4
rakuten	la-ma/a100009	LAMA Store リュックカバー 2枚セット 耐水圧3500mm	backpack-rain-cover	1	1
rakuten	lamd/10067361	グリーンライフ 火おこし兼用火消しつぼ HOT-150 2WAY 火起こし器	fire-extinguish-pot	1	4
rakuten	larutan/n005	《雑誌掲載◆2万個突破》★楽天1位3冠★TRAN 耐熱グローブ キャンプ グローブ 手袋 キャンプ手袋 耐熱手袋 作業用手袋 camp outdoor 本革 レザー 防火手袋 作業用 防寒 バーベキュー アウトドア 耐火 焚火 焚き火 BBQ バーベキュー 無骨 カラビナ ギフト プレゼント gift	fireproof-gloves	1	3
rakuten	laugh-market/la-tef-mes	ラフマーケット 純正テフロン加工 ラージメスティン 3合 軽量コンパクト	mestin-recommend	1	2
rakuten	lazo/lantern-stand	FUTURE FOX ランタンスタンド ランタンハンガー ランタンポール 南信州発アウトドアブランド	lantern-stand	1	3
rakuten	lazo/navajo-bonfire-sheet	FUTURE FOX 焚き火台シート ナバホ柄 ガラス繊維 連続使用耐熱温度250℃	bonfire-sheet	1	5
rakuten	lazo/t-pole	FUTURE FOX 伸縮ポール タープポール テントポール アルミ製 2本セット プッシュボタン式 目盛付き 収納袋付き	tarp-pole	1	5
rakuten	lbreath/106016725011	スノーピーク(snow peak) ファル Pro.air 3	air-frame-tent	1	4
rakuten	lbreath/106901011011	コールマン（Coleman） シュラフ 寝袋 封筒型 コージー II C5 オレンジ 2000034772 快適温度5℃以上	coleman-sleeping-bag	1	3
rakuten	lbreath/107688211011	コールマン BCクロスドーム/270 ファミリーテント ドームテント 4人用 5人用 2000038429	coleman-tent;tent-size-beginner-guide	2	1;3
rakuten	lbreath/107688221011	コールマン ラギッド パッカウェイランタン 電池式 LED 2000036871	coleman-lantern	1	5
rakuten	lbreath/107947363011	コールマン インフィニティチェア オリーブ 2000038848	coleman-chair	1	5
rakuten	leangel-online/cj5-1000	cesa beams カトラリー＆食器セット	camp-cutlery	1	1
rakuten	lebenwood/10004797	【楽天10冠1位 輝度1000LM x 専門雑誌掲載】150時間使用可 5000mAh LEDランタン 充電式ランタン 防災グッズ キャンプランタン 充電式ランタン キャンプ ランタン 充電式 ランタン ランタン 防災 非常用 送料無料	camp-lantern-led	1	5
rakuten	lebenwood/lbw-11001-1-4	REIDEN 鍛造ペグ セット 20cm〜30cm 4〜16本 袋付き 現役キャンパー監修	forged-peg	1	4
rakuten	lebenwood/lbw-11002	REIDEN ペグハンマー（現役キャンパー監修）	peg-hammer	1	3
rakuten	legare-factory/titan1820	チタンマニア チタン箸 23cm	camp-cutlery	1	5
rakuten	legare-factory/titan1825	TITAN MANIA(チタンマニア) クッカー チタン製 750ml 蓋付き 折りたたみハンドル	titanium-cooker	1	3
rakuten	legare-factory/titan1832	TITAN MANIA(チタンマニア) クッカー セット チタン製 900ml+350ml ソロキャンプ 軽量 頑丈 直火 折りたたみハンドル付 コンパクト 二段式 フライパン コッヘル ポット 調理器具 アウトドア キャンプ用品 収納袋付き	camp-cooker-beginner	1	5
rakuten	legare-factory/titan1837	チタンマニア アルコールストーブ チタン製	alcohol-stove	1	1
rakuten	legare-factory/titan1978	TITAN MANIA(チタンマニア) メスティン 2合 チタン製 超軽量 800ml 蒸し網セット 目盛り付き 収納袋付き	mestin-recommend	1	4
rakuten	lepro/3200008	Lepro ヘッドライト 充電式 USB-C 300ルーメン 実用点灯30時間 白＆赤点灯 防水 軽量 1年保証	headlight-rechargeable	1	5
rakuten	lepro/pr330030-4	【1年保証】Lepro LEDランタン 4個入り キャンプ ライト 高輝度 3色切替 クリップフック付 吊り下げ使用可能 ポータブル 小型 キャンプランプ アウトドア 登山 夜釣り 防災 停電 緊急 非常用 ledランタン ハロウィン 飾り ライト父の日	mountain-camp-lantern	1	5
rakuten	liberesta/ray-g05	LIBER-E 傘式サンシェード 車 フロント用	car-shade	1	1
rakuten	life-inc/100930-1500-0001	ワタナベ工業 電気カーペット WHC-105 1畳 88×176cm 本体 日本製	camp-hot-carpet	1	3
rakuten	linears/x3a3x5wgp26oie4awgbqkvzic4	K-UNING 木製トレー小 長さ17.4cm ナチュラル	wooden-tableware	1	4
rakuten	lit123/waterproofbagfx	TaoTech 防水バッグ ドライバッグ 30L 2Way 多機能 完全防水	waterproof-backpack	1	3
rakuten	livelylife/c302364-1	モバイルバッテリー 大容量 40000mAh 22.5W ケーブル内蔵 4台同時充電 Type-C出入力 PD対応 PSE認証済	mobile-battery-camp	1	4
rakuten	livinglinks/bd-183nv	【送料無料】ラウンジチェア/BUNDOK(バンドック)/BD-187/チェア 折りたたみチェア アウトドア キャンプ チェア 運動会 スポーツ観戦 椅子 イス いす レジャー 折り畳みチェア	family-camp-chair	1	2
rakuten	livinglinks/bd-239	BUNDOK マルチ焚き火テーブル II BD-274	takibi-table	1	5
rakuten	livinglinks/bd-904	BUNDOK（バンドック）薪キャリースタンド BD-904 ログキャリー	log-carrier	1	2
rakuten	livinglinks/bdk-08	【送料無料】ソロドーム/BUNDOK(バンドック)/BDK-08O/テント ソロドーム ソロテント 1人用 コンパクト ソロキャンプ フェス 防災 バイク ツーリング ドーム型 ミリタリー 軽量 コンパクト 耐風 耐水圧 撥水	solo-tent-beginner;solo-tent-lightweight;tent-size-beginner-guide	3	4;5;1
rakuten	livinglinks/bdk-75	【在庫処分】【訳あり】【特価品】【送料無料】ソロティピー/BUNDOK(バンドック)/BDK-75/テント ソロ モノポールテント ワンポール ティピー型 ティピーテント ソロ 一人用 キャンプ アウトドア	solo-tent-beginner	1	1
rakuten	livinglinks/bdk-79	【在庫処分】【訳あり】【特価品】【送料無料】ソロベース TC/BUNDOK(バンドック)/BDK-79/テント パップ型 パップテント ソロテント ソロキャンプ ミリタリー 軍幕 焚火 焚き火 ハーフシェルター	solo-tent-beginner;solo-tent-overall	2	3;3
rakuten	livingut/228188	ウォータータンク 3タイプ 10L 12L 20L コック付き （ 水 タンク 防災グッズ ウォータージャグ 給水タンク 給水 ポリタンク 防災用品 アウトドア キャンプ 持ち運び ウォッシャブルタンク 水タンク 水缶 ）	water-jug	1	5
rakuten	livingut/387592	キャプテンスタッグ 木製食器 ハンドル付きカレー皿 17cm	wooden-tableware	1	3
rakuten	livingut/4580244681396	サーモス 水筒 2wayコップ付き 600/800ml	camp-gift;thermal-bottle;winter-camp-guide	3	4;1;12
rakuten	livingut/4976790780568	アウトドア用品 キャンピング折込包丁 ステンレス製 刃渡り11.5cm （ キャプテンスタッグ キャンプ用品 調理器具 CAPTAIN STAG 折りたたみ ナイフ キッチンツール グッズ バーベキュー BBQ ）	camp-knife-beginner	1	1
rakuten	livinza/10034044	キャプテンスタッグ 焚火台 ソロライトグリル UG-0093 ステンレス製 収納バッグ付き	captain-stag-bonfire	1	5
rakuten	logosshop/lgs36991	【ロゴス公式】収納楽らく！丸洗いキッズスランバー・10 LOGOS ロゴス 寝袋 キッズ 子供 洗える シュラフ 封筒型 収納袋付き 連結 片付け 簡単 軽量 コンパクト キャンプ 用品 人気 おすすめ	kids-sleeping-bag;logos-sleeping-bag	2	2;2
rakuten	logosshop/lgs48925	LOGOS ロゴス 抗菌防臭 丸洗いディープスリーパーSC 封筒型	logos-sleeping-bag	1	3
rakuten	logosshop/lgs94499	【ロゴス公式】倍速凍結 氷点下パック 単品 2点セット 3点セット 保冷剤 ロゴス 氷点下パック M / L / XL / ギャップバー / コンパクト 冷凍 保冷 冷却 抗菌仕様 強力保冷剤 アウトドア キャンプ バーベキュー BBQ LOGOS	cooler-ice-pack	1	3
rakuten	longlife-global/cd21761	ステンレス製 メッシュ二重構造 ペーパーレスドリッパー	camp-coffee-dripper	1	2
rakuten	lost-g/od-012	【クーポンで最大2000円OFF】 焚き火台 コンパクト バーベキューコンロ 収納ケース付 3フォーク 五徳付き ステンレス製 折りたたみ ソロ 焚火台 アウトドア バーベキューグリル	day-camp-grill	1	3
rakuten	low-ya/fl01-g1001-100	ポップアップテント ワンタッチテント テント ポップアップ サンシェード おうちキャンプ 遮光 遮熱 海 海水浴 川 庭 公園 ベランピング ベランダ 室内 大人 子供 フルクローズ ピクニック 4人用 UVカット 持ち運び便利	stylish-camp-tent	1	3
rakuten	low-ya/kc72t	ワンタッチテント テント ワンタッチ キャンプ 公園 4人用 ファミリーテント タープ キャノピーテント サンシェード 遮光 大型 バーベキュー 300 おしゃれ アウトドア uvカット キャンプテント 軽量 簡易テント 遮熱 耐水	family-camp-summer-tent	1	4
rakuten	luhana/yaen_20260318	LUHANA 焚き火台 八炎 ロースタイルver.	low-style-bonfire	1	2
rakuten	luna-world35/y90902865482	GEERTOP テントシート グランドシート 防水8000mm 両面防水加工	ground-sheet	1	1
rakuten	luxim647/3sd01	AIFLYCY 封筒型 寝袋 オールシーズン 2人用 幅広 洗える 防水 3.5シーズン	rectangle-sleeping-bag;sleeping-bag-winter-beginner	2	4;5
rakuten	luxim647/3sd05	Camdoor 寝袋 冬用 -25℃ 封筒型 シュラフ 防寒 洗える 軽量 キャンプ アウトドア 車中泊 防災	sleeping-bag-temperature-guide;sleeping-bag-winter-beginner	2	1;2
rakuten	luxim647/3sp02	【今だけ・18%OFFさらにP5】【my best空気入れやすさno.1】キャンプ マット 厚手【枕付き史上最大幅75cm追加】インフレーターマット 8/10cm アウトドアマット 自動膨張式 イインフレータブルマット 車中泊マット キャンプマット 極厚 コンパクト防災マット 《3sp02》	camp-sleeping-mat;inflatable-mat	2	1;1
rakuten	luxim647/3sp03	【今だけ・18%OFF】キャンプマット 厚手 防災 エアー【CAMDOOR】エアーマット 高R値6.8 アウトドア 10cm-20°C 超軽量 連結可能 コンパクト キャンプ マット 登山 インフレーターマット 耐水加工 テント泊 防水 防災 マミー型 封筒型 《3sp03》	mountain-camp-mat	1	5
rakuten	lysin/ls-yx-z02b	ライシン アウトドアワゴン Eシリーズ（最大230L）	outdoor-wagon	1	3
rakuten	m-outdoor/set-020	スノーピーク アメニティドームM スターターセット（マット・シート付）	snowpeak-tent	1	4
rakuten	m-outdoor/set-111	スノーピーク 焚火台Mスターターセット SET-111	snowpeak-bonfire	1	4
rakuten	m-outdoor/st-031	スノーピーク 焚火台 S ST-031R	snowpeak-bonfire	1	2
rakuten	macks-i/coolerbag-square-01	スクエア型 ソフトクーラーボックス 9L 保冷バッグ ランチバッグ 折りたたみ 軽量 コンパクト	camp-cooler-soft	1	5
rakuten	maison-outre/se-0bmtp38t5	モンベル シームレスバロウバッグ #0 R/ZIP #1121423	montbell-sleeping-bag	1	4
rakuten	makanamall/gttent-2p	GEERTOP テント 2人用 軽量 防水 キャンプ サイクリング アウトドア 登山用 4シーズンに適用 簡単設営 140cm x 210cm アーミーグリーン イエロー	mountain-tent-cheap	1	2
rakuten	mamababy/221334	アイリスオーヤマ ファンヒーター吹出し口ガード FDG-350FL シルバー 幅30〜46cm対応	stove-guard	1	2
rakuten	mamababy/249661	アイリスオーヤマ ストーブガード 3方式 SS-850N シルバー FF式・煙突式対応 幅75×奥行40cm	stove-guard	1	5
rakuten	mamababy/249664	アイリスオーヤマ ストーブガード 四方式 STG-580N シルバー 幅48×奥行38cm	stove-guard	1	3
rakuten	mamababy/249666	アイリスオーヤマ ストーブガード 四方式 STG-750N シルバー 幅65×奥行45cm（大型）	stove-guard	1	4
rakuten	mamababy/249667	アイリスオーヤマ ファンヒーターガード 四方式 FTE-580N シルバー 幅48×奥行37cm	stove-guard	1	1
rakuten	mamababy/i204477	クーラーボックス 小型 部活 クーラーバッグ アイリスオーヤマ 7L 15L 20L 25L 32L 45L 保冷バッグ クーラーバッグ ミニ クーラーバスケット アウトドア レジャー BBQ 海水浴 運動会 行楽 キャンプ CL-7 CL-15 CL-20 CL-25 CL-32 CL-45	camp-cooler-box-beginner;camp-cooler-box-overall	2	1;1
rakuten	mamesshop/backpack01	HAWK GEAR (ホークギア) 防水バックパック 大容量80L レインカバー付き 軽量 登山 防災	backpack-large;camp-backpack-capacity-guide	2	3;3
rakuten	mamesshop/schlafsack01	HAWK GEAR(ホークギア) 寝袋 毛布 シュラフ マミー型 洗える -15度耐寒 簡易防水 オールシーズン	mummy-sleeping-bag	1	4
rakuten	manacapuru/rc004	キャンプ リュック バックパック リュックサック カバン 帆布 コットン キャンバス 綿 無骨 頑丈 丈夫 タフ ミリタリー アウトドア 大容量 ソロ バイク ツーリングバック ズック［ KIRIRU キリル ］ 30L 以上 オリーブ カーキ タン コヨーテ【サイドポケットモデル】	camp-backpack-beginner	1	5
rakuten	marketjapan/pz-difm01-c	電動インフレーターマット 電動ポンプ内蔵 厚手10cm トリプルバルブ構造 自動膨張 車中泊	inflatable-mat	1	2
rakuten	marle-tokyo/spr01	正規品 登山 リュック 登山バッグ 30L 大容量 初心者向け プロ仕様 メンズ レディース バックパック ザック 多機能 防水 防雨 滑り止め 軽量 耐久性 頑丈 背面通気 疲れにくい 通勤 通学 機内持ち込み 防災バック 山登り 夏山登山 初詣登山 初日の出 旅行 レインカバー付き	mountain-backpack-30l	1	5
rakuten	marueidanboru/rws0111	BODEN（ボーデン）RATELWORKS ラーテルワークス キャンプ ファミリーキャンプ テント 2ルームテント ツールームテント ドームテント ドーム型テント ファミリーテント (RWS0111)	family-camp-summer-tent;family-camp-tent	2	3;2
rakuten	marz-shop/hammock-001	marz 自立式ハンモック 3way ロング ハンモックチェア スタンド 折りたたみ	camp-hammock	1	4
rakuten	marz-shop/independencefan001	扇風機 DCモーター サーキュレーター コードレス 折りたたみ扇風機 首振り リモコン付き キャンプ 充電式 自動首振り 10800mAh 静音 コンパクト ポータブル 熱中症対策 防災	camp-fan-summer	1	
rakuten	maveek/xjkms02005-zwj-l	MAVEEK ハンギングラック ランタンスタンド 物干しフック付 アルミ合金 折り畳み 超軽量 収納便利	hanging-rack	1	5
rakuten	maxshare/a04309_sale	【楽天1位】遮光/遮熱モデル追加！FIELDOOR ワンタッチタープテント 3m×3m 頑丈 スチール テント タープ 300 3.0m ワンタッチテント ワンタッチタープ ワンタッチ 大型 簡単 UVカット 撥水 日よけ プール イベント アウトドア キャンプ BBQ 1年保証 ★[送料無料]	camp-tarp-beginner;day-camp-tarp-cheap;fieldoor-tent;large-tarp-recommend;one-touch-tarp	5	2;1;2;2;1
rakuten	maxshare/a07578	FIELDOOR ワンタッチテント ヘキサゴン型 3m×2.5m 4〜5人用 完全遮光	one-touch-tent	1	3
rakuten	maxshare/a07761	【楽天1位】FIELDOOR アイスコンテナ 3.8L ウォータージャグ 小型 キャンプ用 氷入れ アウトドア 保冷 保温 水筒 広口 大容量 ステンレス 真空断熱 持ち運び 溶けない 洗いやすい マグボトル スポーツジャグ ノーザンクーラーアイスボトル 1年保証 ★[送料無料]	water-jug	1	4
rakuten	maxshare/a08111	【楽天1位】FIELDOOR 折りたたみ ウォータータンク 15リットル 15L 蛇口コック付き 災害時の備えからレジャー・アウトドアまで キャンプ アウトドア用品 折りたたみ式 防災用品 地震 台風 停電 対策 給水袋 ウォータージャグ 給水タンク 1年保証 ★[送料無料]	water-jug	1	1
rakuten	maxshare/a08438	FIELDOOR ストーブファン 5枚羽根 直径約16cm	stove-fan	1	2
rakuten	maxshare/a10129	FIELDOOR ストーブファン 首振りタイプ 5枚羽根 直径約19cm	stove-fan	1	3
rakuten	maxshare/a11938	【楽天1位】FIELDOOR テント スクリーンタープ スクリーンテント ワンタッチ 幅285×奥行285cm 日よけ ドームテント タープテント タープ キャノピー ポール2本付き 日よけテント 虫よけ 蚊帳 メッシュ 大型 サンシェード 組み立て 簡単 1年保証 ★[送料無料]	screen-tarp	1	2
rakuten	maxshare/a12038	【楽天1位】FIELDOOR タープテント ヘキサタープ 大型 Mサイズ 440cm×470cm 日よけ 日除け 六角形 UVカット 高耐水 4人〜6人用 簡易テント サンシェード オーニング ヘキサゴンタープ タープ テント コンパクト アウトドア BBQ キャンプ 1年保証 ★[送料無料]	camp-tarp-beginner;hexa-tarp	2	5;2
rakuten	maxshare/a12403	FIELDOOR USB充電 携帯エアーポンプ 超小型 1400mAh	camp-air-pump	1	2
rakuten	maxshare/a12413	FIELDOOR カーサイドタープ 230cm×280cm ワンタッチ 車用 UVカット 高耐水 吸盤 連結 サンシェード	car-side-tarp	1	1
rakuten	maxshare/a12701	FIELDOOR アルミ調理台 折りたたみテーブル 幅75cm	outdoor-kitchen-table	1	5
rakuten	maxshare/a13098	FIELDOOR チタンケトル 700ml 約14.5cm チタン製 軽量 コンパクト 直火 キャンピングケトル	camp-kettle-recommend	1	4
rakuten	maxshare/a14209	【楽天1位】テント 一人用 ドームテント UVカット ソロテント ドーム型 耐水圧 1,500mm以上 シルバーコーティング メッシュ フルクローズテント キャノピー キャノピーテント インナーテント テントポール 簡易テント 軽量 FIELDOOR 1年保証 ★[送料無料]	solo-tent-overall	1	1
rakuten	maxshare/a14382	FIELDOOR 防災ラジオ 1台5役 グリーン（3WAY充電・生活防水）	disaster-radio	1	2
rakuten	maxshare/a14389	FIELDOOR レジャーテーブル バンブー 竹製 60×100cm ロールテーブル 天然木	low-style-table	1	4
rakuten	maxshare/a14535	FIELDOOR ストーブファン ノーマルタイプ 4枚羽根 直径約18cm	stove-fan	1	1
rakuten	maxshare/a15359	FIELDOOR アウトドア ハンガーラック Mサイズ 超々ジュラルミン 軽量アルミ 折りたたみ 収納バッグ付き	hanging-rack	1	1
rakuten	maxshare/a15598	FIELDOOR クーラースタンド 木製(耐荷重150kg)	cooler-stand	1	2
rakuten	maxshare/a16865	【楽天1位】FIELDOOR テント 大型 ドームテント トンネルテント 620 260cm×620cm 2ルームテント 4人用 6人用 8人用 耐水 遮熱 UVカット インナーテント付き シェルター キャンプテント メッシュ ツールームテント 前室 日よけ キャンプ 1年保証 ★[送料無料]	two-room-tent-guide	1	1
rakuten	maxshare/a17795	FIELDOOR カンガルーテント100 インナー フルクローズタイプ	inner-tent-kangaroo	1	4
rakuten	maxshare/a18081	FIELDOOR チタンマグカップ ふた付 450ml	titanium-mug	1	4
rakuten	maxshare/a18556	FIELDOOR ワンタッチテント100	solo-tent-lightweight	1	4
rakuten	maxshare/a18755	FIELDOOR カーサイドシェルター 完全遮光 PUコーティング 耐水圧16,000mm フルクローズ UVカット 遮熱 メッシュ 1年保証	car-side-tarp	1	3
rakuten	maxshare/a19007	FIELDOOR クーラースタンド アルミ製 3段階高さ調節(耐荷重150kg)	cooler-stand	1	1
rakuten	maxshare/a20650	FIELDOOR ストーブファン 6枚羽根 直径約11cm ミニサイズ	stove-fan	1	4
rakuten	maxshare/max-a09177	FIELDOOR ワンタッチテント 200cm 2人用 3人用 4人用 遮光 遮熱 メッシュドーム フルクローズ	fieldoor-tent;one-touch-tent	2	3;1
rakuten	maxshare/max-a09178	【楽天1位】FIELDOOR テント スクリーンタープ スクリーンテント 幅285×奥行285cm 日よけ ドームテント タープテント タープ キャノピー ポール2本付き 日よけテント 虫除け 虫よけ 蚊帳 メッシュ 大型 サンシェード 組み立て 簡単 1年保証 ★[送料無料]	screen-tarp	1	1
rakuten	maxshare/max-a09610	FIELDOOR 車中泊マット Sサイズ 60×188cm 厚さ10cm ベージュ 大型二重バルブタイプ	car-camp-mat	1	4
rakuten	maxtop/ga0rcaa3al	一酸化炭素チェッカー キャンプ用（日本語音声・楽天ランキング1位モデル）	co-checker;winter-camp-guide	2	1;13
rakuten	mb/nf0a3vy2	ザ・ノース・フェイス VAULT リュック	northface-backpack	1	2
rakuten	mecu/dh-010-s	アッシュコンセプト h tag カッティングマット S DH-010-S	folding-cutting-board	1	3
rakuten	mecu/dh-010-ss	アッシュコンセプト h tag カッティングマット SS DH-010-SS	folding-cutting-board	1	5
rakuten	mecu/ocb-box	オレゴニアンキャンパー ポップアップ トラッシュボックス R2 45L	camp-dust-stand	1	2
rakuten	mecu/ocfp-011	オレゴニアンキャンパー ファイヤープルーフブランケット Mサイズ(100×140cm) セージ	camp-blanket	1	3
rakuten	meiyiduoshop/3113220051211	車載電気ケトル DC12V/24V 450ml（30〜100℃・保温対応）	portable-electric-kettle	1	1
rakuten	mhpro/cc625	車載電気ケトル 保温機能付き 450ml DC12V/24V	portable-electric-kettle	1	5
rakuten	mimmim-zakka/by-18	ファイヤーピット 焚き火台 テーブル 囲炉裏テーブル バーベキュー 囲炉裏 焼肉 テーブル bbqコンロ bbqテーブル bbqグリル 自宅 庭 大人数 耐熱性 囲炉裏 おしゃれ 焚き火台 グリル キャンプ用	day-camp-grill	1	1
rakuten	minatodenk/mt-0024146	M.O.L 充電式LEDランタン MOL-L400 (ロープハンドル／最大400lm) [MOL ランタン LEDライト 照明 キャンプ アウトドア ランプ 防災]	camp-lighting-guide	1	2
rakuten	minatodenk/mt-0025335	M.O.L 充電式 LEDランタン 1200lm MOL-L1200 [LEDライト 照明 キャンプ アウトドア ランプ]	camp-lighting-guide	1	1
rakuten	mitomi8/190261-190264	ランタンスタンド 卓上 ペグ付き 折りたたみ 2WAY ランタンハンガー 4段階高さ調節 クランプ式/打ち込み式 収納ケース付き	lantern-stand	1	5
rakuten	mitsuyoshi/610305-uniflame	ユニフレーム ツインバーナー US-1900 610305	uniflame-burner	1	1
rakuten	mitsuyoshi/683040-uniflame	ユニフレーム(UNIFLAME) ファイアグリル	low-style-bonfire;uniflame-fire-grill	2	3;1
rakuten	mitsuyoshi/cjp00000000402	ogawa アポロンS 3人用 2777 サンドベージュ×ダークブラウン	ogawa-tent	1	4
rakuten	mitsuyoshi/h5026402-01-husqvarna	ハスクバーナ 手斧 38cm 5769264-01 旧 5026402-01 アウトドア 薪割り斧 キャンプ 斧 薪 薪割り 焚き火 焚火 たき火 ハンドアックス ハンドメイド	hand-axe	1	2
rakuten	mitsuyoshi/hnx00000000155	Helinox ヘリノックス グラウンドチェア Ground Chair	helinox-chair	1	3
rakuten	mitsuyoshi/isk00000000130	イスカ ダウンプラス ニルギリEX ネイビーブルー	isuka-sleeping-bag	1	5
rakuten	mitsuyoshi/isk00000000573	イスカ エアドライト140 ダークネイビー	isuka-sleeping-bag	1	4
rakuten	mitsuyoshi/nng00000002348	ナンガ シュラフ オリジナル オーロラライト 800DX スクウェア NANGA H-AURORA800SQ 寝袋 アウトドア 封筒型 キャンプ スクエア ダウン ダウンシュラフ 別注モデル	nanga-sleeping-bag	1	3
rakuten	mitsuyoshi/nng00000004464	ナンガ オーロラテックス 600DX オールブラック ニッチエディション NANGA キャンプ シュラフ 寝袋 マミー型 ダウン 日本製 冬キャンプ 快適使用温度-6℃	nanga-sleeping-bag	1	4
rakuten	mitsuyoshi/nng00000004467	ナンガ オーロラテックス 750DX オールブラック ニッチエディション NANGA キャンプ シュラフ 寝袋 マミー型 ダウン 日本製 冬キャンプ 車中泊対応 快適使用温度-8℃	nanga-sleeping-bag	1	2
rakuten	mitsuyoshi/orc00000000202	オレゴニアンキャンパー(Oregonian Camper) 調味料ケース ペッパーボックス	spice-box	1	1
rakuten	mitsuyoshi/osp00000000242	OSPREY（オスプレー）デイライト DAYLITE 13L	osprey-daily-backpack	1	2
rakuten	mitsuyoshi/scs-008t-snowpeak	スノーピーク チタントレック900 SCS-008T ソロ クッカー コッヘル	titanium-cooker	1	1
rakuten	mitsuyoshi/spk-gl-140	スノーピーク ガスランタン リトルランプ ノクターン GL-140	snowpeak-lantern	1	1
rakuten	mitsuyoshi/spk00000000360	【在庫限り】スノーピーク アメニティドーム L マットシートセット SET-121H キャンプ用品 テント タープ 初心者 エントリー nocu 注目商品	day-camp-starter-set	1	3
rakuten	mitsuyoshi/st-233-shinfuji-set	SOTO ( 新富士バーナー ) 虫の寄りにくいランタン ST-233 キャンプ 用品 オートキャンプ 用品 虫よけ 防災	gas-lantern	1	2
rakuten	mitsuyoshi/st-310-shinfuji	SOTO レギュレーターストーブ ST-310 シングルバーナー	solo-camp-beginners-guide	1	4
rakuten	mjmjstore/mj-solarlantern	2WAY充電ソーラーランタン 6000mAh（無段階調光・スマホ給電対応）	solar-lantern	1	2
rakuten	mk-mart2/mont-bell-balowbag	モンベル シームレスバロウバッグ #3 R/ZIP	montbell-sleeping-bag	1	3
rakuten	modern-culture-store/cocktailsmoker	カクテルスモーカー（スモークガン）	camp-smoker	1	5
rakuten	monotoki/100000397-wes	Gussuri エアーマットコット DOEARTH 極厚10cm 耐荷重150kg ワンタッチ60秒	family-camp-cot	1	3
rakuten	monoworld/compass1756995072	LOGOS ロゴス ROSY フリースシュラフ（ライトグリーン）連結可能	logos-sleeping-bag	1	1
rakuten	monoworld/outdoor-0013	Coleman コールマン 13x13 シェルター キャノピー 大型 日除け テント ガゼボ	large-tarp-recommend	1	3
rakuten	moonloid/nwl-0001	NANGA WHITE LABEL（ナンガ ホワイトレーベル） 最強ダウンジャケット タイプ1 JET BLACK 別注	nanga-down-jacket	1	4
rakuten	moonloid/nwl-0005	NANGA WHITE LABEL（ナンガ ホワイトレーベル） ダウンカーディガン JET BLACK 別注 900FP グースダウン	nanga-down-jacket	1	3
rakuten	motteru/mot-solar24	MOTTERU ソーラーパネル 24W USB2ポート 合計20W出力 スタンド付き 2年保証	solar-panel-folding	1	5
rakuten	mottole-shop/mtl-w001	mottole 充電式湯たんぽ MTL-W001（やわらかカバー付き）	hot-water-bottle	1	4
rakuten	move/d3350524	ドイター エアコンタクト コア 60+10 登山リュック	deuter-backpack	1	5
rakuten	mthappy/0003-012	Mt.happy 無地カバー Sサイズ（20〜30L対応）	backpack-rain-cover	1	5
rakuten	mthappy/0003-045	Mt.happy 防水リュック 25L ウォータープルーフバッグ 全8色	waterproof-backpack	1	5
rakuten	mthappy/0003-066	Mt.happy 寝袋 マミー型 ダウン -25度 シュラフ 軽量 コンパクト 冬用 キャンプ 登山 アウトドア	sleeping-bag-temperature-guide	1	3
rakuten	mtkshop/ml31-wh	【一部予約販売 7月上旬】高評価★4.65★ ランタン LEDランタン 充電式 1600ルーメン リモコン付き マグネット 吊るし 防水 明るい 暖色 最強 1000ルーメン以上 長時間 LEDランプ LEDライト アウトドア キャンプ 車中泊 夜釣り 防災グッズ	car-camp-lighting;day-camp-led-lantern;family-camp-lantern	3	2;2;3
rakuten	murphyshop/cassette-mydan-3	イワタニ カセットガスストーブ マイ暖III CB-STV-MYD3	cassette-gas-heater	1	5
rakuten	music-and-outdoor-lab/st-486-bk-free	SOTO マイクロトーチ ACTIVE ST-486 充てん式 ガストーチ	soto-burner	1	3
rakuten	music-and-outdoor-lab/st-487	SOTO スライドガストーチ ST-487 充てん式	soto-burner;torch-burner	2	4;4
rakuten	musouka/n508p367143a	ファイヤーピット 焚き火台 バーベキューコンロ 8～10人 焚火台 アウトドアコンロ 焼き網 防水 防錆 耐久 火かき棒 設置簡単 スタイリッシュ ファミリーキャンプ キャンプ バーベキュー 焚火 ダッチオーブン 大型 二次燃焼 BBQコンロ 焚き火台 屋外 アウトドア	family-camp-bbq	1	4
rakuten	mystic-r/logc2	薪バッグ ログキャリー 帆布 大容量 焚き火 トート	log-carrier	1	1
rakuten	mystic-r/takibi1	焚火台 コンパクト ソロ 折りたたみ式 ステンレス ミニ 五徳付き 軽量（Mystic Ridge）	bonfire-stand-solo	1	3
rakuten	mystic-r/tglobe2	【楽天ランキング1位獲得】 耐熱グローブ 耐火グローブ 耐熱手袋 キャンプ 料理用 レザー ロング 手袋 牛革 本革 耐熱 防火 防炎 アウトドア BBQ バーベキュー 焚き火 薪 ストーブ ガーデニング 溶接 火傷防止 高耐久 作業用グローブ 男女兼用 防寒	fireproof-gloves	1	5
rakuten	nafco/n20278410	ロゴス ROSY ドゥーブルXL グレー	logos-tent	1	5
rakuten	nagapo/20230207-backpack-cover	雑貨ストアDAICHU リュックカバー 15L〜100L対応	backpack-rain-cover	1	4
rakuten	namchebazar/air_1gr	★【山岳軽量テント】アライテント　RIPENライペン1人用テント　エアライズ1　山岳テント　軽量　グリーン　テント泊登山	lightweight-mountain-tent	1	4
rakuten	naturehike-direct/cnh22dz016-ty58y	Naturehike 高R値 エアーマット R4.6/R5.8/R8.8 厚手8cm/12cm 超軽量 連接可能 インフレーターマット	naturehike-mat	1	1
rakuten	naturehike-direct/cnh22sd011	Naturehike 三層構造 レイヤー封筒型寝袋 快適0℃〜-13℃ オールシーズン 防水加工 軽量 丸洗い	naturehike-sleeping-bag	1	5
rakuten	naturehike-direct/cnh22zp004	Naturehike ワンタッチテント Ti black ロッジ型テント 13平米 大型 ツールーム 2つ前室 3〜4人用 チタンブラックコーティング 二重層 自立式 耐水圧2000mm	naturehike-tent	1	4
rakuten	naturehike-direct/cnh22zp004-ti	Naturehike ワンタッチテント ビレッジ13 Ti blackコーティング 前幕付き ロッジ型 ツールーム 2つ前室 3〜4人用 二重層 自立式 耐水圧2000mm	naturehike-tent	1	5
rakuten	naturehike-direct/cnh22zp028-1	Naturehike Dune7.6 2ルーム ドーム型テント アップグレード 煙突口付き 自立式 二重構造 前室 UVカット UPF50+ 耐水圧2000mm 2人用	naturehike-tent	1	3
rakuten	naturehike-direct/cnh23dz10001	Naturehike 電動エアーベッド エアーマット 自動膨張 1/2/3人用 電動ポンプ USB充電式 折り畳み	naturehike-mat	1	4
rakuten	naturehike-direct/cnk2300019	Naturehike ファミリー封筒型寝袋 1〜4人使用可能 200×115cm 幅広 ワイド 連結可能 丸洗い	naturehike-sleeping-bag	1	4
rakuten	naturehike-direct/cnk2300sd016	Naturehike 封筒型寝袋 225×75cm 最大限界温度-12℃ 連結可能 1人用 丸洗い可能	naturehike-sleeping-bag	1	3
rakuten	naturehike-direct/cnk2300zp017	【LINE友だち募集中、追加で8％OFFクーポンプレゼント！】 Naturehike テント 2人用 The hills 1LDK ツールーム 前室付き 軽量 簡単設営 通気性 UVカット 耐水圧2000mm 煙突穴 スカート付き オールシーズン キャノピー付き 持ち運び簡単 多機能 メッシュスクリーン キャンプ	two-room-tent-guide	1	3
rakuten	naturehike-direct/cnk2300zp021	【MAX35％OFFクーポン配布中！GW応援】 Naturehike ワンタッチテント ロッジ型 テント 前室 Ti BLACK 小屋 2-4人用 UPF11000+ ポール付き キャンプ 自動 二重層 自立式 耐水圧2000mm 防風 防災 ファミリー グランピング 初心者向け パークテント	stylish-camp-tent	1	4
rakuten	naturehike-direct/cnk2450ws038	Naturehike 高R値 エアーマット R6.5 サイドウォール 厚手10cm -25℃使用可能 空気入れ袋付き	naturehike-mat	1	3
rakuten	naturehike-direct/cnk2450ws040	Naturehike エアーベッド 枕付き 厚さ25cm 1/2/3人用 耐荷重150kg 電動ポンプ USB充電式 高反発	naturehike-mat	1	5
rakuten	naturehike-direct/nh17t140-j	Naturehike 軽量テント 1〜2人用 20D ナイロン 耐水圧4000mm 前室あり 専用グランドシート付 アルミポール	naturehike-tent	1	2
rakuten	naturehike-direct/nh18t010-t-3	【SS先行セール！いち早くゲット！】 Naturehike テント ハイキング 1人用 20D ソロキャンプ 耐水圧3000/4000mm 超軽量 二重層 ダブルウォール 前室 プロフェッショナルテント コンパクト 自立式 アウトドア 登山 キャンピング 防災 設営簡単	mountain-tent-cheap	1	3
rakuten	naturehike-direct/nh18t030-t-3	ネイチャーハイク 超軽量ドームテント（2人用）	duo-tent;naturehike-tent	2	3;1
rakuten	naturehike-direct/nh19s015-d	Naturehike 封筒型寝袋 冬用 快適-1.3〜8.5℃ 極限温度-17℃ 2way 連結可能 2人用可能 洗える	naturehike-sleeping-bag	1	2
rakuten	naturehike-direct/nh20dz03	Naturehike キャンプマット 厚手5cm/10cm 自動膨張 インフレーターマット 無限連結可能 4シーズン	naturehike-mat	1	2
rakuten	naturehike-direct/nh21msd09	Naturehike 3.5シーズン 封筒型寝袋 洗える コンパクト 軽量 1人用 撥水 連結可能	naturehike-sleeping-bag;sleeping-bag-summer-cospa	2	1;4
rakuten	naturum-outdoor/4037543	[ナンガ] NANGA ZZZ BAG 10 寝袋	washable-sleeping-bag	1	5
rakuten	naturum-outdoor/9933222	イスカ アルファライト1300EX インディゴ 125809	isuka-sleeping-bag	1	3
rakuten	naturum/20134	スノーピーク チタンシェラカップ E-104	camp-gift;sierra-cup	2	1;1
rakuten	naturum/223216	イスカ ISUKA ウェザーテック シュラフカバー スーパーライト ネイビーブルー 201621	sleeping-bag-cover	1	2
rakuten	naturum/2298957	ユニフレーム ファイアグリル＋収納ケース 2点セット 683040+683187	uniflame-fire-grill	1	3
rakuten	naturum/2394481	キャプテンスタッグ EVAフォームマット(ダブル) UB-3001 140×217cm	closed-cell-mat	1	4
rakuten	naturum/2486030	キャプテンスタッグ ラフォーレ アルミツーウェイテーブル アジャスター付 M 60×120cm UC-510	captain-stag-table	1	2
rakuten	naturum/2549946	SOTO マイクロレギュレーターストーブ ウインドマスター SOD-310 4本ゴトクセット	soto-burner	1	1
rakuten	naturum/2570772	Coleman(コールマン) 2500ノーススターLPガスランタン 最大1543ルーメン+ガス燃料+マントル【お得な3点セット】 レッド 2000015521	gas-lantern	1	1
rakuten	naturum/2705518	【4/24-27エントリーで全品5倍】 SOTO AMICUS(アミカス)+パワーガス250トリプルミックス【お得な2点セット】	camp-burner-beginner	1	2
rakuten	naturum/2743122	ペツル ピクサ3	petzl-headlight	1	5
rakuten	naturum/2850985	キャプテンスタッグ スキレット 25cm UG-3029	camp-skillet	1	2
rakuten	naturum/2856441	キャプテンスタッグ CSクラシックス リラックスクッションチェア UC-1647	captain-stag-chair	1	4
rakuten	naturum/2889418	キャプテンスタッグ カマド スマートグリル B5型(3段調節) UG-42	captain-stag-bonfire	1	2
rakuten	naturum/2889419	キャプテンスタッグ カマド スマートグリル B6型3段調節 UG-43	captain-stag-bonfire	1	4
rakuten	naturum/2915913	イスカ アルファライト700X インディゴ 111803	isuka-sleeping-bag	1	2
rakuten	naturum/2995523	DOD いつかのタープ TT5-631-TN タン ヘキサタープ	dod-tarp	1	2
rakuten	naturum/3011524	ロゴス ツーリングドゥーブル-BJ DUO 単品	logos-tent	1	1
rakuten	naturum/3176400	コールマン ツーリングドームLX	duo-tent;tent-size-beginner-guide	2	4;2
rakuten	naturum/501919	ユニフレーム ファイアグリル ヘビーロストル 683118	uniflame-fire-grill	1	4
rakuten	naturum/7000394	Hilander(ハイランダー) 難燃ブランケット ハーフ グレー	camp-blanket	1	4
rakuten	naturum/807668	キャプテンスタッグ ヘキサ ステンレス ファイアグリル L(3-4人用) M-6500	captain-stag-bonfire	1	1
rakuten	naturum/808177	キャプテンスタッグ 火起こし器＆火消し壺セット（日本製）	charcoal-starter	1	4
rakuten	naturum/808366	キャプテンスタッグ ヘキサ ステンレス ファイアグリル M(2-3人用) M-6498	captain-stag-bonfire	1	3
rakuten	naturum/841585	キャプテンスタッグ EVAフォームマット 56×182cm M-3318 グリーン	closed-cell-mat	1	2
rakuten	naturum/859814	SOTO レギュレーターストーブ ST-310	soto-burner	1	2
rakuten	naturum/920435	イスカ パトロール ショート ロイヤルブルー 117212	isuka-sleeping-bag	1	1
rakuten	naturum/9904256	コールマン ルミエールランタン 純正LPガス燃料セット 205588	coleman-lantern;gas-lantern	2	3;4
rakuten	naturum/9927878	ペツル イーライト E02 P4	petzl-headlight	1	4
rakuten	nda-style/10000013	鍛造ペグ 30cm 8本 ＋ ペグハンマー セット 木製ハンマー 発光テントロープ 収納袋付き	forged-peg	1	5
rakuten	next-online/10000164	一酸化炭素チェッカー 乾電池式（軽量コンパクト・換気アラーム）	co-checker	1	2
rakuten	niche-express/blg00000000049	ベアボーンズ ビーコンライト LED 2.0 20230005	barebones-light	1	3
rakuten	niche-express/blg00000000098	Barebones Living スキレット 10インチ 鋳鉄 アウトドア クッカー	camp-skillet	1	5
rakuten	niche-express/cjp00000000236	ogawa ツインクレスタ 3347	ogawa-tent	1	3
rakuten	niche-express/lgs00000000716	ロゴス バーベキューコンロ the ピラミッドTAKIBI L 焚き火 BBQ	logos-bonfire	1	3
rakuten	niche-express/lgs00000000718	ロゴス バーベキューコンロ the ピラミッドTAKIBI M 焚き火台 コンパクト	logos-bonfire	1	2
rakuten	niche-express/p-153-iwataniprimus	イワタニプリムス P-153 ウルトラバーナー シングルバーナー	iwatani-stove	1	2
rakuten	nihontaro/mzk-ot0003	South Light トラッシュボックス ポップアップ キャンプ用ゴミ箱 60L 蓋付き	camp-dust-stand	1	3
rakuten	niigataseiki/850377	PAOCK(パオック) ミニ炊飯器 MRC-15 0.5〜1.5合炊き コンパクト	camp-rice-cooker	1	2
rakuten	niso1122/bxgbp	＼26日まで+1枚プレゼント／＼楽天1位／【保冷剤 ステンレス製】驚異の保冷力 長時間冷却 アイスパック 冷蔵冷凍対応 アウトドア キャンプ 防災グッズ 長持ち 繰り返し使える 保冷用品 夏の必需品	cooler-ice-pack	1	2
rakuten	noone/onetouchtent200-2	春夏 ワンタッチテント 公園 4人用 2〜4人用 2人用 3人用 2M 着替え フルクローズ テント 200×320cm デイキャンプ 大きめ UVカット ポップアップテント サンシェード キャンプ 海 簡易 コンパクト 軽量 アウトドア キャンプ おしゃれ 柄 無地	day-camp-tent	1	1
rakuten	novasangyo/dclyzdy	アウトドアチェア 折りたたみ 椅子 チェア ローチェア 簡単組立 キャンプ イス アウトドア 背もたれ付 バーベキュー ファミリー 公園 運動会 レジャー 屋外 室内 おしゃれ 送料無料 軽量 フォールディングチェア 折りたたみ椅子 キャンプチェア	family-camp-chair	1	5
rakuten	nuuca/10000003	Nuuca ヌーカスリープ 封筒型 寝袋 ISO国際基準 -10℃ 北欧デザイン 丸洗い	rectangle-sleeping-bag	1	2
rakuten	oc-style/160520002	上下セット 耐水圧20000mm レインウェア レインコート ストレッチ メンズ レディース レインスーツ ト レイン パンツ マウンテンパーカー カッパ おしゃれ 雨合羽 雨具 通勤 通学 自転車 ゴルフ 釣り ランニング 男性用 女性用 NASR-100	camp-rainwear	1	1
rakuten	ohmiya-sports/718-temres01win-bk	ショーワグローブ テムレス 01WINTER 完全防水 防寒グローブ ブラック	winter-camp-gloves	1	2
rakuten	ohstore/2b61kqcpr6	MR-250 Pro+ メスティン All in1セット レギュラー バリ取り済 湯切り穴 目盛付 5点セット シルバー	mestin-recommend	1	5
rakuten	onestep/jj4531	スタンレー クラシック 真空ボトル 1.9L	thermal-bottle	1	5
rakuten	onestep/ju1903	ミステリーランチ ギャラゲーター S/M 20L	mysteryranch-backpack	1	2
rakuten	onetigris/ce-bhs04-tc	OneTigris ROC SHIELD ポリコットンTC 炎幕 パップテント 軍幕 煙突口 全面フルクローズ可 ポール付属 焚き火可	pup-tent	1	4
rakuten	onetigris/ce-bhs06-tc	OneTigris SOLO HOMESTEAD ポリコットンTC パップテント 軍幕 煙突口あり ポール付き 1〜2人用 焚き火可	pup-tent;solo-tent-overall;winter-camp-guide;winter-camp-tent	4	1;2;2;1
rakuten	onetigris/ce-chl04-a	OneTigris ROCUBOID Titanium チタン製ポケットストーブ ミニ焚き火台 軽量 コンパクト 折り畳み 収納バッグ付	bonfire-stand-solo	1	2
rakuten	onetigris/ce-cqb02	OneTigris ECOARK 電動エアーポンプ 2400mAh	camp-air-pump	1	5
rakuten	onetigris/ce-cqd04	OneTigris DREAMSTAR インフレータブルマット 厚さ8cm R値6.3 グレー	car-camp-mat;inflatable-mat	2	3;3
rakuten	onetigris/ce-qzm01-rg	OneTigris ポリコットンTC 陣幕 前幕	camp-windscreen	1	4
rakuten	onetigris/ce-sdz01	OneTigris RAVEN NEST トンネルテント 2人用 ブラウン	winter-camp-tent	1	4
rakuten	onetigris/ce-swt02	OneTigris Hillridge 軽量テント 登山用テント 2人用 通気性 防水防風 簡単設営 前室あり 結露対策 アップグレード版 3シーズン ULテント 自転車 バイク旅行 ハイキング キャンプ用	lightweight-mountain-tent;mountain-tent-cheap	2	1;4
rakuten	onetigris/ce-ybz03	OneTigris ダウンブランケット 195×135cm グリーン	camp-blanket;camp-gift;winter-camp-guide	3	1;6;11
rakuten	onetigris/ce-ysd08	OneTigris シュラフ マミー型 寝袋 コンパクト 撥水 圧縮可能 快適温度8〜15℃ 軽量 洗える 3シーズン	mummy-sleeping-bag	1	5
rakuten	onetigris/ce-yzp12	★20％オフクーポンあり→21,032円★完売次第廃盤★送料無料 OneTigris TETRAピラミッドテント 160cm インナー付き ポール付き 軽量 ワンポールテント ソロテント キャンプテント 登山 アウトドア 2人用 1人用 キャンプ旅行 ソロキャンプ	mountain-tent-cheap	1	5
rakuten	onetigris/ce-yzp13	OneTigris CONIFER ポリコットンT/C 煙突テント ワンポールテント 二股ポール 1〜2人用 焚火可 撥水	one-pole-tent	1	2
rakuten	onetigris/ce-zdy06	OneTigris DRAGONHIDE ハイバックチェア キャンピングチェア 折りたたみ コンパクト 収納袋付 ソロキャンプ	camp-chair-highback	1	3
rakuten	onlystyle/10000401	オンリースタイル 車中泊専用マット 標準サイズ 1枚	car-camp-mat	1	2
rakuten	onway/ow-3833-more	onway オンウェー聖火焚火台モアキャンプ用品 焚き火台 折りたたみ式 コンパクト キャンプ デイキャンプ おしゃれ バーベキュー 携帯 BBQ 軽量 焚火 ソロ コンパクト 折り畳み ソロキャンプ ファミリーキャンプ キャンプギア キャンプグッズ たきび 五徳 オプション	family-camp-bbq	1	2
rakuten	osakananiwa/10000310	小川キャンパル OGAWA カーサイドタープ AL-II (AL-2) 車用	car-side-tarp	1	5
rakuten	otakaratuuhan/10005450	折りたたみテーブル 折りたたみベンチ 180cm アウトドアテーブル 折りたたみ 頑丈 大型 幅180×奥行70cm ガーデンテーブル ガーデン テーブル アウトドア ###机KM-F002###	group-camp-table	1	4
rakuten	otakaratuuhan/10020577	折りたたみテーブル 120cm アウトドア テーブル 折りたたみ 木目調 テーブル チェア チェアセット レジャーテーブル アウトドアテーブル 軽量 アルミ 折りたたみテーブル 高さ調節	camp-table-set	1	5
rakuten	otakaratuuhan/tz182	ラタン調 ガーデンテーブル 180cm アウトドアテーブル ダイニングテーブル ガーデン テーブル 折り畳み式 頑丈 大型180cm 防水 長テーブル ガーデンファニチャー 外テーブル ###ラタン机F002R###	group-camp-table	1	1
rakuten	outbear/1002	秒速消火 火消し壺 ステンレス キャンプ 火消しつぼ 帆布袋付き 炭壺 消火	fire-extinguish-pot	1	2
rakuten	outbear/1004	＼ランキング1位!!／【二度研磨・刃付き】 キャンプ 斧 薪割り手斧 おの オノ 手斧 手おの キャンプ斧 ハチェット アックス ハンドアックス 薪割り まきわり 焚き火 焚火 薪 薪ストーブ アウトドア ヒッコリー コンパクト 頑丈 刃付き キャンプ 手斧 【レザーカバー付き】	hand-axe	1	1
rakuten	outstand/uc-enwq-4fjj	オクタゴンブラック 二次燃焼 無煙 焚き火台 高火力 ファイアピット	secondary-combustion-bonfire	1	5
rakuten	oxtos/201821	イスカ ISUKA ゴアテックスインフィニアム シュラフカバーUL ワイド ネイビーブルー	sleeping-bag-cover	1	5
rakuten	paprika-1936/kukasetto_1	【楽天受賞1位】クッカー キャンプ用品 クッカーセット キャンプ 鍋 ケトル やかん アウトドア 鍋 フライパン キャンプ ソロキャンプ アルミ鍋 3点セット やかん キャンプ鍋 ティーポット 登山 軽量 コンパクトキャンプ 2-3人 キャンプギア 防災用品	camp-cooker-beginner	1	1
rakuten	patri/ad011	【27(水)迄全品クーポン】キャンピングマット エアマット 自動膨張 エアー ピロー付き 車中泊 冬用 エアーマット 防災用品 エアーマット インフレータブル マットレス アウトドア キャンプマット エアーベッド ベランピング おうちキャンプ ad011	family-camp-mat	1	2
rakuten	patri/ad083	寝袋 2人用 封筒型 冬用 洗える コンパクト アウトドア 寝具 ダブルサイズ 子供 添い寝 ねぶくろ かわいい 3kg キャンプ用品 車中泊 グッズ 防寒 おうちキャンプ 収納 防災グッズ 臨時 布団 新生活 ベランピング ad083	kids-sleeping-bag	1	4
rakuten	patri/ad089	【数量限定★超目玉割引CP】自動膨張 2人用 ダブル キャンピングマット 厚さ2.5cm インフレータブル エアマット 車中泊マット ミニバン 宿泊 キャンプ用品 テントマット エアーマット レジャー アウトドア 防災 連結 段差解消 クッション 軽量 ファミリー 簡易ベッド ad089	family-camp-mat	1	1
rakuten	patri/ad137	トライポッド ハンディ バーベキューコンロ（三脚・吊り下げ式）	bonfire-tripod	1	5
rakuten	patri/ad196	寝袋 インナーシュラフ 防災士監修 封筒型 フリース ブランケット シーツ ひざかけ 洗える	sleeping-bag-liner	1	3
rakuten	pippi-store/deqwp5qvcfylxzhnm5fv6axhku	キャプテンスタッグ 火起し器 スリム チャコールスターター UG-3281	charcoal-starter	1	1
rakuten	plantz/447-aow6rt	【購入特典 保冷剤付き!!】気温35度でも氷が27時間維持 ペットボトル(500ml)6本収納 ワックスドコットン ソフトクーラーボックス AOクーラーズ AOW6RT ランチクーラー 5.7L 保冷 断熱 クーラーバッグ 保冷バッグ ランチバック ゴルフ 釣り おすすめ	cooler-box-day-camp;day-camp-cooler-box	2	1;1
rakuten	plantz/sinfuji-rz521-522	SOTO（新富士バーナー）マイクロトーチ アクティブ ACTIVE RZ-522 横型	torch-burner	1	1
rakuten	plays23/b07w8l59sh	【送料無料】TRIWONDER 二重層 テント 1 2 3人用 アウトドア 防災用 キャンプ用品 3シーズン 登山テント 撥水加工 軽量 設営簡単 4色選択可能 (オレンジ - 1人用)	mountain-camp-tent	1	4
rakuten	plusiine/bonfire02	焚き火台 コンパクト 折りたたみ式 ソロ バーベキューコンロ ミニ焚き火台 bbqコンロ アウトドア 軽量 小型 ファイアグリル bbqグリル ステンレス製 キャンプ用品 ファミリーキャンプ キャンプギア	day-camp-grill	1	2
rakuten	plywood/01549048	BRUNO(ブルーノ) コンパクトホットプレート BOE021 ホワイト たこ焼き・平面プレート2種付き	camp-electric-grill	1	1
rakuten	plywood/01583019	ランタン led レトロ P10倍Bruno ブルーノ LEDランタン BOL001ランプ アウトドア 電池式 スタンド アンティーク ランタンハンガー 明るい 照明器具 照明 ピクニックシリーズ 省エネ◇夜 屋外 おしゃれ アウトドア 登山 結婚祝い オシャレ	mountain-camp-lantern	1	3
rakuten	plywood/11137066	±0 プラスマイナスゼロ カーボンヒーター XHS-H210 ホワイト 300W	camp-electric-heater	1	2
rakuten	plywood/14939010	正規店 ランタン led アウトドア 屋外 充電式バルミューダ ザ・ランタン BALMUDA The Lantern L02A調光 間接照明 照明 キャンプ ブラック ホワイト べランピング キャンドル おすすめ 非常用 ランプ おしゃれ◇自動調化 無段階 送料無料 P5倍	camp-lighting-guide	1	3
rakuten	plywood/24350001	LODGE(ロッジ) ロジック スキレット 6-1/2インチ L3SK3 正規輸入品	camp-skillet	1	3
rakuten	plywood/24383369	ベアボーンズ ミニ エジソン ランタン LED	barebones-light	1	4
rakuten	plywood/24383372	ベアボーンズ レイルロードランタン 充電式 LED	barebones-light	1	2
rakuten	plywood/26852124	ハイドロフラスク Cooler Cup クーラーカップ 12oz（354ml）ホワイト	insulated-tumbler	1	3
rakuten	plywood/47083004	ALPACA(アルパカ) プラス ストーブ TS-77NC	camp-oil-stove;winter-camp-guide	2	1;3
rakuten	poncotan/po-001	【楽天137週1位★累計32万脚突破】アウトドアチェア キャンプ椅子 キャンプチェア 軽量 折りたたみ椅子 アウトドア チェア コンパクト ローチェア おしゃれ キャンプ 椅子 イス チェアー 室内 ソファ代わり/ウルトラライトフィットチェア ロータイプ 超軽量 ポンコタンチェア	camp-chair-lightweight	1	2
rakuten	poncotan/po-002	アウトドアチェア【ポンコタン】ウルトラライト ハイバックチェア 超軽量 折りたたみ コンパクト キャンプ椅子	camp-chair-highback;camp-chair-lightweight	2	1;3
rakuten	premoa/4580742231352	DOD フツーノトング TG1-899-BK 火ばさみ 焚き火 トング	fire-tongs	1	2
rakuten	primeavenue/8810002000	SAPHIR 超撥水スプレー 300ml 撥水効果3ヶ月 衣類 靴 バッグ アウトドア テント キャンプ用品	tent-waterproof-spray	1	1
rakuten	ptandkey/b08xxb664d	一酸化炭素チェッカー（防災製品等推奨品認証モデル）	co-checker	1	4
rakuten	public/karrimor-tatra20	karrimor カリマー タトラ20 TATRA20 デイパック 20L	karrimor-backpack	1	4
rakuten	purple7/alocs-cs-b02	ALOCS アロクス アルコールバーナー（ゴトク付き）	alcohol-stove	1	5
rakuten	pykespeak/p0006tentwithpole	PYKES PEAK ソロドーム（1人用）	solo-tent-lightweight	1	2
rakuten	pykespeak/p0029partydome	大型テント 6人用 5人用 4人用 家族 ドーム型 簡単 軽量 UVカット UPF50+ キャノピーテント キャンプ テント 防水 耐水圧 2000mm 防災 レジャー メッシュ テント 日よけ 海 山 通気 大人数 大型 PYKES PEAK パイクスピーク	group-camp-tent;large-tent-guide	2	4;5
rakuten	pykespeak/p0078crck3	PYKES PEAK キャンプラック 3セット（焚き火テーブル）	takibi-table	1	2
rakuten	pykespeak/p0135tm301	PYKES PEAK 純チタンマグ 日本製	titanium-mug	1	5
rakuten	pykespeak/p0143sr3bg	PYKES PEAK キャンプラック（2〜4段対応）	field-rack	1	5
rakuten	pykespeak/p0207ifmst	【R値8.93】キャンプ マット キャンプマット アウトドアマット 車中泊 エアーマット エアマット マットレス 8cm 防災 キャンプ 車中泊マット 自動膨張式 コンパクト インフレーターマット レジャー エアーベッド 防災 マット	camp-sleeping-mat;inflatable-mat	2	5;4
rakuten	pykespeak/p0285tb040	PYKES PEAK キャンプ ゴミ箱 トラッシュボックス 折りたたみ式 蓋つき 40L	camp-dust-stand	1	1
rakuten	quads/qs518	QUADS 自動ルーバー スポットクーラー 2.3kw	portable-cooler-aircon	1	5
rakuten	r--r-/koun051-2	対流型石油ストーブ 小型（電源不要・収納袋付き）	camp-oil-stove	1	5
rakuten	r-kojima/4950654044089	ジェントス LEDランタン EX-366D Explorer	gentos-light	1	2
rakuten	r-kojima/4981325500047	ロゴス　アウトドア用品バーベキューグリル・コンロ たき火台 LOGOS The ピラミッドTAKIBI M　81064163	day-camp-grill	1	5
rakuten	ra-must/0996850	サーモス 保冷缶ホルダー 350ml缶用 JDU-351 ブラック	insulated-tumbler	1	1
rakuten	ra-must/0996876	サーモス 保冷缶ホルダー 500ml缶用 JDU-501 ブラック	insulated-tumbler	1	2
rakuten	rakuten24/405668	サーモス 真空断熱スープジャー JED-400(0.4L)	soup-jar-camp	1	3
rakuten	rcmdse/fc-4901140904912	イワタニ カセットガス アウトドア トーチバーナー II CB-TC-ODORP	torch-burner	1	2
rakuten	rcmdse/fc-4901140904929	イワタニ クッキングトーチバーナー 炙りの達人II CB-TC-CKWHP 料理用	torch-burner	1	5
rakuten	redcabin/por-200-0002	ポーレックス コーヒーミル II ミニ	outdoor-coffee-mill	1	1
rakuten	relaxa-from2/alpicoolc12	Re:Gear 車載冷蔵庫 9L/12L -20℃ AC100V/DC12V/24V シガーソケット対応	portable-fridge	1	5
rakuten	relaxa-from2/re0chair	Re:Gear インフィニティチェア カップホルダー付	infinity-chair	1	5
rakuten	relaxa-from2/stovefanhw	Re:Gear 首振りストーブファン HEAT WAVY 2.0（6枚羽 ブラック）	stove-fan	1	5
rakuten	relief10/b0d5b1ysl1	relief10 LEDヘッドライト 充電式 3灯LED ワイド/スポット2in1 モーションセンサー付き 12か月保証	headlight-rechargeable	1	2
rakuten	retoo-japan/retoo-airbed-std	エアーマット PVC 自動膨張 40cm シングル ダブル キングサイズ 極厚 エアーベッド シングルサイズ 自動 補修キット 寝心地 コンパクト ボタン式 厚み エアベッド 無線ポップ アウトドア キャンプ 来客用 車中泊マット 空気ベッド エアーマット	car-camp-bed-kit	1	3
rakuten	risu-onlineshop/16338-1	RISU トランクカーゴ TC-70（70L）	gear-storage-box	1	1
rakuten	risu-proshop/17561-2	RISU TC トランクカーゴ スタッキングタイプ（20〜30L）	gear-storage-box	1	3
rakuten	rockpals/octantis1200	ギフト 台風 防災グッズ 地震 台風 充電式 LEDランタン LIVELIFE Aurora1200ルーメン ランタン 防災用 台風 暖色 キャンプ ランプ usb充電式 5200mAh マグネット 吊り下げ式 非常灯 SOSライト led電球 モバイルバッテリー機能 小型 明るい 車中泊	car-camp-lighting	1	4
rakuten	rococostore/010899-2-06	NANGA（ナンガ） オーロラ ダウンジャケット メンズ モカグレー AURORA DOWN JACKET	nanga-down-jacket	1	2
rakuten	rococostore/010900-2-06	NANGA（ナンガ） 別注HINOC ヒノック リムフード ダウンジャケット カーキ 2026年モデル 日本製	nanga-down-jacket	1	1
rakuten	roomy/ymz23jul06h07	山崎実業 tower ランタンスタンド 伸縮 高さ調節 ランタンハンガー LEDランタン 北欧 おしゃれ モノトーン	lantern-stand	1	1
rakuten	round-era/table-001	アウトドア テーブル 耐荷重50kg 135*60cm 収納袋付き 二つ折り メッシュテーブル 軽量 折りたたみテーブル 折り畳みテーブル スチール キャンプ用品 バーベキュー BBQ 高さ調整 キャンプテーブル 便利 キャンプ テーブル 家族 網 黒	camp-table-folding	1	2
rakuten	saino/55089g8vtd7	モンベル ダウンハガー650 #3 R/ZIP #1121382	montbell-sleeping-bag	1	2
rakuten	sakaiya/10096359	ナンガ・オーロラライト 450DX(さかいや別注モデル)(ナンガ純正ストリージバッグプレゼント) 寝袋 ダウンシュラフ 保管袋付き	nanga-sleeping-bag	1	1
rakuten	sanho-store/kzm-k21t3o02	KZM ギルバートランタン LEDランタン ランタン 充電式 停電 防災 キャンプ 吊り下げ 置き型 LED ランプ レトロ アンティーク おしゃれ かっこいい 明るい 調光 コードレス ソロキャンプ 収納 携帯 持ち運び 照明 ライト 防災グッズ 防災用品	camp-lighting-guide	1	4
rakuten	sanrokukobo/fire-blowing-stick	山麓工房 火吹き棒 火起こし 最長63cm 伸縮設計 無期限メーカー保証 収納ケース付き	fire-blower	1	1
rakuten	sanrokukobo/fire-sheet	山麓工房 焚き火シート 耐熱5層構造 瞬間耐熱1500℃ 撥水加工 スパッタシート チクチクしない	bonfire-sheet	1	2
rakuten	sbn/cn-2022080902	LEDランタン ライト 充電式 安心保証付き 1個/お得2個 モバイルバッテリー機能 Type-C usb led+ランタン LEDライト キャンプ フック カラビナ マグネット付き 1000円ポッキリ アウトドア テント 読書 車内照明 コンパクト 防災台風対策 防災グッズ 1000円ポッキリ 送料無料	car-camp-lighting	1	1
rakuten	scandinavie/00031	限定クーポン！【NHKあさイチで紹介！明るさにびっくり！】ランタン 充電式 送料無料 led 1000ルーメン ライト キャンプ ZASHBEAR LEDランタン usb充電 キャンプ用品 アウトドア 暖色 防水 懐中電灯 防災 車中泊 災害用 停電 充電 キャンプ	car-camp-lighting	1	3
rakuten	sekichu/4560464270303	キャプテンスタッグ CSブラックラベル アルミツーウェイロールテーブル type2 高さ70/40cm UC-551	captain-stag-table	1	4
rakuten	selectshop-one/gg084	トラッシュボックス 30L アウトドア ゴミ箱 折りたたみ ポップアップ式 蓋付き	camp-dust-stand	1	4
rakuten	selectshop-one/gg087	ゴミ箱 折りたたみ 90L トラッシュボックス アウトドア 大容量 ポップアップ式 分別	camp-dust-stand	1	5
rakuten	selectshoptks/schlafsack01	HAWK GEAR(ホークギア) 寝袋 シュラフ マミー型 -15度耐寒 簡易防水 オールシーズン コンパクト	mummy-sleeping-bag	1	2
rakuten	share-style/ou01012	シェアスタイル カーサイドシェルター 330cm×350cm 耐水圧1500mm スカート付き 6人用 車用 オーニング	car-side-tarp	1	2
rakuten	share-style/ou01016	シェアスタイル ワンタッチ カーサイドシェルター 280cm×330cm 耐水圧2000mm スカート付き 簡単設営 車用	car-side-tarp	1	4
rakuten	shimachan-store/bw5116	折りたたみ電気ケトル 600ml シリコン製（空焚き防止）	portable-electric-kettle	1	2
rakuten	shop-west/coolb30l	ソフトクーラーボックス 30L 5層断熱 3WAY 折りたたみ コンパクト 軽量 保冷バッグ	camp-cooler-soft	1	2
rakuten	shop-west/hihukibou	ドットウエスト 火吹き棒 ふいご 天然木ハンドル 小型 収納袋付き 長さ調節	fire-blower	1	4
rakuten	shopworld/10139401	日立 ホットカーペット HHLU-S2020 2畳 176×176cm 本体	camp-hot-carpet	1	4
rakuten	shopworld/141510-141517	象印 スープジャー SW-LA40 クラウドグレー(400ml)	soup-jar-camp	1	2
rakuten	silvabond/compass1743670513	SILVABOND 山羊革 耐熱手袋 キャンプ グローブ 本革 耐熱3層構造 焚き火 BBQ 防寒兼用	winter-camp-gloves	1	4
rakuten	sincere-watch/relaxmrr	RELAX マルチレトロラジオ ブラック（1台7役・Bluetooth対応）	disaster-radio	1	5
rakuten	smile88/a03626	FIELDOOR ワンタッチタープテント 2.5m×2.5m スチール UVカット 撥水	fieldoor-tent;one-touch-tarp	2	4;2
rakuten	smile88/a03628	FIELDOOR ワンタッチタープテント 2.5m×2.5m サイドシート1枚付 横幕セット スチール UVカット 撥水	fieldoor-tent	1	1
rakuten	smile88/a03737	【楽天1位】アウトドアテーブル 折りたたみ ベンチ 2脚 セット 幅 90cm アルミ 軽量 レジャーテーブル アウトドア テーブル セット イス チェア ベンチ 分離 分割 タイプ ローテーブル ロータイプ キャンプ アウトドア 運動会 FIELDOOR 1年保証 ■[送料無料]	camp-table-folding;camp-table-set	2	4;1
rakuten	smile88/a05113	FIELDOOR ワンタッチテント 4人用 5人用 ヘキサゴン ドームテント 耐水圧1,500mm以上 UVカット	fieldoor-tent	1	5
rakuten	smile88/a10966	アウトドアテーブル 折りたたみ ベンチ 2脚 セット 幅 110cm アルミ 軽量 レジャーテーブル アウトドア テーブル セット イス チェア ベンチ 分離 分割 タイプ ローテーブル	camp-table-set	1	2
rakuten	smile88/a11327	【楽天1位】FIELDOOR アウトドア クッション マット 折りたたみ 180cm×60cm 厚手 厚さ2cm シングル 軽量 コンパクト 保温 断熱 キャンプ マット レジャーマット テント シュラフ 寝袋 車中泊に ディンプル加工 折りたたみレジャーマット 1年保証 ■[送料無料]	camp-sleeping-mat	1	4
rakuten	smile88/a12040	FIELDOOR タープテント ヘキサタープ Lサイズ 530cm×570cm 六角形 UVカット 高耐水 6〜8人用	hexa-tarp;large-tarp-recommend	2	4;4
rakuten	smile88/a13380	【楽天1位】テント 4人用 ドームテント 大型 5人用 6人用 キャンプテント UVカット キャノピー ポール 付 耐水圧 1,500mm以上 キャノピーテント フルクローズテント テント メッシュ 日よけ 組み立て式 FIELDOOR 1年保証 ★[送料無料]	group-camp-tent;large-tent-guide	2	5;3
rakuten	smile88/a13466	FIELDOOR 火消し袋 炭処理袋 30cm Sサイズ 容量4L グラスファイバー 難燃 耐熱	fire-extinguish-pot	1	5
rakuten	smile88/a13774	FIELDOOR アルミ製テントポール タープポール 2本セット 直径32mm 高さ80〜250cm スライド伸縮式 無段階調整	tarp-pole	1	4
rakuten	smile88/a14023	【楽天1位】タープ テント 530 x 570cm タープテント ヘキサタープ T/C ポリコットン Lサイズ 6 - 8人用 大型 テントポール ヘキサゴンタープ 収納バッグ付き 日よけ 防カビ 撥水 6人 7人 8人 ヘキサ 簡易テント アウトドア TC FIELDOOR 1年保証 ■[送料無料]	large-tent-guide	1	4
rakuten	smile88/a14340	アウトドアテーブル 幅60cm アルミ製 折りたたみ ローテーブル ロールテーブル 1年保証	low-style-table	1	5
rakuten	smile88/a14361	FIELDOOR レジャーテーブル ロールテーブル 90cm×60cm 木製 ウッド ローテーブル	low-style-table	1	3
rakuten	smile88/a14444	FIELDOOR アウトドアワゴン	outdoor-wagon	1	4
rakuten	smile88/a15622	FIELDOOR ポータブルチェア ローバック T/C カーキ ノーマル 座面高25cm	fireproof-chair	1	2
rakuten	smile88/a15623	FIELDOOR ポータブルチェア ミドルバック T/C カーキ ロータイプ 座面高23cm	fireproof-chair	1	3
rakuten	smile88/a15890	【楽天1位】FIELDOOR アウトドアテーブル 180cm/240cm 折りたたみ 三つ折り アルミ レジャーテーブル 長机 ワイド 大型 6人〜8人 対応 高さ調整 2段階 キャンプ バーベキュー BBQ イベント 運動会 作業台 屋外 屋内 軽量 コンパクト収納 大人数対応 1年保証 ■[送料無料]	group-camp-table	1	2
rakuten	smile88/a16776	FIELDOOR バーナースタンド 天然木 幅約150cm	outdoor-kitchen-table	1	4
rakuten	smile88/a18347	【楽天1位】キャンプ お買い得 4点セット （ファミリーテント+タープ+シート+ポール） 4人〜6人用 大型 キャンプテント ドームテント キャノピーテント フルクローズ 組み立て簡単 入門 初心者 エントリー アウトドア キャンプ FIELDOOR 1年保証 ■[送料無料]	day-camp-starter-set;family-camp-summer-tent	2	1;2
rakuten	smile88/a18495	【楽天1位】テント ソロテント フィールドキャンプドーム 100 1人用 210x105cm 軽量 コンパクト収納 36x16cm 前室 メッシュ フライシート インナーテント ダブルウォール キャノピー ツーリング ドームテント アウトドア FIELDOOR 1年保証 ■[送料無料]	mountain-tent-cheap	1	1
rakuten	smile88/a18851	FIELDOOR アルミ製テントポール タープポール 2本セット 直径28mm 高さ89〜230cm スライド伸縮式 無段階調整	tarp-pole	1	2
rakuten	sn-mart/snf52e1e14d1	[ディーオーディー] ウサンポクーラー（8） クーラーボックス ハード 8L 500mlペットボトル8本収納可能 軽量 ピクニック デイキャンプ	cooler-box-day-camp	1	3
rakuten	snailax-shop/24010	ポータブル電気ケトル 400ml AC100-240V海外対応	portable-electric-kettle	1	4
rakuten	snb-shop/hnx-1822221	Helinox ヘリノックス チェアワン Chair One	helinox-chair	1	1
rakuten	snb-shop/nanga-122	NANGA ナンガ NANGA Original Schlaf 460 オリジナルシュラフ レギュラー 別注 アウトドア キャンプ 登山 コンパクト ダウン 軽量 マミー型 寝袋 スリーピングバッグ 防災	nanga-sleeping-bag	1	5
rakuten	snowpeak-official/cs-207	スノーピーク(snow peak) マナイタセット M CS-207	folding-cutting-board	1	2
rakuten	snowpeak-official/es-101	スノーピーク セレス ES-101	snowpeak-lantern	1	2
rakuten	snowpeak-official/es-141	スノーピーク RBたねほおずき ES-141(ひぐれ)	snowpeak-lantern	1	4
rakuten	snowpeak-official/n-020	スノーピーク 火ばさみ N-020 トング ステンレス 木製ハンドル 永久保証	fire-tongs	1	1
rakuten	snowpeak-official/scs-020r	【スノーピーク 公式】【永久保証付】snowpeak アルミパーソナルクッカーセット SCS-020R クッカー 鍋 フライパン スタッキング 調理器具 食事 料理 調理 クッキング バーベキュー キャンプ アウトドア	camp-cooker-beginner;solo-camp-beginners-guide	2	2;5
rakuten	snowpeak-official/scs-020t	スノーピーク チタンパーソナルクッカーセット SCS-020T 永久保証	titanium-cooker	1	2
rakuten	snowpeak-official/sde-259	スノーピーク ランドネストドーム S SDE-259（2人用ドーム）	snowpeak-tent	1	2
rakuten	snowpeak-official/set-260	スノーピーク ランドネスト M テントタープセット SET-260	snowpeak-tent	1	3
rakuten	snowpeak-official/tp-259	スノーピーク ランドネストシェルター TP-259（2ルーム 4人用）	snowpeak-tent	1	5
rakuten	soho-accessories/sy-drp-sus-049-1	折りたたみ ステンレス コーヒードリッパースタンド R.A.N.	camp-coffee-dripper	1	5
rakuten	sonnenglas/10000000	ソネングラス 1000ml ソーラーLEDランタン	solar-lantern	1	5
rakuten	soppy/j302171	充電式扇風機 卓上 吊り下げ サーキュレーター コードレス アウトドア扇風機 静音 強力送風 キャンプ 20000mAh大容量 自動首振り 風量最大100段階 LEDライト タイマー 車中泊	camp-fan-summer	1	
rakuten	ssn/f602365	千吉 日本製 鉈 小型石付き エビ鉈 枝打ち 薪割り 薪割りナタ なた ナタ 両刃 全鋼 キャンプ 道具 携帯用	camp-nata	1	4
rakuten	st-service/ofbmax	Field to Summit フレイムストーブMAX OFBMAX 二次燃焼 焚き火台 ステンレス304 キャリーバッグ付	secondary-combustion-bonfire	1	1
rakuten	st-service/ofbmaxmi	Field to Summit フレイムストーブMAX MINI OFBMAXMI 二次燃焼 焚き火台 ステンレス キャリーバッグ付	secondary-combustion-bonfire	1	2
rakuten	st-service/ofcarc2	Field to Summit ライスクッカー 3合 OFCARC2 アルミ アルマイト 目盛付 ハンドル付	mestin-recommend	1	3
rakuten	st-service/ofhtong34	Field to Summit 薪ばさみ 34cm OFHTONG34 木製ハンドル 火ばさみ 炭ばさみ	fire-tongs	1	5
rakuten	store-megasports/30602403	Coleman(コールマン)パワーハウス LPツーバーナーストーブII	coleman-two-burner	1	5
rakuten	store-megasports/32380560	コールマン (Coleman) パッカウェイクッカーセット キャンプ用品 ファミリークックウェア 2000010530	camp-cooker-beginner	1	4
rakuten	store-megasports/36819357	コールマン 2500ノーススター LPガスランタン レッド 2000015521	coleman-lantern	1	1
rakuten	store-megasports/39653357	コールマン (Coleman) パワーハウスLPツーバーナーストーブII(レッド) キャンプ用品 ガスバーナー レッド 2000021950	coleman-two-burner	1	3
rakuten	store-megasports/54215769	コールマン ファイアディスク 2000031235	coleman-bonfire	1	1
rakuten	store-megasports/58968520	コールマン インフィニティチェア 2000033139	coleman-chair	1	2
rakuten	store-megasports/59267500	コールマン (Coleman) リゾートチェア(オリーブ) キャンプ用品 ファミリーチェア 2000033560	family-camp-chair	1	4
rakuten	store-megasports/61707774	コールマン (Coleman) マルチレイヤースリーピングバッグ 寝袋 封筒型 2000034777	coleman-sleeping-bag;washable-sleeping-bag	2	1;2
rakuten	store-megasports/69895894	Coleman(コールマン) 調味料入れ スパイスボックス	spice-box	1	2
rakuten	sukizuki/rkt-kfjmini	ミニ手挽きコーヒーミル（掃除ブラシ付き）	outdoor-coffee-mill	1	4
rakuten	sundaymountain/s06-1221	スノーピーク ランドネストM テントタープセット snow peak SET-260 テント タープ 初心者 初心者向け 簡単 3人用 4人用 おしゃれ キャンプ アウトドア	day-camp-starter-set	1	5
rakuten	sunshine-store/24008	ポータブル電気ケトル 400ml 100V 300W（低消費電力）	portable-electric-kettle	1	3
rakuten	supersportsxebio/105906861011	スノーピーク（snow peak） 焚火台グリルブリッジ M Grill Bridge ST-033GBR キャンプ バーベキュー	camp-bbq-grill	1	5
rakuten	supersportsxebio/108150596011	コールマン シールド30 リュック バックパック 30L 防水 撥水 2000037785	waterproof-backpack	1	4
rakuten	supersportsxebio/108311107011	ペツル ティカコア E067AA00(グレー)	petzl-headlight	1	3
rakuten	supersportsxebio/108756596011	BUNDOK イージーローコット BD-204 折りたたみ アウトドアベッド	family-camp-cot	1	4
rakuten	suports-kuiyouo/skittle1	アルコールストーブ バーナー（燃料ボトル付き）	alcohol-stove	1	4
rakuten	takemicorp/yk-kbm1	良木工房(YOSHIKI) 竹製 包丁まな板セット Mサイズ YK-KBM1	folding-cutting-board	1	1
rakuten	takemicorp/yoshiki_012	良木工房(YOSHIKI) 竹製 スパイスボックス キッチンペーパーホルダー付き	spice-box	1	4
rakuten	takemicorp/yoshiki_023	良木工房(YOSHIKI) 竹製 包丁まな板セット Lサイズ	folding-cutting-board	1	4
rakuten	tansu/1900002000	タンスのゲン 特大3×6m ワンタッチタープテント サイドシート付 大型 収納ケース付 アウトドア イベント 運動会 日よけ・日除け	large-tarp-recommend	1	1
rakuten	tansu/19000052	楽天1位 1年保証 2m / 3m タープテント ワンタッチ サイドシート 1枚 2枚 3mx3m 2m×2m 収納バッグ UV 耐水 ベンチレーション タープ テント サイドシート付 大型 テント 収納ケース コンパクト収納 日除け 日よけ 運動会 公園 庭 プール	group-camp-tent;large-tent-guide	2	2;2
rakuten	tansu/44400010	【24日20時~5％引クーポン】 ツールームテント 幅340cm 4〜6人用 テント 大型 アウトドア ファミリーテント 2ルームテント サイドウォール キャノピーポール インナーテント キャンプテント スクリーンテント ドームテント ファミリー キャンプ	two-room-tent-guide	1	5
rakuten	tansu/45600000	タンスのゲン RENEW ノーパンクワイドタイヤ キャリーワゴン	outdoor-wagon	1	5
rakuten	tansu/7980000000	タンスのゲン スポットクーラー 断熱ダクトカバー・窓パネル付	portable-cooler-aircon	1	2
rakuten	thnlight/18lreizou	ポータブル冷凍庫 18L/22L/25L/30L コンプレッサー式 -22℃〜10℃ USB給電 12V/24V AC/DC対応 PSE認証	portable-fridge	1	3
rakuten	threeup/ecs0814	THREEUP スポットクーラー 木目調 ダクト付き	portable-cooler-aircon	1	4
rakuten	tiger-online/mmj-a602	タイガー 真空断熱ボトル SAHARA 480/600ml	thermal-bottle	1	2
rakuten	timberridge/jp-tr-68015xl-og	TIMBER RIDGE リクライニングチェア 耐荷重160kg	infinity-chair	1	3
rakuten	timelessstore1/r3f-lanshan1s	3f ul gear Lanshan1 超軽量760g ソロ用テント ULテントTipi tent 登山テント 15Dナイロン　片面シリコンコーティング　耐水圧5000mm　1人 超軽量テント	lightweight-mountain-tent	1	2
rakuten	timelessstore1/rteci500gs	Teci 超軽量500g ソロ用テント ULテントTipi tent 登山テント 山岳テント 15Dナイロン　片面シリコンコーティング　耐水圧3000mm　1人 超軽量テント	lightweight-mountain-tent	1	3
rakuten	tmartr/b0d4yxf3vz	OriginTree キャンプ枕 エアーピロー 空気枕 高さ調節可能 人間工学デザイン 軽量 車中泊	camp-pillow	1	5
rakuten	togopower/tps-120	TogoPower ソーラーパネル 120W 折りたたみ式 単結晶 ETFE 急速充電 スタンド付き	solar-panel-folding	1	3
rakuten	tokyocamp/10000000	TokyoCamp 焚き火台 軽量 ミニ ソロ コンパクト 折りたたみ式 ソロキャンプ ファミリーキャンプ	bonfire-stand-solo	1	1
rakuten	tomount/10000009	TOMOUNT ベルテント TC Mサイズ(4×4×2.5m) ベージュ	winter-camp-tent	1	3
rakuten	tomount/10000076	TOMOUNT パップテント TC 軍幕 2人用 ポリコットン サイドウォール付き インナー付き 煙突穴付 4シーズン	pup-tent	1	2
rakuten	tomount/10000083	【TOMOUNT公式】 tomount テント ベルテント 5m ドーム型テント 通気 日除け 虫よけ tcテント 豪華型 ポリコットンテント 8〜10人用 ファミリーテント グランピング テント 薪ストーブ テント 大型 タープテント 防水 グループキャンプ	family-camp-tent	1	1
rakuten	tomount/8p-airtent	【TOMOUNT公式】TOMOUNT インフレータブルテント TC オックスフォード 素材別 エアーテント ポリコットン 大空間 ロッジ型テント キャンプテント 3～5人用 煙突穴付き ファミリーテント 簡単設営 アウトドアテント 日除け 遮熱 防水 虫よけ 初心者向け 320x250x 220cm	family-camp-tent	1	4
rakuten	tomount/nytent	【TOMOUNT公式】 TOMOUNT ソロテント 超軽量テント 1人用 2人用 ドームテント 20Dナイロン バックパックテント 二重層 耐水圧4000mm インナー付き 前室付き 日よけ 虫よけ 自立式 登山テント 自転車旅行 キャンプ アウトドアテント 2サイズあり【NY TENT】	mountain-camp-tent;solo-tent-beginner;solo-tent-lightweight	3	3;5;1
rakuten	tomount/pagonlin	【TOMOUNT公式】 TOMOUNT ソロテント 超軽量テント 1人用 20Dナイロン ドームテント 2ルームテント インナーテント付き バックパックテント 耐水圧3000mm 自立式 登山テント 自転車旅行 キャンプ アウトドア【Pagonlin Tent】	mountain-camp-tent	1	2
rakuten	tomount/triarc-tunnel-tent-v4	【TOMOUNT公式】TOMOUNT テント 2ルーム トンネルテント 防水 シルバーコーティング ファミリーテント サイドウォール付き キャンプ テント 4人用 耐水圧2500mm ツールームテント 日よけ 通気 コンパクト 収納袋付き 500x310x195cm 【TriArc Tunnel Tent V4】	family-camp-summer-tent;two-room-tent-guide	2	1;4
rakuten	tomount/trt-kako	【TOMOUNT公式】【新作】 TOMOUNT テント 2ルーム ツールームテント 日除け通気 インナー付き キャンプテント 2ルーム ファミリーテント 超大空間 トンネルテント 耐水圧2000mm オールシーズン テント 防水 585 x 315 x 195cm【TRT-KAKO】	family-camp-tent	1	3
rakuten	toppin/cj-2727	ogawa タッソ 1〜2人用 T/C サンドベージュ 2727	ogawa-tent	1	2
rakuten	torreya-shop/100000025	防災士監修 多機能防災ラジオ 5800mAh（AM/FM・ワイドFM対応）	disaster-radio	1	1
rakuten	tousenmizumoto/c-666	tousen 登山リュック 65L 大容量 防災リュック バックパック 防水 軽量 多機能	backpack-large	1	2
rakuten	tousenmizumoto/c-666-1	tousen 登山リュック 40〜60L 大容量 バックパック 防水 軽量 多機能 キャンプ用リュック	backpack-large;camp-backpack-beginner;waterproof-backpack	3	1;2;2
rakuten	townland/y-uw-3501	キャプテンスタッグ ハンディーコーヒーミルS UW-3501	outdoor-coffee-mill	1	2
rakuten	toyotomi-homeplus/ks-67h-b	トヨトミ 対流形石油ストーブ KS-67H(B)	camp-oil-stove	1	3
rakuten	translation-nag/mm253003152	26春夏 MAMMUT マムート メンズ レディース (ユニセックス) Lithium 30 2530-03152 30L バックパック バッグ ザック リュックサック 登山 アウトドア キャンプ	mountain-backpack-30l	1	4
rakuten	travel-depart/outdoor-7	リバーブセレクト ザックカバー ビッグサイズ（50L以上・1年保証）	backpack-rain-cover	1	3
rakuten	tuhan-ya-2/1986417	【送料無料】キャプテンスタッグ ラウンド グリルプレート 30cm UG-1592	camp-grill-plate	1	2
rakuten	umbrelland/co768	アルコールストーブ 五徳セット（収納袋付き）	alcohol-stove	1	3
rakuten	unicona/uc-0170	UNICONA ガイロープ テントロープ 4本セット 3mm×4m（反射材入り・自在金具付）	guy-rope-recommend	1	5
rakuten	unidy/107933	【長時間タイプ新登場】保冷剤 ハード Mサイズ Lサイズ XLサイズ 1個 2個セット 長時間 急速凍結 超低温 冷たさ長持ち アウトドア キャンプ バーベキュー スポーツ お弁当 防災 クーラーボックス 氷点下保冷剤 HUGEL アイリスオーヤマ HHK HHC HHT *	cooler-ice-pack	1	5
rakuten	united-shop01/b43erswmx3n5adhiqdcls75jyq	Coleman(コールマン) ツーリングドームエアー DARKROOM ST+(1~2人用)	air-frame-tent	1	1
rakuten	universalstreet/pegu30cm-8p	IWANO 鍛造ペグ 30cm 8本 日本製 カチオン電着塗装 サビに強い	forged-peg	1	2
rakuten	upi-outdoor/10000029	モーラナイフ コンパニオン カーボン	moraknife	1	3
rakuten	upi-outdoor/10000100	キャメロンズ ミニスモーカー Camerons	camp-smoker	1	3
rakuten	upi-outdoor/10000130	モーラナイフ コンパニオン ステンレス	moraknife	1	1
rakuten	upi-outdoor/10000132	モーラナイフ エルドリス ステンレス	moraknife	1	5
rakuten	upi-outdoor/10000133	モーラナイフ コンパニオン ヘビーデューティー ステンレス	moraknife	1	2
rakuten	upi-outdoor/10000151	モーラナイフ コンパニオン スパーク ステンレス	moraknife	1	4
rakuten	userlife/we-orimat-g8l-1	グランドエイトロング 銀マット 折りたたみ 3枚セット 95×285cm 厚さ8mm	closed-cell-mat	1	3
rakuten	utsunomiya/kkltn0321	LED ソーラーランタン 12灯（手回し充電・スタンドライト兼用）	solar-lantern	1	4
rakuten	vanilla-vague/ladbag001	絶対に濡れない 防水リュック メンズ 大容量 アウトドア対応 リフレクター付き	waterproof-backpack	1	1
rakuten	vanilla-vague/ladchair001	LAD WEATHER ラドウェザー アウトドアチェア ハイバック 折りたたみ コンパクト 収納袋付き ソロキャンプ	camp-chair-highback	1	5
rakuten	vanilla-vague/ladgloves009	ラドウェザー LAD WEATHER 防寒手袋 完全防水 3M高級中綿 スマートフォン対応	camp-gift;winter-camp-gloves;winter-camp-guide	3	2;1;10
rakuten	vanilla-vague/ladsheet005	キャンプ マット 車中泊 [ 極厚 10cm 撥水 1分で自動で膨らむ 22mmの大型バルブ 補修キット付き ] キャンプマット 車中泊マット マットレス エアーマット エアベッド エアマット ベッド 車 テント アウトドア 登山 キャンプ用品 防災 グッズ LAD WEATHER ラドウェザー	car-camp-bed-kit;mountain-camp-mat	2	1;4
rakuten	vanilla-vague/ladsheet006	キャンプ マット キャンプ用品 [ アルミコーティングで熱を逃がさない オールシーズン使えるリバーシブル 凹凸で体圧を分散 ] テント アウトドア マット レジャーマット 寝袋 マット 防災 グッズ アウトドアマット 登山 登山用品 登山グッズ LAD WEATHER ラドウェザー	mountain-camp-mat	1	2
rakuten	vanilla-vague/ladtable002	LAD WEATHER 折りたたみテーブル 超軽量 アルミ製 ローテーブル コンパクト 収納袋付き	low-style-table	1	2
rakuten	vanilla-vague/ladtable004	LAD WEATHER ラドウェザー 焚き火台 軽量767g A4サイズ ステンレス製 受け皿・収納袋つき ソロキャンプ	bonfire-stand-solo	1	5
rakuten	vanilla-vague/ledmaster003	驚異の明るさ1,000ルーメン！LEDランタン 防滴 防塵 電池式 乾電池式 LED ランタン LEDライト/防災/防災グッズ/キャンプ用品 アウトドア用品 LAD WEATHER ラドウェザー 送料無料	camp-lantern-led	1	3
rakuten	vanilla-vague/ledmaster013	ヘッドライト 充電式 超軽量42g センサー搭載のLEDヘッドライト IP44 防塵・防水 LED ライト USB充電 小型 強力 高輝度 防災 災害 グッズ キャンプ アウトドア 登山 アウトドア用品 キャンプ用品 釣り 作業用 散歩 林業 農業 LAD WEATHER ラドウェザー	camp-headlight-beginner	1	5
rakuten	vanilla-vague/ledmaster014	LAD WEATHER 防災ラジオ ブラック（AM/FM・ソーラー＋手回し＋乾電池）	disaster-radio	1	3
rakuten	variety-world/electric-fan	アウトドア 扇風機 自動首振り 充電式 DCモーター 軽量 低騒音 リモコン付き タイマー 風量4段階調節 LEDライト 卓上 スタンド式 壁掛け 吊り下げ 20000mAh PSE認証済み	camp-fan-summer	1	
rakuten	vastland/2019-0202-1	VASTLAND ランタンスタンド ランタンハンガー 高さ75cm〜215cm アルミ製 収納バッグ付き	lantern-stand	1	2
rakuten	vastland/vl0009-1	VASTLAND 火吹き棒 火起こし器 ふいご 伸縮6段式 カラビナ収納ケース付き	fire-blower	1	2
rakuten	vastland/vl0025-1	VASTLAND タープポール テントポール アルミ 2本セット 280cm 直径33mm 8段階調節 収納バッグ付き	tarp-pole	1	1
rakuten	vastland/vl0112-1	VASTLAND ホットサンドメーカー シングル 直火式 燕三条製	hot-sandwich-maker	1	3
rakuten	vastland/vl0160-1	VASTLAND インフレーターマット 厚さ 8cm	mountain-camp-mat	1	3
rakuten	vastland/vl0246-1	VASTLAND オイルランタン	oil-lantern	1	1
rakuten	vastland/vl0250-1	VASTLAND ホットサンドメーカー シングル 直火・IH対応 着脱式 フッ素樹脂加工	hot-sandwich-maker	1	1
rakuten	vastland/vl0257-1	VASTLAND キャンプケトル アウトドアケトル やかん 1.3L アルミ 直火対応	camp-kettle-recommend	1	2
rakuten	vastland/vl0259-1	VASTLAND クッカー 4点セット アルミ キャンプ用 コッヘル 調理器具 鍋 収納袋付き	camp-cooker-beginner	1	3
rakuten	vastland/vl0260-1	VASTLAND グランドシート テントシート 耐水圧5,000mm 無段階調節コード	vastland-tent	1	1
rakuten	vastland/vl0267-1	VASTLAND TCヘキサタープ 420cm×420cm ポリコットン 難燃素材 ポール ペグ 自在ロープ 延長ベルト 収納袋付き オールインワンセット	hexa-tarp	1	3
rakuten	vastland/vl0288-1	VASTLAND トンネルテント Sサイズ 3人用 ファミリーテント 前室 キャノピー メッシュドア スカート付き	vastland-tent	1	3
rakuten	vastland/vl0300-1	VASTLAND TCレクタタープ スクエア型 Lサイズ 500cm×500cm	tc-tarp-takibi	1	2
rakuten	vastland/vl0361-1	VASTLAND 2ルームドームテント Mサイズ 5人用 簡単設営 シェルター ファミリーテント	vastland-tent	1	2
rakuten	vastland/vl0441-1	VASTLAND トンネルテント Mサイズ 5人用 ファミリーテント 前室 キャノピー メッシュドア スカート付き	vastland-tent	1	1
rakuten	vastland/vl0453-1	VASTLAND アイスコンテナ 1.9L 3.8L キャンプ用 氷入れ 水筒 保冷 真空断熱	water-jug	1	3
rakuten	vastland/vl0523-1	VASTLAND TCティピーテント ソロ 1人用 ポリコットン ワンポールテント 二又化キャップ 前室 スカート ベンチレーション付き	vastland-tent	1	4
rakuten	vastland/vl0580-1	VASTLAND カンガルーテント インナーテント 一人用 ソロテント メッシュタイプ	inner-tent-kangaroo	1	5
rakuten	ventlax/10000009	VENTLAX TAKIBI TONGS 焚火トング 火ばさみ 薪ばさみ	fire-tongs	1	3
rakuten	veryfast/bs-1233	【最大5,000円OFF！27日1:59まで】DOD クーラーバッグ ソフトクーラーバッグ 23Lサイズ ソフトクーラー デイキャンプ BBQ ドリンク 食材 保冷 運搬 アウトドア キャンプ ソフトくらお（23） CL2-732-TN タン	cooler-box-day-camp;day-camp-cooler-box	2	5;5
rakuten	veryfast/bs-1417	【最大5,000円OFF！27日1:59まで】DOD テント ポップアップテント デイキャンプ ワンタッチテント ポップアップ 組立簡単 日差しブロック UVカット加工 キャリーバッグ ペグ付属 キャンプ アウトドア マエバーン T2-073-TN タン	day-camp-tent	1	4
rakuten	vision-stores/45gswly7brverttjcurtdxdlue	Clostnature グランドシート 防水防湿 2/4/6人用	ground-sheet	1	5
rakuten	visionshop/out-yz001	インフィニティチェア ヘッドレスト付 1人掛け	infinity-chair	1	4
rakuten	visionshop/out-yz003	＼サンキュー39％OFFクーポン実施中／アウトドアチェア 折りたたみ 椅子 チェア 2脚 4脚 セット木目 ローチェア 簡単組立 キャンプ イス アウトドア 背もたれ付 バーベキュー ファミリー 公園 運動会 レジャー 屋外 室内 おしゃれ 送料無料	family-camp-chair	1	1
rakuten	waabbit/fork_4p	トライタン製 折れないフォーク 5本組	camp-cutlery	1	4
rakuten	wake/co-alarm	一酸化炭素 警報器 COアラーム（シンプル表示）	co-checker	1	3
rakuten	waqoutdoor/waq-fwc1	WAQ フォールディングウッドチェア WAQ-FWC1 木製チェア コンパクトチェア 折りたたみ	waq-chair	1	2
rakuten	waqoutdoor/waq-hpa1	WAQ High Power Air Pump WAQ-HPA1 TAN(タン)	camp-air-pump	1	3
rakuten	waqoutdoor/waq-m8set-p	【お得なセット価格】インフレータブルマット 8cm キャンプマット マットピローセット キャンプ用まくら ピロー 自動膨張 連結 インフレータブル	family-camp-mat	1	5
rakuten	waqoutdoor/waq-rcc1	WAQ リラクシング コンフォートチェア リクライニングチェア 無段階調整 ハイタイプ ハイバック	waq-chair	1	4
rakuten	waqoutdoor/waq-rcp1	WAQ RELAXING PILLOW キャンプ用まくら 自動膨張式 連結 インフレータブル 1年保証	camp-pillow	1	2
rakuten	waqoutdoor/waq-rlc1	WAQ Reclining Low Chair リクライニングローチェア WAQ-RLC1 チャコール	low-style-chair;waq-chair	2	1;1
rakuten	waqoutdoor/waq-rlc1hb	WAQ リクライニングローチェア ハイバック WAQ-RLC1HB アイアン ドリンクホルダー付き	waq-chair	1	3
rakuten	waqoutdoor/waq-rlc2	WAQ リクライニングローチェア 2脚セット WAQ-RLC2 アイアン ドリンクホルダー付き	waq-chair	1	5
rakuten	waqoutdoor/waq-scbm1	WAQ SOFT COOLER BOX (M) 42L ソフトクーラーボックス ファミリーキャンプ用 4-5人用	camp-cooler-soft	1	1
rakuten	waqoutdoor/waq-tcft1	WAQ Alpha TC アルファ TC/FT WAQ-TCFT1 ファミリー用テント ソロテント シェルター ティピテント ワンポールテント 【1年保証】	family-camp-summer-tent;family-camp-tent	2	5;5
rakuten	waqoutdoor/waq-tct1	WAQ Alpha TC アルファ TC ソロテント ティピテント シェルター 1年保証	one-pole-tent	1	3
rakuten	waqoutdoor/waq-tm1	WAQ チタンマグカップ 450ml	camp-gift;titanium-mug	2	3;1
rakuten	waqoutdoor/waq-ty1	WAQ 焚き火台-YAGURA- 鉄製アイアン	low-style-bonfire	1	4
rakuten	waqoutdoor/waq-w1	WAQ アウトドアワゴン（容量106L・耐荷重150kg）	outdoor-wagon	1	2
rakuten	weiwei/a61120	レジャーテーブル セット 折りたたみ テーブル チェア 4脚 セット 幅 120cm レジャー テーブル イス アウトドア テーブル セット チェア キャンプ お花見 運動会 防災グッズ MERMONT	camp-table-set	1	3
rakuten	weiwei/a61b	【クーポンで5%OFF】【楽天1位】アウトドア テーブル キャンプテーブル 折りたたみ アルミテーブル 軽量 折りたたみテーブル キャンプ バーベキュー テーブル レジャーテーブル アウトドア 高さ調節 伸縮 コンパクト BBQ おしゃれ 車中泊 MERMONT 送料無料	camp-table-folding	1	1
rakuten	weiwei/odsbfl	インナーシュラフ 毛布 寝袋 インナー シュラフ ブランケット アウトドア 車中泊 洗える	sleeping-bag-liner	1	5
rakuten	weiwei/odsbps	封筒型 寝袋 選べる4タイプ 最大限界温度-15/-5/5度 連結可能 撥水 洗える	rectangle-sleeping-bag;sleeping-bag-summer-cospa	2	5;1
rakuten	whatnot/4981325536145	ロゴス Tradcanvas Q-TOP リバイバルSOLO DOME-BA 71805587	logos-tent	1	4
rakuten	wide02/76961	クマザキエイム マルチライスクッカー MC-107R レッド×シャンパンゴールド 0.5〜2.5合炊き	camp-rice-cooker	1	5
rakuten	wild-1/4988325120909	テンマクデザイン(tent-Mark DESIGNS) モノポールインナーテント メッシュ カンガルーテント フルメッシュ	inner-tent-kangaroo	1	1
rakuten	wild-1/4988325126338	テンマクデザイン サーカスTC DX+ ワンポールテント 2〜4人用 ポール付き 防水 防風 遮光	one-pole-tent;winter-camp-tent	2	1;2
rakuten	wins-shop/sp-mg-143	スノーピーク チタンシングルマグ 450	titanium-mug	1	2
rakuten	workerbee/7572	レインウェア 上下 メンズ レディース レインスーツ カッパ 雨具 ウィンドブレーカー おしゃれ 軽い 蒸れにくい 通勤 通学 ストレッチ 透湿 防水 撥水 自転車 バイク 軽量 登山 ゴルフ 釣り 高校生 送料無料 7572 4WAYストレッチシールドEX	camp-rainwear	1	3
rakuten	xinqianchao/rk0042	ポリコットン ヘキサタープ 焚火タープ 防水 軽量 5m延長ベルト付き 遮熱性 耐火性 サンシェード	hexa-tarp;tc-tarp-takibi	2	5;5
rakuten	yamakishi/11272779	ホンマ製作所 ステンレス時計1型薪ストーブセット	tent-wood-stove	1	3
rakuten	yamakishi/21113611	ホンマ製作所 クッキングストーブ 釜戸時計型 RS-41	tent-wood-stove;winter-camp-guide	2	1;5
rakuten	yamakishi/35773184	ホンマ製作所 時計1型 薪ストーブ ガラス窓付き	tent-wood-stove	1	2
rakuten	yamatoasobu/alcb180	Albatre アルバートル マルチクーラーバッグ 18L AL-CB180 15mm厚断熱材 5層構造 底板付き	camp-cooler-soft	1	3
rakuten	yazawa/4947237830160	YAZAWA 防水スプレー 420ml 1本 大容量 テント バッグ 革製品兼用	tent-waterproof-spray	1	3
rakuten	yeppuda/10000637	ザ・ノース・フェイス ボレアリス BOREALIS II	northface-backpack	1	5
rakuten	yiprefer/outdoor-012	Soomloom タープポール テントポール アルミ製 2本セット 直径28mm 高さ60〜240cm 4段階調整 ビッグタープ対応	tarp-pole	1	3
rakuten	yiprefer/outdoor-015	Soomloom パラコード ガイロープ 全長50m（反射材付き・2〜6mmから選択）	guy-rope-recommend	1	2
rakuten	yiprefer/outdoor-023	Soomloom ダウン 寝袋 マミー型 650FP 0〜-20℃対応 軽量 コンパクト シュラフ キャンプ 登山 アウトドア	sleeping-bag-temperature-guide	1	5
rakuten	yiprefer/outdoor-028	Soomloom キャンプマット アルミ シングル ブルー IXPE素材	closed-cell-mat	1	5
rakuten	yiprefer/outdoor-0640102	SoomLoom パップテント ノーマル/ビッグサイズ 軍幕 TC素材 ポリコットン ソロテント 防風防雨	pup-tent	1	3
rakuten	yiprefer/outdoor-0980101	Soomloom Adranus レクタタープ TCポリコットン 3.0m×3.85m	tc-tarp-takibi	1	1
rakuten	yiprefer/outdoor-158-a	Soomloom 2Wayランタン Helio5000	camp-gift;camp-lantern-led;family-camp-lantern	3	5;1;4
rakuten	yiprefer/outdoor-305	Soomloom ハーフユニット焚き火台 SparkJarr 卓上 二次燃焼 折りたたみ IGTテーブル対応	secondary-combustion-bonfire	1	4
rakuten	ymbstore/backpack01	バックパック 80L リュックサック メンズ レディース キャンプ HAWK GEAR (ホークギア) 防水 大容量 海外旅行 レインカバー付き アウトドア 防災 災害 登山 旅行 レインカバー ザック 軽量 かわいい ミリタリー おすすめ 送料無料	camp-backpack-beginner	1	3
rakuten	ymbstore/backpack02	バックパック 55L リュックサック メンズ レディース キャンプ HAWK GEAR (ホークギア) 防水 大容量 海外旅行 レインカバー付き アウトドア 防災 災害 登山 旅行 レインカバー ザック 軽量 かわいい ミリタリー おすすめ ソロキャン 送料無料	camp-backpack-beginner	1	4
rakuten	ymbstore/campfreaks-tano-b	焚き火台 焚火台 軽量 ミニ 焚火 ソロ コンパクト 日本製 おしゃれ ファイアグリル キャンプ アウトドア ソロキャンプ BBQ バーベキュー CAMP FREAKS. Tano-b	camp-bbq-grill	1	1
rakuten	ymbstore/outdoor-chair	＼めざましテレビで紹介されました！／ アウトドアチェア キャンプ椅子 キャンプチェア 軽量 折りたたみ椅子 アウトドア チェア コンパクト アルミ キャンプ 運動会 椅子 イス キャンプ椅子 携帯 送料無料 超軽量 YMBSTORE ハンモック オシャレ ロータイプ チェアリング	camp-chair-lightweight	1	1
rakuten	ymbstore/schlaf20200308-02	HAWK GEAR(ホークギア) 寝袋 シュラフ 耐寒温度-15℃ マミー型 洗える オールシーズン コンパクト	mummy-sleeping-bag;sleeping-bag-temperature-guide	2	3;4
rakuten	yminfo/10020145	エリッゼステーク 28cm 8本セット 黒カチオン電着塗装 MK-280K×8 S55C 楕円棒	forged-peg	1	1
rakuten	yminfo/10020148	エリッゼステーク 28cm 5本セット 黒カチオン電着塗装 MK-280K×5 S55C 楕円棒	forged-peg	1	3
rakuten	yminfo/10020522	村の鍛冶屋 蓄光反射ガイロープ TGR-4Jset 5mm×4m 4本（自在金具付）	guy-rope-recommend	1	3
rakuten	yminfo/10020525	村の鍛冶屋 ペグ収納マルチコンテナボックス	gear-storage-box	1	4
rakuten	yminfo/10040001	村の鍛冶屋 エリッゼステーク アルティメットハンマー	peg-hammer	1	1
rakuten	yminfo/10040056	TSBBQ ライトステンレス ダッチオーブン 10インチ ミラー仕上げ TSBBQ-005 オール熱源対応 燕三条製	dutch-oven	1	1
rakuten	yminfo/10040115	村の鍛冶屋 ステンレス キャンプカトラリー 3本セット	camp-cutlery	1	3
rakuten	yminfo/4937769500648	TSBBQ ライトステンレス ハーフダッチオーブン 10インチ 浅型 ミラー仕上げ TSBBQ-029 オール熱源対応 燕三条製	dutch-oven	1	5
rakuten	yoler/yr-fwbag	YOLER 薪バッグ 防水帆布 大容量 薪ケース	log-carrier	1	4
rakuten	yoler/yr-mt306	YOLER 焚き火テーブル マルチスタンド メッシュ	takibi-table	1	4
rakuten	yoler/yr-tkb01	二次燃焼型 焚き火台 ガラス窓 二層壁構造 五徳・収納袋付き 30×14×23.5cm	secondary-combustion-bonfire	1	3
rakuten	yoshikip2/e061ab0x	ペツル ティカ E061AB(ブラック)	petzl-headlight	1	2
rakuten	yoshikip2/e065ab0x	ペツル アクティックコア E065AB(ブラック)	petzl-headlight	1	1
rakuten	yugakujin/d3204423	ドイター レース エアー 14+3 自転車 リュック	deuter-backpack	1	2
rakuten	yugakujin/d6810024	ドイター ルガーノ 20 DEUTER デイパック	deuter-backpack	1	3
rakuten	yugakujin/d6810124	ドイター オルチャ 25 DEUTER デイパック	deuter-backpack	1	1
rakuten	yumekatokyo/n508p367143	限定30枚7％クーポン★【8−10人超大型BBQコンロ 焚き火台 兼用】BBQコンロ バーベキュー ファイヤーピット 焚き火台 バーベキューコンロ 焚火台 大型焚火 ファミリーキャンプ キャンプ キャンプグッズ 大型 二次燃焼 BBQ BBQコンロ 焚き火台 兼用	family-camp-bbq	1	3
rakuten	yuzuriha-shop/20250505160912_163	尾上製作所(ONOE) イヴォルブバーベキューコンロ-65HL EV-65HL 1台 M高さ調整可(網29×61cm) 焚き火台 グリル BBQ コンロ キャンプ用品	camp-bbq-grill	1	4
rakuten	zakkanetonline-trans/ts-1655	缶ホルダークーラー 350ml 真空断熱二重構造（エントリーモデル）	insulated-tumbler	1	5
rakuten	zen-camps/ash-carry-m	ZEN Camps 火消し袋 アッシュキャリー Mサイズ 幅29×高32cm 耐熱 難燃 炭処理袋	fire-extinguish-pot	1	1
rakuten	zen-camps/black-sheet	ZEN Camps 焚き火シート スパッタシート 95cm×60cm 防炎 耐火 耐熱 ブラック	bonfire-sheet	1	1
rakuten	zen-camps/camping-glove	ZEN Camps 耐熱 手袋 グローブ 耐熱グローブ キャンプグローブ 焚き火グローブ 革手袋 作業手袋 耐火グローブ キャンプ アウトドア BBQ 焚き火 耐熱性	fireproof-gloves	1	2
rakuten	zen-camps/fire_blower_pipe_mini	ZEN Camps 火吹き棒 ふいご ファイヤーブラスター 真鍮 アルミパイプ 伸縮式	fire-blower	1	3
rakuten	zen-camps/fire-scissors	ZEN Camps 火ばさみ 薪バサミ 折りたたみトング 伸縮式 ステンレス コンパクト	fire-tongs	1	4
rakuten	zen-camps/ground_sheet	ZEN Camps グランドシート 帆布 パラフィン（ロウ引き）加工	ground-sheet	1	3
rakuten	zen-camps/pillow	ZEN Camps キャンプ枕 空気枕 エアピロー インフレータブル 携帯枕 コンパクト 軽量	camp-pillow	1	3
rakuten	zukk-camp/pb-log-carrier	ZUKK 薪バッグ 本革×極厚帆布 ログキャリー	log-carrier	1	5
